{
  "400303": "kz-halyk",
  "400541": "kz-halyk",
  "400550": "kz-halyk",
  "401624": "kz-halyk",
  "401662": "kz-halyk",
  "402134": "kz-centercredit",
  "402135": "kz-nurbank",
  "402171": "kz-nurbank",
  "403167": "kz-halyk",
  "403248": "kz-halyk",
  "403259": "kz-eurasian",
  "403535": "kz-halyk",
  "403562": "kz-halyk",
  "404242": "kz-forte",
  "404243": "kz-forte",
  "404244": "kz-forte",
  "404245": "kz-forte",
  "404363": "kz-halyk",
  "404917": "kz-sberbank",
  "405255": "kz-atf",
  "405256": "kz-atf",
  "405257": "kz-atf",
  "405258": "kz-atf",
  "405263": "kz-atf",
  "405465": "kz-bta",
  "405709": "kz-eurasian",
  "405772": "kz-halyk",
  "407262": "kz-alfa",
  "409273": "kz-alfa",
  "409663": "kz-eurasian",
  "409872": "kz-nurbank",
  "410708": "kz-bta",
  "410726": "kz-bta",
  "410727": "kz-bta",
  "410728": "kz-bta",
  "410729": "kz-bta",
  "410799": "kz-bta",
  "412464": "kz-eurasian",
  "413265": "kz-halyk",
  "414621": "kz-halyk",
  "414622": "kz-halyk",
  "414623": "kz-halyk",
  "415602": "kz-halyk",
  "416443": "kz-halyk",
  "417660": "kz-kaspi",
  "417661": "kz-kaspi",
  "417662": "kz-kaspi",
  "417663": "kz-kaspi",
  "417664": "kz-kaspi",
  "417779": "kz-halyk",
  "417803": "kz-atf",
  "419394": "kz-sberbank",
  "419801": "kz-halyk",
  "420363": "kz-sberbank",
  "420364": "kz-sberbank",
  "422126": "kz-halyk",
  "422191": "kz-halyk",
  "422192": "kz-halyk",
  "422427": "kz-kaspi",
  "422440": "kz-centercredit",
  "422611": "kz-forte",
  "423208": "kz-atf",
  "424467": "kz-halyk",
  "425680": "kz-bta",
  "425699": "kz-bta",
  "425889": "kz-nurbank",
  "426343": "kz-sberbank",
  "426344": "kz-sberbank",
  "426345": "kz-sberbank",
  "426346": "kz-sberbank",
  "426668": "kz-atf",
  "426736": "kz-alfa",
  "426737": "kz-alfa",
  "426738": "kz-alfa",
  "426739": "kz-alfa",
  "426903": "kz-alfa",
  "426904": "kz-alfa",
  "427067": "kz-alfa",
  "427272": "kz-forte",
  "427273": "kz-forte",
  "427274": "kz-forte",
  "427704": "kz-halyk",
  "427717": "kz-halyk",
  "427764": "kz-atf",
  "428790": "kz-centercredit",
  "429017": "kz-sberbank",
  "429438": "kz-eurasian",
  "429439": "kz-eurasian",
  "429440": "kz-eurasian",
  "429556": "kz-halyk",
  "429964": "kz-alfa",
  "429969": "kz-alfa",
  "430273": "kz-forte",
  "431253": "kz-atf",
  "431433": "kz-halyk",
  "431879": "kz-atf",
  "433317": "kz-atf",
  "433318": "kz-atf",
  "433319": "kz-atf",
  "439087": "kz-halyk",
  "439088": "kz-halyk",
  "439985": "kz-eurasian",
  "439986": "kz-eurasian",
  "439987": "kz-eurasian",
  "439988": "kz-eurasian",
  "440125": "kz-nurbank",
  "440126": "kz-nurbank",
  "440127": "kz-nurbank",
  "440128": "kz-nurbank",
  "440254": "kz-halyk",
  "440256": "kz-halyk",
  "440257": "kz-halyk",
  "440258": "kz-halyk",
  "440259": "kz-halyk",
  "440562": "kz-halyk",
  "440563": "kz-halyk",
  "440564": "kz-halyk",
  "440565": "kz-halyk",
  "442464": "kz-sberbank",
  "442477": "kz-sberbank",
  "442478": "kz-sberbank",
  "442479": "kz-sberbank",
  "444482": "kz-bta",
  "446372": "kz-centercredit",
  "446373": "kz-centercredit",
  "446374": "kz-centercredit",
  "446375": "kz-centercredit",
  "446929": "kz-sberbank",
  "447176": "kz-halyk",
  "447178": "kz-halyk",
  "447704": "kz-halyk",
  "447705": "kz-halyk",
  "447706": "kz-halyk",
  "450286": "kz-halyk",
  "452440": "kz-halyk",
  "453571": "kz-centercredit",
  "457436": "kz-forte",
  "457437": "kz-forte",
  "457438": "kz-forte",
  "457439": "kz-forte",
  "457441": "kz-forte",
  "457832": "kz-sberbank",
  "457833": "kz-sberbank",
  "457834": "kz-sberbank",
  "457835": "kz-sberbank",
  "457836": "kz-sberbank",
  "457868": "kz-halyk",
  "457930": "kz-alfa",
  "462000": "kz-atf",
  "462522": "kz-vtb",
  "462523": "kz-vtb",
  "462780": "kz-halyk",
  "462781": "kz-halyk",
  "462818": "kz-centercredit",
  "462819": "kz-centercredit",
  "466708": "kz-centercredit",
  "466720": "kz-centercredit",
  "467560": "kz-halyk",
  "467561": "kz-halyk",
  "467562": "kz-halyk",
  "470639": "kz-halyk",
  "470640": "kz-halyk",
  "471271": "kz-kaspi",
  "474807": "kz-vtb",
  "474808": "kz-vtb",
  "474809": "kz-vtb",
  "475156": "kz-halyk",
  "475771": "kz-halyk",
  "476283": "kz-halyk",
  "476284": "kz-halyk",
  "478687": "kz-halyk",
  "479068": "kz-atf",
  "483778": "kz-vtb",
  "484197": "kz-atf",
  "484634": "kz-centercredit",
  "485634": "kz-halyk",
  "486390": "kz-kaspi",
  "489331": "kz-vtb",
  "489332": "kz-vtb",
  "489333": "kz-vtb",
  "489334": "kz-vtb",
  "489335": "kz-vtb",
  "489351": "kz-vtb",
  "489988": "kz-centercredit",
  "489992": "kz-centercredit",
  "489993": "kz-centercredit",
  "490472": "kz-halyk",
  "497149": "kz-atf",
  "510145": "kz-halyk",
  "510445": "kz-centercredit",
  "511574": "kz-vtb",
  "512095": "kz-atf",
  "512356": "kz-vtb",
  "512496": "kz-halyk",
  "512752": "kz-halyk",
  "512769": "kz-atf",
  "512801": "kz-halyk",
  "513223": "kz-forte",
  "515453": "kz-altyn",
  "515627": "kz-sberbank",
  "516730": "kz-altyn",
  "516948": "kz-kaspi",
  "516949": "kz-kaspi",
  "516979": "kz-sberbank",
  "517327": "kz-altyn",
  "517511": "kz-halyk",
  "520376": "kz-altyn",
  "520418": "kz-centercredit",
  "524345": "kz-halyk",
  "524354": "kz-forte",
  "525752": "kz-forte",
  "526994": "kz-eurasian",
  "529818": "kz-eurasian",
  "530180": "kz-sberbank",
  "530496": "kz-eurasian",
  "530935": "kz-forte",
  "531328": "kz-forte",
  "532424": "kz-sberbank",
  "532427": "kz-forte",
  "532456": "kz-altyn",
  "532483": "kz-sberbank",
  "534180": "kz-forte",
  "535188": "kz-altyn",
  "535288": "kz-atf",
  "535451": "kz-halyk",
  "535541": "kz-sberbank",
  "536532": "kz-altyn",
  "536685": "kz-forte",
  "537825": "kz-atf",
  "539144": "kz-sberbank",
  "539215": "kz-sberbank",
  "539894": "kz-nurbank",
  "540813": "kz-halyk",
  "542364": "kz-altyn",
  "542384": "kz-forte",
  "542762": "kz-sberbank",
  "543271": "kz-altyn",
  "544772": "kz-centercredit",
  "546875": "kz-halyk",
  "546876": "kz-halyk",
  "547089": "kz-halyk",
  "547414": "kz-altyn",
  "547752": "kz-forte",
  "547844": "kz-sberbank",
  "547856": "kz-forte",
  "548000": "kz-halyk",
  "548318": "kz-halyk",
  "548319": "kz-halyk",
  "548763": "kz-nurbank",
  "548828": "kz-centercredit",
  "549831": "kz-halyk",
  "549842": "kz-altyn",
  "552204": "kz-halyk",
  "553089": "kz-halyk",
  "553107": "kz-atf",
  "553481": "kz-nurbank",
  "557834": "kz-halyk",
  "558291": "kz-halyk",
  "559958": "kz-kaspi",
  "623357": "kz-halyk",
  "676200": "kz-halyk",
  "676204": "kz-halyk",
  "676205": "kz-halyk",
  "676414": "kz-halyk",
  "677252": "kz-atf",
  "677282": "kz-forte",
  "677324": "kz-nurbank",
  "677643": "kz-forte",
  "677650": "kz-sberbank",
  "677679": "kz-centercredit"
}