{
  "377515": "ua-raiffeisen",
  "400629": "ua-pivdenny",
  "401800": "ua-ukrgasbank",
  "402631": "ua-ukrgasbank",
  "402632": "ua-ukrgasbank",
  "402633": "ua-ukrgasbank",
  "402634": "ua-ukrgasbank",
  "402808": "ua-alfa",
  "402889": "ua-universal",
  "402961": "ua-pivdenny",
  "402962": "ua-pivdenny",
  "402963": "ua-pivdenny",
  "402964": "ua-pivdenny",
  "403304": "ua-raiffeisen",
  "403471": "ua-ukrgasbank",
  "403520": "ua-ukrexim",
  "404020": "ua-pivdenny",
  "404275": "ua-pravex",
  "404287": "ua-universal",
  "404764": "ua-pravex",
  "405247": "ua-pravex",
  "406337": "ua-ukrexim",
  "406622": "ua-alfa",
  "406759": "ua-otp",
  "406760": "ua-otp",
  "406788": "ua-otp",
  "406980": "ua-ukrgasbank",
  "407360": "ua-ukrsibbank",
  "407361": "ua-ukrsibbank",
  "407362": "ua-ukrsibbank",
  "407363": "ua-ukrsibbank",
  "407364": "ua-ukrsibbank",
  "407365": "ua-ukrsibbank",
  "407366": "ua-ukrsibbank",
  "407367": "ua-ukrsibbank",
  "407368": "ua-ukrsibbank",
  "409089": "ua-pravex",
  "409388": "ua-pravex",
  "409624": "ua-pravex",
  "409625": "ua-pravex",
  "409879": "ua-pravex",
  "409880": "ua-pravex",
  "409881": "ua-pravex",
  "410232": "ua-alfa",
  "410242": "ua-alfa",
  "410243": "ua-alfa",
  "410244": "ua-alfa",
  "410245": "ua-alfa",
  "410246": "ua-alfa",
  "410247": "ua-alfa",
  "410336": "ua-otp",
  "410337": "ua-otp",
  "410653": "ua-privat",
  "411749": "ua-otp",
  "411948": "ua-agricol",
  "411997": "ua-raiffeisen",
  "413051": "ua-privat",
  "413062": "ua-raiffeisen",
  "413416": "ua-tascom",
  "413417": "ua-tascom",
  "413418": "ua-tascom",
  "414939": "ua-privat",
  "414943": "ua-privat",
  "414949": "ua-privat",
  "414950": "ua-raiffeisen",
  "414951": "ua-raiffeisen",
  "414952": "ua-raiffeisen",
  "414953": "ua-raiffeisen",
  "414960": "ua-privat",
  "414961": "ua-privat",
  "414962": "ua-privat",
  "414963": "ua-privat",
  "415840": "ua-ukrgasbank",
  "416954": "ua-otp",
  "416955": "ua-otp",
  "417232": "ua-ukrsibbank",
  "417395": "ua-agricol",
  "417649": "ua-privat",
  "418837": "ua-raiffeisen",
  "418844": "ua-raiffeisen",
  "420470": "ua-oschad",
  "421090": "ua-prominvest",
  "422605": "ua-alfa",
  "423297": "ua-ukrexim",
  "423394": "ua-privat",
  "423395": "ua-privat",
  "423396": "ua-privat",
  "423843": "ua-raiffeisen",
  "423922": "ua-raiffeisen",
  "424172": "ua-kredo",
  "424428": "ua-sber",
  "424490": "ua-sber",
  "424491": "ua-sber",
  "424492": "ua-sber",
  "424493": "ua-sber",
  "424600": "ua-privat",
  "424657": "ua-privat",
  "427705": "ua-ukrexim",
  "427830": "ua-ukrsibbank",
  "429552": "ua-oschad",
  "429943": "ua-ukrgasbank",
  "429966": "ua-pivdenny",
  "429967": "ua-pivdenny",
  "429968": "ua-pivdenny",
  "430270": "ua-pivdenny",
  "430653": "ua-oschad",
  "431889": "ua-universal",
  "432457": "ua-kredo",
  "432458": "ua-kredo",
  "432459": "ua-kredo",
  "432575": "ua-privat",
  "434156": "ua-privat",
  "434157": "ua-privat",
  "434158": "ua-privat",
  "434343": "ua-ukrsibbank",
  "435235": "ua-oschad",
  "436323": "ua-otp",
  "437435": "ua-sber",
  "437518": "ua-sber",
  "438253": "ua-kredo",
  "438383": "ua-universal",
  "438927": "ua-oschad",
  "439023": "ua-agricol",
  "439024": "ua-agricol",
  "439025": "ua-agricol",
  "439038": "ua-agricol",
  "439039": "ua-agricol",
  "439049": "ua-pravex",
  "440129": "ua-privat",
  "440271": "ua-ukrexim",
  "440272": "ua-ukrexim",
  "440297": "ua-ukrexim",
  "440509": "ua-privat",
  "440535": "ua-privat",
  "440588": "ua-privat",
  "442183": "ua-citi",
  "442184": "ua-citi",
  "442185": "ua-citi",
  "444036": "ua-universal",
  "444037": "ua-universal",
  "444038": "ua-universal",
  "444039": "ua-universal",
  "444040": "ua-universal",
  "444041": "ua-universal",
  "444042": "ua-universal",
  "444424": "ua-alfa",
  "446670": "ua-alfa",
  "448393": "ua-pivdenny",
  "448394": "ua-pivdenny",
  "448780": "ua-pivdenny",
  "452401": "ua-sber",
  "452434": "ua-sber",
  "452435": "ua-sber",
  "452437": "ua-oschad",
  "454644": "ua-ukrexim",
  "457635": "ua-oschad",
  "457636": "ua-oschad",
  "457639": "ua-oschad",
  "457640": "ua-oschad",
  "458120": "ua-privat",
  "458121": "ua-privat",
  "458122": "ua-privat",
  "460160": "ua-raiffeisen",
  "461274": "ua-pravex",
  "461275": "ua-pravex",
  "461276": "ua-pravex",
  "461277": "ua-pravex",
  "461278": "ua-pravex",
  "462705": "ua-privat",
  "462708": "ua-privat",
  "462773": "ua-raiffeisen",
  "462774": "ua-raiffeisen",
  "462775": "ua-raiffeisen",
  "464169": "ua-raiffeisen",
  "465368": "ua-pivdenny",
  "465369": "ua-pivdenny",
  "465370": "ua-pivdenny",
  "466065": "ua-alfa",
  "467808": "ua-raiffeisen",
  "467809": "ua-raiffeisen",
  "471362": "ua-otp",
  "472282": "ua-tascom",
  "472931": "ua-universal",
  "472932": "ua-universal",
  "473114": "ua-privat",
  "473117": "ua-privat",
  "473118": "ua-privat",
  "473119": "ua-privat",
  "473121": "ua-privat",
  "473838": "ua-sber",
  "475538": "ua-privat",
  "476065": "ua-privat",
  "476339": "ua-privat",
  "477994": "ua-prominvest",
  "477995": "ua-prominvest",
  "478389": "ua-raiffeisen",
  "478766": "ua-ukrexim",
  "479070": "ua-oschad",
  "479072": "ua-oschad",
  "479082": "ua-oschad",
  "479088": "ua-oschad",
  "479093": "ua-oschad",
  "479094": "ua-oschad",
  "479095": "ua-oschad",
  "479096": "ua-oschad",
  "479751": "ua-otp",
  "485435": "ua-citi",
  "486668": "ua-citi",
  "489175": "ua-pivdenny",
  "489985": "ua-universal",
  "489986": "ua-universal",
  "489987": "ua-universal",
  "493191": "ua-raiffeisen",
  "510093": "ua-otp",
  "510094": "ua-otp",
  "510449": "ua-ukrgasbank",
  "510477": "ua-oschad",
  "510532": "ua-ukrgasbank",
  "511695": "ua-ukrsibbank",
  "512070": "ua-raiffeisen",
  "512100": "ua-ukrgasbank",
  "512439": "ua-agricol",
  "512743": "ua-ukrgasbank",
  "512785": "ua-ukrgasbank",
  "513399": "ua-privat",
  "515662": "ua-oschad",
  "515768": "ua-kredo",
  "515791": "ua-ukrgasbank",
  "515829": "ua-ukrgasbank",
  "515855": "ua-ukrexim",
  "515883": "ua-ukrexim",
  "516749": "ua-oschad",
  "516759": "ua-agricol",
  "516768": "ua-ukrgasbank",
  "516773": "ua-agricol",
  "516780": "ua-oschad",
  "516781": "ua-oschad",
  "516783": "ua-ukrexim",
  "516797": "ua-privat",
  "516798": "ua-privat",
  "516799": "ua-alfa",
  "516800": "ua-alfa",
  "516801": "ua-kredo",
  "516802": "ua-kredo",
  "516803": "ua-kredo",
  "516804": "ua-kredo",
  "516825": "ua-privat",
  "516836": "ua-sber",
  "516837": "ua-sber",
  "516853": "ua-ukrgasbank",
  "516854": "ua-ukrgasbank",
  "516855": "ua-ukrgasbank",
  "516856": "ua-ukrgasbank",
  "516857": "ua-ukrgasbank",
  "516859": "ua-ukrgasbank",
  "516860": "ua-ukrgasbank",
  "516874": "ua-privat",
  "516875": "ua-privat",
  "516877": "ua-ukrexim",
  "516879": "ua-ukrexim",
  "516880": "ua-ukrexim",
  "516881": "ua-ukrexim",
  "516882": "ua-ukrexim",
  "516887": "ua-otp",
  "516913": "ua-raiffeisen",
  "516915": "ua-privat",
  "516916": "ua-privat",
  "516917": "ua-privat",
  "516918": "ua-privat",
  "516930": "ua-ukrsibbank",
  "516933": "ua-privat",
  "516936": "ua-privat",
  "516939": "ua-pivdenny",
  "516941": "ua-ukrgasbank",
  "516951": "ua-tascom",
  "516954": "ua-tascom",
  "516958": "ua-pivdenny",
  "517396": "ua-agricol",
  "517474": "ua-oschad",
  "518158": "ua-raiffeisen",
  "518164": "ua-ukrgasbank",
  "518654": "ua-ukrgasbank",
  "518720": "ua-ukrexim",
  "518778": "ua-kredo",
  "519736": "ua-sber",
  "519745": "ua-agricol",
  "520143": "ua-kredo",
  "520662": "ua-agricol",
  "521152": "ua-privat",
  "521153": "ua-privat",
  "521327": "ua-kredo",
  "521398": "ua-universal",
  "521432": "ua-privat",
  "521813": "ua-pravex",
  "521833": "ua-ukrgasbank",
  "521857": "ua-privat",
  "522433": "ua-pravex",
  "522466": "ua-ukrgasbank",
  "522473": "ua-ukrexim",
  "522654": "ua-ukrgasbank",
  "522753": "ua-ukrgasbank",
  "522766": "ua-ukrexim",
  "522797": "ua-ukrgasbank",
  "522864": "ua-otp",
  "522871": "ua-ukrsibbank",
  "522872": "ua-ukrexim",
  "522967": "ua-ukrgasbank",
  "523406": "ua-oschad",
  "523473": "ua-ukrexim",
  "523648": "ua-ukrsibbank",
  "523779": "ua-privat",
  "524487": "ua-pivdenny",
  "524608": "ua-oschad",
  "524650": "ua-ukrgasbank",
  "524872": "ua-ukrgasbank",
  "524876": "ua-ukrexim",
  "524933": "ua-privat",
  "525485": "ua-ukrgasbank",
  "525672": "ua-ukrgasbank",
  "525684": "ua-sber",
  "525691": "ua-pivdenny",
  "525748": "ua-ukrexim",
  "525779": "ua-pivdenny",
  "525792": "ua-ukrgasbank",
  "525822": "ua-agricol",
  "526763": "ua-pivdenny",
  "526961": "ua-tascom",
  "527166": "ua-raiffeisen",
  "527220": "ua-raiffeisen",
  "527410": "ua-oschad",
  "527412": "ua-ukrgasbank",
  "527458": "ua-ukrgasbank",
  "527464": "ua-pivdenny",
  "527794": "ua-ukrgasbank",
  "528459": "ua-pivdenny",
  "528472": "ua-pivdenny",
  "528534": "ua-otp",
  "528806": "ua-agricol",
  "528812": "ua-ukrgasbank",
  "529039": "ua-pivdenny",
  "529578": "ua-ukrsibbank",
  "529801": "ua-ukrexim",
  "529919": "ua-raiffeisen",
  "530051": "ua-ukrgasbank",
  "530094": "ua-ukrexim",
  "530185": "ua-tascom",
  "530217": "ua-privat",
  "530409": "ua-oschad",
  "530539": "ua-raiffeisen",
  "530565": "ua-alfa",
  "530778": "ua-oschad",
  "531673": "ua-ukrgasbank",
  "531694": "ua-sber",
  "531725": "ua-ukrgasbank",
  "531848": "ua-ukrgasbank",
  "531854": "ua-alfa",
  "531965": "ua-oschad",
  "532015": "ua-pivdenny",
  "532099": "ua-pivdenny",
  "532343": "ua-ukrgasbank",
  "532457": "ua-raiffeisen",
  "532957": "ua-privat",
  "533037": "ua-ukrsibbank",
  "533194": "ua-otp",
  "534422": "ua-pivdenny",
  "534472": "ua-ukrgasbank",
  "534485": "ua-pivdenny",
  "534587": "ua-pivdenny",
  "534612": "ua-pivdenny",
  "534625": "ua-pivdenny",
  "535044": "ua-pivdenny",
  "535116": "ua-tascom",
  "535117": "ua-tascom",
  "535128": "ua-privat",
  "535129": "ua-ukrsibbank",
  "535130": "ua-ukrsibbank",
  "535134": "ua-kredo",
  "535145": "ua-privat",
  "535148": "ua-raiffeisen",
  "535149": "ua-raiffeisen",
  "535150": "ua-raiffeisen",
  "535160": "ua-raiffeisen",
  "535161": "ua-ukrgasbank",
  "535162": "ua-ukrgasbank",
  "535174": "ua-ukrgasbank",
  "535196": "ua-alfa",
  "535206": "ua-oschad",
  "535215": "ua-pivdenny",
  "535216": "ua-pivdenny",
  "535249": "ua-privat",
  "535275": "ua-ukrexim",
  "535289": "ua-ukrgasbank",
  "535293": "ua-ukrexim",
  "535305": "ua-pivdenny",
  "535428": "ua-ukrgasbank",
  "535439": "ua-ukrgasbank",
  "535440": "ua-ukrgasbank",
  "535454": "ua-ukrgasbank",
  "535455": "ua-ukrgasbank",
  "535468": "ua-sber",
  "535507": "ua-ukrgasbank",
  "535508": "ua-ukrgasbank",
  "535509": "ua-ukrgasbank",
  "535510": "ua-ukrgasbank",
  "535515": "ua-raiffeisen",
  "535516": "ua-raiffeisen",
  "535517": "ua-kredo",
  "535540": "ua-raiffeisen",
  "535555": "ua-alfa",
  "535556": "ua-kredo",
  "535557": "ua-alfa",
  "536085": "ua-pivdenny",
  "536270": "ua-ukrexim",
  "536354": "ua-privat",
  "536364": "ua-alfa",
  "536421": "ua-ukrgasbank",
  "536444": "ua-pravex",
  "536502": "ua-raiffeisen",
  "536639": "ua-tascom",
  "537162": "ua-tascom",
  "537437": "ua-pravex",
  "537456": "ua-tascom",
  "537457": "ua-tascom",
  "537541": "ua-universal",
  "537553": "ua-tascom",
  "537571": "ua-universal",
  "537663": "ua-ukrgasbank",
  "538808": "ua-universal",
  "539557": "ua-alfa",
  "539845": "ua-ukrgasbank",
  "539897": "ua-ukrexim",
  "540305": "ua-ukrgasbank",
  "540381": "ua-ukrexim",
  "540617": "ua-ukrgasbank",
  "540637": "ua-ukrgasbank",
  "540682": "ua-ukrexim",
  "541698": "ua-pravex",
  "541701": "ua-pravex",
  "541940": "ua-ukrexim",
  "542031": "ua-ukrexim",
  "542065": "ua-ukrgasbank",
  "542447": "ua-privat",
  "542465": "ua-raiffeisen",
  "542662": "ua-ukrgasbank",
  "543155": "ua-raiffeisen",
  "543205": "ua-ukrexim",
  "543259": "ua-alfa",
  "543438": "ua-ukrgasbank",
  "543759": "ua-raiffeisen",
  "544013": "ua-privat",
  "544142": "ua-pravex",
  "544179": "ua-alfa",
  "544277": "ua-ukrgasbank",
  "544379": "ua-sber",
  "544457": "ua-privat",
  "544502": "ua-ukrexim",
  "544509": "ua-ukrgasbank",
  "544510": "ua-ukrexim",
  "544904": "ua-alfa",
  "545122": "ua-privat",
  "545164": "ua-kredo",
  "545172": "ua-agricol",
  "545239": "ua-pivdenny",
  "545253": "ua-raiffeisen",
  "545264": "ua-oschad",
  "545265": "ua-oschad",
  "545708": "ua-privat",
  "545709": "ua-privat",
  "545784": "ua-pivdenny",
  "545808": "ua-pivdenny",
  "546886": "ua-otp",
  "547266": "ua-otp",
  "547276": "ua-alfa",
  "547313": "ua-ukrgasbank",
  "547390": "ua-ukrexim",
  "547603": "ua-pivdenny",
  "547625": "ua-oschad",
  "547733": "ua-raiffeisen",
  "547734": "ua-ukrexim",
  "547762": "ua-ukrexim",
  "547846": "ua-raiffeisen",
  "547914": "ua-ukrgasbank",
  "547994": "ua-alfa",
  "548388": "ua-ukrexim",
  "548390": "ua-ukrexim",
  "548658": "ua-raiffeisen",
  "548735": "ua-ukrgasbank",
  "548766": "ua-ukrexim",
  "548855": "ua-pivdenny",
  "548883": "ua-ukrgasbank",
  "548968": "ua-raiffeisen",
  "549022": "ua-oschad",
  "549146": "ua-ukrgasbank",
  "549210": "ua-ukrexim",
  "549338": "ua-ukrgasbank",
  "549824": "ua-ukrgasbank",
  "549849": "ua-ukrgasbank",
  "549853": "ua-ukrgasbank",
  "549896": "ua-ukrgasbank",
  "550215": "ua-ukrgasbank",
  "550617": "ua-ukrexim",
  "551045": "ua-tascom",
  "552011": "ua-ukrgasbank",
  "552247": "ua-ukrexim",
  "552324": "ua-privat",
  "552571": "ua-ukrexim",
  "552624": "ua-ukrexim",
  "552657": "ua-raiffeisen",
  "552670": "ua-pravex",
  "552735": "ua-ukrexim",
  "553391": "ua-ukrgasbank",
  "553465": "ua-ukrexim",
  "554955": "ua-ukrexim",
  "555952": "ua-oschad",
  "557077": "ua-ukrexim",
  "557078": "ua-ukrexim",
  "557090": "ua-raiffeisen",
  "557091": "ua-raiffeisen",
  "557096": "ua-ukrexim",
  "557099": "ua-ukrsibbank",
  "557100": "ua-ukrsibbank",
  "557103": "ua-kredo",
  "557104": "ua-kredo",
  "557109": "ua-ukrgasbank",
  "557110": "ua-ukrgasbank",
  "557387": "ua-privat",
  "557393": "ua-pivdenny",
  "557394": "ua-ukrgasbank",
  "557395": "ua-ukrgasbank",
  "557437": "ua-tascom",
  "557442": "ua-pivdenny",
  "557443": "ua-pivdenny",
  "557444": "ua-pivdenny",
  "557721": "ua-privat",
  "557722": "ua-pravex",
  "557728": "ua-ukrgasbank",
  "557743": "ua-ukrexim",
  "557744": "ua-oschad",
  "557832": "ua-ukrexim",
  "557833": "ua-ukrexim",
  "557844": "ua-ing",
  "557845": "ua-ing",
  "557881": "ua-raiffeisen",
  "558259": "ua-ukrsibbank",
  "558262": "ua-kredo",
  "558311": "ua-ukrexim",
  "558335": "ua-privat",
  "558424": "ua-privat",
  "558797": "ua-ukrexim",
  "559269": "ua-pivdenny",
  "559511": "ua-sber",
  "559649": "ua-tascom",
  "670509": "ua-privat",
  "670516": "ua-alfa",
  "670526": "ua-ukrgasbank",
  "670635": "ua-oschad",
  "670639": "ua-ukrgasbank",
  "670649": "ua-ukrgasbank",
  "670651": "ua-ukrgasbank",
  "670669": "ua-ukrgasbank",
  "670877": "ua-ukrgasbank",
  "671103": "ua-ukrgasbank",
  "671135": "ua-pivdenny",
  "676216": "ua-raiffeisen",
  "676217": "ua-raiffeisen",
  "676246": "ua-privat",
  "676250": "ua-raiffeisen",
  "676264": "ua-ukrexim",
  "676274": "ua-pravex",
  "676365": "ua-oschad",
  "676387": "ua-pivdenny",
  "676566": "ua-otp",
  "676567": "ua-raiffeisen",
  "676622": "ua-kredo",
  "676634": "ua-ukrgasbank",
  "676665": "ua-ing",
  "676673": "ua-raiffeisen",
  "676679": "ua-ukrgasbank",
  "676689": "ua-ukrgasbank",
  "676843": "ua-ukrgasbank",
  "676865": "ua-privat",
  "676886": "ua-ukrexim",
  "676894": "ua-ukrgasbank",
  "676895": "ua-ukrexim",
  "676902": "ua-raiffeisen",
  "676965": "ua-ukrexim",
  "676966": "ua-ukrgasbank",
  "676988": "ua-ukrgasbank",
  "676995": "ua-raiffeisen",
  "677001": "ua-agricol",
  "677002": "ua-raiffeisen",
  "677009": "ua-raiffeisen",
  "677033": "ua-ukrexim",
  "677046": "ua-ukrexim",
  "677079": "ua-ukrgasbank",
  "677089": "ua-ukrgasbank",
  "677099": "ua-raiffeisen",
  "677237": "ua-ukrgasbank",
  "677279": "ua-ukrexim",
  "677308": "ua-ukrgasbank",
  "677325": "ua-ukrexim",
  "677490": "ua-ukrgasbank",
  "677609": "ua-ukrexim",
  "677613": "ua-ukrexim",
  "677716": "ua-sber",
  "678988": "ua-tascom"
}