{
  "220002": "ru-rnkb",
  "220003": "ru-psb",
  "220004": "ru-rsb",
  "220005": "ru-rgs",
  "220006": "ru-sviaz",
  "220008": "ru-rossiya",
  "220010": "ru-vbrr",
  "220019": "ru-uralsib",
  "220020": "ru-mib",
  "220023": "ru-avangard",
  "220024": "ru-vtb",
  "220027": "ru-sovkom",
  "220029": "ru-open",
  "220030": "ru-raiffeisen",
  "220037": "ru-zenit",
  "220038": "ru-rshb",
  "220039": "ru-rosbank",
  "220040": "ru-vtb",
  "220042": "ru-domrf",
  "220045": "ru-ubrd",
  "220053": "ru-akbars",
  "220059": "ru-tcb",
  "220060": "ru-atb",
  "220062": "ru-zenit",
  "220065": "ru-vtb",
  "220070": "ru-tinkoff",
  "220077": "ru-pochta",
  "220080": "ru-open",
  "220110": "ru-zenit",
  "220156": "ru-novikom",
  "220220": "ru-sberbank",
  "220224": "ru-vtb",
  "220374": "ru-metcom",
  "220431": "ru-yoomoney",
  "220488": "ru-smp",
  "356299": "ru-gpb",
  "356514": "ru-rshb",
  "357708": "ru-sviaz",
  "360769": "ru-rsb",
  "372000": "ru-rsb",
  "372001": "ru-rsb",
  "375117": "ru-rsb",
  "375118": "ru-rsb",
  "375122": "ru-sberbank",
  "375123": "ru-sberbank",
  "375124": "ru-sberbank",
  "377181": "ru-uralsib",
  "377182": "ru-uralsib",
  "379990": "ru-rsb",
  "400079": "ru-akbars",
  "400244": "ru-uralsib",
  "400812": "ru-rosbank",
  "400814": "ru-rosbank",
  "400866": "ru-rosbank",
  "401173": "ru-open",
  "401376": "ru-spb",
  "402105": "ru-vtb",
  "402107": "ru-vtb",
  "402178": "ru-raiffeisen",
  "402179": "ru-raiffeisen",
  "402311": "ru-otp",
  "402312": "ru-otp",
  "402313": "ru-otp",
  "402326": "ru-mib",
  "402327": "ru-mib",
  "402328": "ru-mib",
  "402333": "ru-sberbank",
  "402453": "ru-rosbank",
  "402457": "ru-novikom",
  "402507": "ru-psb",
  "402532": "ru-sovkom",
  "402533": "ru-sovkom",
  "402534": "ru-sovkom",
  "402549": "ru-mib",
  "402877": "ru-tcb",
  "402909": "ru-novikom",
  "402910": "ru-novikom",
  "402911": "ru-novikom",
  "402948": "ru-open",
  "403092": "ru-zenit",
  "403184": "ru-vozrozhdenie",
  "403218": "ru-domrf",
  "403330": "ru-veb",
  "403331": "ru-veb",
  "403332": "ru-veb",
  "403333": "ru-veb",
  "403472": "ru-ceb",
  "403780": "ru-mkb",
  "403841": "ru-zenit",
  "403896": "ru-avangard",
  "403897": "ru-avangard",
  "403898": "ru-avangard",
  "404007": "ru-vtb",
  "404111": "ru-uralsib",
  "404114": "ru-avangard",
  "404136": "ru-gpb",
  "404204": "ru-mts",
  "404224": "ru-mts",
  "404266": "ru-mts",
  "404267": "ru-mts",
  "404268": "ru-mts",
  "404269": "ru-mts",
  "404270": "ru-gpb",
  "404586": "ru-open",
  "404807": "ru-raiffeisen",
  "404862": "ru-rosbank",
  "404863": "ru-rosbank",
  "404885": "ru-raiffeisen",
  "404891": "ru-rosbank",
  "404892": "ru-rosbank",
  "404893": "ru-rosbank",
  "404906": "ru-psb",
  "405234": "ru-trust",
  "405436": "ru-rosbank",
  "405541": "ru-vtb",
  "405658": "ru-open",
  "405666": "ru-domrf",
  "405667": "ru-domrf",
  "405669": "ru-domrf",
  "405869": "ru-open",
  "405870": "ru-open",
  "405990": "ru-pochta",
  "405991": "ru-pochta",
  "405992": "ru-pochta",
  "405993": "ru-pochta",
  "406128": "ru-metcom",
  "406140": "ru-vbrr",
  "406141": "ru-vbrr",
  "406234": "ru-psb",
  "406235": "ru-psb",
  "406236": "ru-psb",
  "406296": "ru-hcf",
  "406334": "ru-veb",
  "406356": "ru-mts",
  "406364": "ru-hcf",
  "406372": "ru-absolut",
  "406744": "ru-vtb",
  "406767": "ru-rosbank",
  "406790": "ru-open",
  "406791": "ru-open",
  "406792": "ru-open",
  "406977": "ru-vtb",
  "407178": "ru-open",
  "407266": "ru-spb",
  "407347": "ru-akbars",
  "407564": "ru-rosbank",
  "408373": "ru-ceb",
  "409356": "ru-open",
  "409357": "ru-open",
  "409358": "ru-open",
  "409398": "ru-vtb",
  "409681": "ru-otp",
  "409682": "ru-uralsib",
  "409701": "ru-open",
  "409755": "ru-open",
  "409756": "ru-open",
  "410213": "ru-uralsib",
  "410323": "ru-trust",
  "410655": "ru-mob",
  "410656": "ru-mob",
  "410657": "ru-mob",
  "410695": "ru-skb",
  "410696": "ru-skb",
  "410730": "ru-vozrozhdenie",
  "410731": "ru-vozrozhdenie",
  "411001": "ru-psb",
  "411647": "ru-ceb",
  "411648": "ru-ceb",
  "411649": "ru-ceb",
  "411650": "ru-ceb",
  "411669": "ru-mob",
  "411670": "ru-mob",
  "411671": "ru-mob",
  "411676": "ru-spb",
  "411790": "ru-rsb",
  "411791": "ru-psb",
  "411900": "ru-trust",
  "411945": "ru-domrf",
  "411964": "ru-vtb",
  "411965": "ru-vtb",
  "411966": "ru-vtb",
  "412519": "ru-rosbank",
  "412776": "ru-citi",
  "413047": "ru-ucb",
  "413048": "ru-ucb",
  "413052": "ru-vozrozhdenie",
  "413064": "ru-vtb",
  "413203": "ru-vbrr",
  "413204": "ru-vbrr",
  "413205": "ru-vbrr",
  "413250": "ru-veb",
  "413307": "ru-open",
  "413877": "ru-skb",
  "413878": "ru-skb",
  "413879": "ru-skb",
  "414035": "ru-vozrozhdenie",
  "414076": "ru-open",
  "414379": "ru-rosbank",
  "414563": "ru-domrf",
  "414656": "ru-zenit",
  "414657": "ru-zenit",
  "414658": "ru-zenit",
  "414659": "ru-zenit",
  "415025": "ru-ubrd",
  "415028": "ru-vtb",
  "415029": "ru-vtb",
  "415039": "ru-vtb",
  "415040": "ru-vtb",
  "415041": "ru-vtb",
  "415042": "ru-vtb",
  "415043": "ru-vtb",
  "415430": "ru-raiffeisen",
  "416038": "ru-open",
  "416132": "ru-absolut",
  "416920": "ru-ceb",
  "416927": "ru-vtb",
  "416928": "ru-vtb",
  "416982": "ru-rgs",
  "416983": "ru-rgs",
  "416984": "ru-rgs",
  "417250": "ru-rsb",
  "417251": "ru-rsb",
  "417252": "ru-rsb",
  "417254": "ru-rsb",
  "417291": "ru-rsb",
  "417367": "ru-metcom",
  "417368": "ru-metcom",
  "417369": "ru-metcom",
  "417370": "ru-metcom",
  "417398": "ru-sberbank",
  "417676": "ru-open",
  "417739": "ru-vtb",
  "417741": "ru-trust",
  "418260": "ru-pochta",
  "418261": "ru-vtb",
  "418262": "ru-vtb",
  "418362": "ru-sovkom",
  "418363": "ru-sovkom",
  "418364": "ru-sovkom",
  "418384": "ru-rshb",
  "418385": "ru-rshb",
  "418386": "ru-rshb",
  "418387": "ru-rshb",
  "418388": "ru-rshb",
  "418710": "ru-rosbank",
  "418713": "ru-rosbank",
  "418831": "ru-vtb",
  "419029": "ru-rosbank",
  "419149": "ru-atb",
  "419150": "ru-atb",
  "419151": "ru-atb",
  "419152": "ru-atb",
  "419153": "ru-atb",
  "419163": "ru-avangard",
  "419164": "ru-avangard",
  "419292": "ru-mkb",
  "419293": "ru-citi",
  "419349": "ru-citi",
  "419370": "ru-uralsib",
  "419486": "ru-sovkom",
  "419532": "ru-rosbank",
  "419636": "ru-otp",
  "419676": "ru-trust",
  "419718": "ru-rsb",
  "419804": "ru-uralsib",
  "419805": "ru-uralsib",
  "419810": "ru-uralsib",
  "419905": "ru-rossiya",
  "420336": "ru-absolut",
  "420337": "ru-absolut",
  "420574": "ru-open",
  "420705": "ru-raiffeisen",
  "421176": "ru-open",
  "421179": "ru-citi",
  "421394": "ru-rosbank",
  "421398": "ru-gpb",
  "421637": "ru-sovkom",
  "421647": "ru-sovkom",
  "421648": "ru-rosbank",
  "421919": "ru-absolut",
  "422096": "ru-sovkom",
  "422097": "ru-sovkom",
  "422287": "ru-raiffeisen",
  "422372": "ru-uralsib",
  "422425": "ru-vtb",
  "422608": "ru-rshb",
  "422838": "ru-vozrozhdenie",
  "422839": "ru-vozrozhdenie",
  "423078": "ru-sberbank",
  "423169": "ru-rosbank",
  "423197": "ru-spb",
  "423218": "ru-vozrozhdenie",
  "423301": "ru-veb",
  "423569": "ru-absolut",
  "424204": "ru-uralsib",
  "424205": "ru-uralsib",
  "424206": "ru-uralsib",
  "424207": "ru-uralsib",
  "424290": "ru-uralsib",
  "424291": "ru-uralsib",
  "424436": "ru-akbars",
  "424437": "ru-akbars",
  "424438": "ru-akbars",
  "424439": "ru-akbars",
  "424440": "ru-akbars",
  "424473": "ru-uralsib",
  "424474": "ru-uralsib",
  "424475": "ru-uralsib",
  "424553": "ru-trust",
  "424554": "ru-trust",
  "424555": "ru-trust",
  "424561": "ru-psb",
  "424562": "ru-psb",
  "424563": "ru-psb",
  "424646": "ru-vtb",
  "424901": "ru-sovkom",
  "424917": "ru-gpb",
  "424944": "ru-sovkom",
  "424974": "ru-gpb",
  "424975": "ru-gpb",
  "424976": "ru-gpb",
  "425153": "ru-rosbank",
  "425170": "ru-sovkom",
  "425181": "ru-open",
  "425182": "ru-open",
  "425183": "ru-open",
  "425184": "ru-open",
  "425185": "ru-open",
  "425534": "ru-veb",
  "425535": "ru-veb",
  "425536": "ru-veb",
  "425553": "ru-veb",
  "425620": "ru-raiffeisen",
  "425656": "ru-open",
  "425693": "ru-smp",
  "425694": "ru-smp",
  "425695": "ru-smp",
  "425696": "ru-smp",
  "425884": "ru-raiffeisen",
  "425885": "ru-raiffeisen",
  "426201": "ru-trust",
  "426334": "ru-trust",
  "426335": "ru-trust",
  "426390": "ru-uralsib",
  "426396": "ru-uralsib",
  "426803": "ru-psb",
  "426804": "ru-psb",
  "426809": "ru-rossiya",
  "426810": "ru-rossiya",
  "426811": "ru-rossiya",
  "426812": "ru-rossiya",
  "426813": "ru-rossiya",
  "426814": "ru-rossiya",
  "426815": "ru-rossiya",
  "426837": "ru-uralsib",
  "426838": "ru-uralsib",
  "426839": "ru-uralsib",
  "426842": "ru-rosbank",
  "426843": "ru-rosbank",
  "426890": "ru-gpb",
  "426896": "ru-open",
  "427229": "ru-vtb",
  "427230": "ru-vtb",
  "427263": "ru-rosbank",
  "427275": "ru-vtb",
  "427326": "ru-gpb",
  "427400": "ru-sberbank",
  "427401": "ru-sberbank",
  "427402": "ru-sberbank",
  "427403": "ru-sberbank",
  "427404": "ru-sberbank",
  "427405": "ru-sberbank",
  "427406": "ru-sberbank",
  "427407": "ru-sberbank",
  "427408": "ru-sberbank",
  "427409": "ru-sberbank",
  "427410": "ru-sberbank",
  "427411": "ru-sberbank",
  "427412": "ru-sberbank",
  "427413": "ru-sberbank",
  "427414": "ru-sberbank",
  "427415": "ru-sberbank",
  "427416": "ru-sberbank",
  "427417": "ru-sberbank",
  "427418": "ru-sberbank",
  "427419": "ru-sberbank",
  "427420": "ru-sberbank",
  "427421": "ru-sberbank",
  "427422": "ru-sberbank",
  "427423": "ru-sberbank",
  "427424": "ru-sberbank",
  "427425": "ru-sberbank",
  "427426": "ru-sberbank",
  "427427": "ru-sberbank",
  "427428": "ru-sberbank",
  "427429": "ru-sberbank",
  "427430": "ru-sberbank",
  "427431": "ru-sberbank",
  "427432": "ru-sberbank",
  "427433": "ru-sberbank",
  "427434": "ru-sberbank",
  "427435": "ru-sberbank",
  "427436": "ru-sberbank",
  "427437": "ru-sberbank",
  "427438": "ru-sberbank",
  "427439": "ru-sberbank",
  "427440": "ru-sberbank",
  "427441": "ru-sberbank",
  "427442": "ru-sberbank",
  "427443": "ru-sberbank",
  "427444": "ru-sberbank",
  "427445": "ru-sberbank",
  "427446": "ru-sberbank",
  "427447": "ru-sberbank",
  "427448": "ru-sberbank",
  "427449": "ru-sberbank",
  "427450": "ru-sberbank",
  "427451": "ru-sberbank",
  "427452": "ru-sberbank",
  "427453": "ru-sberbank",
  "427454": "ru-sberbank",
  "427455": "ru-sberbank",
  "427456": "ru-sberbank",
  "427457": "ru-sberbank",
  "427458": "ru-sberbank",
  "427459": "ru-sberbank",
  "427460": "ru-sberbank",
  "427461": "ru-sberbank",
  "427462": "ru-sberbank",
  "427463": "ru-sberbank",
  "427464": "ru-sberbank",
  "427465": "ru-sberbank",
  "427466": "ru-sberbank",
  "427467": "ru-sberbank",
  "427468": "ru-sberbank",
  "427469": "ru-sberbank",
  "427470": "ru-sberbank",
  "427471": "ru-sberbank",
  "427472": "ru-sberbank",
  "427473": "ru-sberbank",
  "427474": "ru-sberbank",
  "427475": "ru-sberbank",
  "427476": "ru-sberbank",
  "427477": "ru-sberbank",
  "427491": "ru-sberbank",
  "427499": "ru-sberbank",
  "427600": "ru-sberbank",
  "427601": "ru-sberbank",
  "427602": "ru-sberbank",
  "427603": "ru-sberbank",
  "427604": "ru-sberbank",
  "427605": "ru-sberbank",
  "427606": "ru-sberbank",
  "427607": "ru-sberbank",
  "427608": "ru-sberbank",
  "427609": "ru-sberbank",
  "427610": "ru-sberbank",
  "427611": "ru-sberbank",
  "427612": "ru-sberbank",
  "427613": "ru-sberbank",
  "427614": "ru-sberbank",
  "427615": "ru-sberbank",
  "427616": "ru-sberbank",
  "427617": "ru-sberbank",
  "427618": "ru-sberbank",
  "427619": "ru-sberbank",
  "427620": "ru-sberbank",
  "427621": "ru-sberbank",
  "427622": "ru-sberbank",
  "427623": "ru-sberbank",
  "427624": "ru-sberbank",
  "427625": "ru-sberbank",
  "427626": "ru-sberbank",
  "427627": "ru-sberbank",
  "427628": "ru-sberbank",
  "427629": "ru-sberbank",
  "427630": "ru-sberbank",
  "427631": "ru-sberbank",
  "427632": "ru-sberbank",
  "427633": "ru-sberbank",
  "427634": "ru-sberbank",
  "427635": "ru-sberbank",
  "427636": "ru-sberbank",
  "427637": "ru-sberbank",
  "427638": "ru-sberbank",
  "427639": "ru-sberbank",
  "427640": "ru-sberbank",
  "427641": "ru-sberbank",
  "427642": "ru-sberbank",
  "427643": "ru-sberbank",
  "427644": "ru-sberbank",
  "427645": "ru-sberbank",
  "427646": "ru-sberbank",
  "427647": "ru-sberbank",
  "427648": "ru-sberbank",
  "427649": "ru-sberbank",
  "427650": "ru-sberbank",
  "427651": "ru-sberbank",
  "427652": "ru-sberbank",
  "427653": "ru-sberbank",
  "427654": "ru-sberbank",
  "427655": "ru-sberbank",
  "427656": "ru-sberbank",
  "427657": "ru-sberbank",
  "427658": "ru-sberbank",
  "427659": "ru-sberbank",
  "427660": "ru-sberbank",
  "427661": "ru-sberbank",
  "427662": "ru-sberbank",
  "427663": "ru-sberbank",
  "427664": "ru-sberbank",
  "427665": "ru-sberbank",
  "427666": "ru-sberbank",
  "427667": "ru-sberbank",
  "427668": "ru-sberbank",
  "427669": "ru-sberbank",
  "427670": "ru-sberbank",
  "427671": "ru-sberbank",
  "427672": "ru-sberbank",
  "427673": "ru-sberbank",
  "427674": "ru-sberbank",
  "427675": "ru-sberbank",
  "427676": "ru-sberbank",
  "427677": "ru-sberbank",
  "427678": "ru-sberbank",
  "427679": "ru-sberbank",
  "427680": "ru-sberbank",
  "427681": "ru-sberbank",
  "427682": "ru-sberbank",
  "427683": "ru-sberbank",
  "427684": "ru-sberbank",
  "427685": "ru-sberbank",
  "427686": "ru-sberbank",
  "427687": "ru-sberbank",
  "427688": "ru-sberbank",
  "427689": "ru-sberbank",
  "427690": "ru-sberbank",
  "427692": "ru-sberbank",
  "427693": "ru-sberbank",
  "427694": "ru-sberbank",
  "427695": "ru-sberbank",
  "427696": "ru-sberbank",
  "427697": "ru-sberbank",
  "427699": "ru-sberbank",
  "427715": "ru-rosbank",
  "427726": "ru-vtb",
  "427752": "ru-open",
  "427760": "ru-citi",
  "427761": "ru-citi",
  "427806": "ru-domrf",
  "427807": "ru-domrf",
  "427808": "ru-domrf",
  "427827": "ru-uralsib",
  "427828": "ru-uralsib",
  "427853": "ru-sovkom",
  "427856": "ru-open",
  "427868": "ru-vtb",
  "427900": "ru-sberbank",
  "427901": "ru-sberbank",
  "427902": "ru-sberbank",
  "427903": "ru-sberbank",
  "427904": "ru-sberbank",
  "427905": "ru-sberbank",
  "427906": "ru-sberbank",
  "427907": "ru-sberbank",
  "427908": "ru-sberbank",
  "427909": "ru-sberbank",
  "427910": "ru-sberbank",
  "427911": "ru-sberbank",
  "427912": "ru-sberbank",
  "427913": "ru-sberbank",
  "427914": "ru-sberbank",
  "427915": "ru-sberbank",
  "427916": "ru-sberbank",
  "427917": "ru-sberbank",
  "427918": "ru-sberbank",
  "427919": "ru-sberbank",
  "427920": "ru-sberbank",
  "427921": "ru-sberbank",
  "427922": "ru-sberbank",
  "427923": "ru-sberbank",
  "427924": "ru-sberbank",
  "427925": "ru-sberbank",
  "427926": "ru-sberbank",
  "427927": "ru-sberbank",
  "427928": "ru-sberbank",
  "427929": "ru-sberbank",
  "427930": "ru-sberbank",
  "427931": "ru-sberbank",
  "427932": "ru-sberbank",
  "427933": "ru-sberbank",
  "427934": "ru-sberbank",
  "427935": "ru-sberbank",
  "427936": "ru-sberbank",
  "427937": "ru-sberbank",
  "427938": "ru-sberbank",
  "427939": "ru-sberbank",
  "427940": "ru-sberbank",
  "427941": "ru-sberbank",
  "427942": "ru-sberbank",
  "427943": "ru-sberbank",
  "427944": "ru-sberbank",
  "427945": "ru-sberbank",
  "427946": "ru-sberbank",
  "427947": "ru-sberbank",
  "427948": "ru-sberbank",
  "427949": "ru-sberbank",
  "427950": "ru-sberbank",
  "427951": "ru-sberbank",
  "427952": "ru-sberbank",
  "427953": "ru-sberbank",
  "427954": "ru-sberbank",
  "427955": "ru-sberbank",
  "427956": "ru-sberbank",
  "427957": "ru-sberbank",
  "427958": "ru-sberbank",
  "427959": "ru-sberbank",
  "427960": "ru-sberbank",
  "427961": "ru-sberbank",
  "427962": "ru-sberbank",
  "427963": "ru-sberbank",
  "427964": "ru-sberbank",
  "427965": "ru-sberbank",
  "427966": "ru-sberbank",
  "427967": "ru-sberbank",
  "427968": "ru-sberbank",
  "427969": "ru-sberbank",
  "427970": "ru-sberbank",
  "427971": "ru-sberbank",
  "427972": "ru-sberbank",
  "427973": "ru-sberbank",
  "427974": "ru-sberbank",
  "427975": "ru-sberbank",
  "427976": "ru-sberbank",
  "427977": "ru-sberbank",
  "427978": "ru-sberbank",
  "427979": "ru-sberbank",
  "427980": "ru-sberbank",
  "427981": "ru-sberbank",
  "427982": "ru-sberbank",
  "427983": "ru-sberbank",
  "427984": "ru-sberbank",
  "427985": "ru-sberbank",
  "427986": "ru-sberbank",
  "427987": "ru-sberbank",
  "427988": "ru-sberbank",
  "427989": "ru-sberbank",
  "427990": "ru-sberbank",
  "427991": "ru-sberbank",
  "427992": "ru-sberbank",
  "427993": "ru-sberbank",
  "427994": "ru-sberbank",
  "427995": "ru-sberbank",
  "427996": "ru-sberbank",
  "427997": "ru-sberbank",
  "427998": "ru-sberbank",
  "427999": "ru-sberbank",
  "428155": "ru-uralsib",
  "428156": "ru-uralsib",
  "428157": "ru-uralsib",
  "428165": "ru-open",
  "428166": "ru-open",
  "428228": "ru-open",
  "428252": "ru-absolut",
  "428253": "ru-absolut",
  "428254": "ru-absolut",
  "428266": "ru-zenit",
  "428666": "ru-atb",
  "428925": "ru-spb",
  "429015": "ru-veb",
  "429016": "ru-veb",
  "429037": "ru-open",
  "429038": "ru-open",
  "429039": "ru-open",
  "429040": "ru-open",
  "429096": "ru-open",
  "429158": "ru-vtb",
  "429196": "ru-uralsib",
  "429197": "ru-uralsib",
  "429429": "ru-spb",
  "429430": "ru-spb",
  "429565": "ru-vtb",
  "429749": "ru-vtb",
  "429796": "ru-zenit",
  "429797": "ru-zenit",
  "429798": "ru-zenit",
  "429811": "ru-uralsib",
  "430081": "ru-rosbank",
  "430088": "ru-rosbank",
  "430180": "ru-ubrd",
  "430181": "ru-ubrd",
  "430289": "ru-sviaz",
  "430291": "ru-open",
  "430299": "ru-gpb",
  "430323": "ru-ucb",
  "430439": "ru-ubrd",
  "430643": "ru-gpb",
  "430708": "ru-rossiya",
  "430709": "ru-rossiya",
  "431099": "ru-ceb",
  "431112": "ru-uralsib",
  "431113": "ru-uralsib",
  "431114": "ru-uralsib",
  "431165": "ru-open",
  "431166": "ru-open",
  "431336": "ru-vtb",
  "431409": "ru-tcb",
  "431426": "ru-open",
  "431427": "ru-open",
  "431854": "ru-ren",
  "431855": "ru-ren",
  "431856": "ru-ren",
  "431857": "ru-ren",
  "431890": "ru-ren",
  "432058": "ru-skb",
  "432158": "ru-ceb",
  "432169": "ru-uralsib",
  "432170": "ru-sovkom",
  "432171": "ru-sovkom",
  "432259": "ru-uralsib",
  "432260": "ru-uralsib",
  "432417": "ru-open",
  "432498": "ru-raiffeisen",
  "432560": "ru-ucb",
  "432638": "ru-rosbank",
  "432947": "ru-otp",
  "432948": "ru-otp",
  "432949": "ru-otp",
  "433011": "ru-uralsib",
  "433102": "ru-vozrozhdenie",
  "433300": "ru-ucb",
  "433316": "ru-gpb",
  "433336": "ru-ucb",
  "434146": "ru-open",
  "434147": "ru-open",
  "434148": "ru-open",
  "434149": "ru-uralsib",
  "435139": "ru-ubrd",
  "435986": "ru-rshb",
  "436100": "ru-rshb",
  "436104": "ru-rshb",
  "436398": "ru-novikom",
  "436752": "ru-psb",
  "436753": "ru-psb",
  "436754": "ru-psb",
  "436865": "ru-otp",
  "437348": "ru-rsb",
  "437349": "ru-spb",
  "437351": "ru-open",
  "437424": "ru-vtb",
  "437524": "ru-skb",
  "437540": "ru-trust",
  "437541": "ru-trust",
  "437772": "ru-tinkoff",
  "437773": "ru-tinkoff",
  "437783": "ru-tinkoff",
  "438046": "ru-citi",
  "438254": "ru-vozrozhdenie",
  "438933": "ru-rosbank",
  "438970": "ru-rosbank",
  "438971": "ru-rosbank",
  "439054": "ru-sviaz",
  "439055": "ru-sviaz",
  "439056": "ru-sviaz",
  "439057": "ru-sviaz",
  "440399": "ru-vozrozhdenie",
  "440503": "ru-rosbank",
  "440504": "ru-rosbank",
  "440505": "ru-rosbank",
  "440540": "ru-rosbank",
  "440541": "ru-rosbank",
  "440664": "ru-uralsib",
  "440665": "ru-uralsib",
  "440666": "ru-uralsib",
  "440668": "ru-uralsib",
  "440680": "ru-uralsib",
  "440682": "ru-uralsib",
  "440683": "ru-uralsib",
  "440689": "ru-uralsib",
  "440690": "ru-uralsib",
  "440849": "ru-rosbank",
  "440850": "ru-rosbank",
  "441273": "ru-vbrr",
  "441318": "ru-sviaz",
  "441324": "ru-veb",
  "442187": "ru-smp",
  "442466": "ru-uralsib",
  "443222": "ru-mkb",
  "443223": "ru-mkb",
  "443271": "ru-mkb",
  "443272": "ru-mkb",
  "443273": "ru-mkb",
  "443274": "ru-mkb",
  "443275": "ru-domrf",
  "443306": "ru-absolut",
  "443307": "ru-absolut",
  "443308": "ru-absolut",
  "443309": "ru-absolut",
  "443884": "ru-veb",
  "443885": "ru-veb",
  "443886": "ru-veb",
  "443887": "ru-veb",
  "443888": "ru-veb",
  "444094": "ru-veb",
  "444238": "ru-smp",
  "444239": "ru-smp",
  "444240": "ru-smp",
  "444241": "ru-smp",
  "444429": "ru-rsb",
  "445153": "ru-sovkom",
  "445193": "ru-sovkom",
  "445194": "ru-sovkom",
  "445195": "ru-sovkom",
  "445196": "ru-sovkom",
  "445433": "ru-hcf",
  "445434": "ru-hcf",
  "445435": "ru-hcf",
  "445436": "ru-hcf",
  "445494": "ru-uralsib",
  "445977": "ru-raiffeisen",
  "446050": "ru-psb",
  "446065": "ru-open",
  "446098": "ru-hcf",
  "446320": "ru-veb",
  "446674": "ru-vtb",
  "446915": "ru-hcf",
  "446916": "ru-raiffeisen",
  "446917": "ru-raiffeisen",
  "446918": "ru-mob",
  "446919": "ru-mob",
  "446950": "ru-tcb",
  "447372": "ru-uralsib",
  "447373": "ru-uralsib",
  "447374": "ru-uralsib",
  "447516": "ru-trust",
  "447603": "ru-raiffeisen",
  "447624": "ru-raiffeisen",
  "447817": "ru-psb",
  "447818": "ru-psb",
  "447824": "ru-psb",
  "448331": "ru-vtb",
  "448343": "ru-vtb",
  "448344": "ru-vtb",
  "448346": "ru-vtb",
  "448369": "ru-vtb",
  "449383": "ru-open",
  "449572": "ru-hcf",
  "449612": "ru-spb",
  "450251": "ru-rosbank",
  "450726": "ru-hcf",
  "451382": "ru-psb",
  "452235": "ru-rossiya",
  "452236": "ru-rossiya",
  "453558": "ru-uralsib",
  "453559": "ru-uralsib",
  "453560": "ru-uralsib",
  "456515": "ru-trust",
  "456516": "ru-trust",
  "456587": "ru-ceb",
  "456588": "ru-ceb",
  "457465": "ru-otp",
  "457641": "ru-trust",
  "457642": "ru-trust",
  "457643": "ru-trust",
  "457647": "ru-rsb",
  "457652": "ru-hcf",
  "457791": "ru-tcb",
  "457802": "ru-mts",
  "457816": "ru-open",
  "457817": "ru-open",
  "457818": "ru-open",
  "457819": "ru-open",
  "457858": "ru-uralsib",
  "457859": "ru-uralsib",
  "457860": "ru-uralsib",
  "457861": "ru-uralsib",
  "457862": "ru-uralsib",
  "457863": "ru-uralsib",
  "457996": "ru-vozrozhdenie",
  "458473": "ru-atb",
  "458488": "ru-atb",
  "458489": "ru-atb",
  "458490": "ru-atb",
  "458493": "ru-open",
  "458559": "ru-novikom",
  "458722": "ru-rossiya",
  "458723": "ru-rossiya",
  "458731": "ru-absolut",
  "459226": "ru-skb",
  "459230": "ru-otp",
  "459290": "ru-uralsib",
  "459328": "ru-domrf",
  "459937": "ru-rosbank",
  "460493": "ru-rosbank",
  "462013": "ru-mts",
  "462017": "ru-vtb",
  "462043": "ru-vtb",
  "462235": "ru-vtb",
  "462729": "ru-raiffeisen",
  "462730": "ru-raiffeisen",
  "462758": "ru-raiffeisen",
  "462776": "ru-ucb",
  "462777": "ru-ucb",
  "462779": "ru-raiffeisen",
  "464405": "ru-vozrozhdenie",
  "464485": "ru-trust",
  "464636": "ru-akbars",
  "464681": "ru-vtb",
  "464787": "ru-vtb",
  "464827": "ru-absolut",
  "464828": "ru-absolut",
  "464842": "ru-vtb",
  "464843": "ru-open",
  "464845": "ru-open",
  "464915": "ru-rosbank",
  "465206": "ru-vtb",
  "465207": "ru-vtb",
  "465208": "ru-vtb",
  "465209": "ru-rnkb",
  "465218": "ru-vtb",
  "465274": "ru-vtb",
  "465578": "ru-raiffeisen",
  "465882": "ru-gpb",
  "466047": "ru-uralsib",
  "466048": "ru-uralsib",
  "466049": "ru-uralsib",
  "466050": "ru-uralsib",
  "466163": "ru-ren",
  "466164": "ru-ren",
  "466174": "ru-ren",
  "466500": "ru-domrf",
  "466505": "ru-domrf",
  "466511": "ru-domrf",
  "466512": "ru-domrf",
  "466513": "ru-domrf",
  "466514": "ru-domrf",
  "467033": "ru-trust",
  "467058": "ru-vtb",
  "467485": "ru-open",
  "467486": "ru-open",
  "467487": "ru-open",
  "467564": "ru-sviaz",
  "467725": "ru-mts",
  "467756": "ru-mts",
  "467757": "ru-mts",
  "467758": "ru-mts",
  "467810": "ru-mkb",
  "467811": "ru-uralsib",
  "467812": "ru-uralsib",
  "467933": "ru-domrf",
  "468596": "ru-smp",
  "469360": "ru-citi",
  "469362": "ru-ucb",
  "469647": "ru-trust",
  "469670": "ru-smp",
  "470127": "ru-tinkoff",
  "470342": "ru-uralsib",
  "470359": "ru-mkb",
  "470434": "ru-zenit",
  "470664": "ru-akbars",
  "470673": "ru-avangard",
  "470674": "ru-avangard",
  "470675": "ru-avangard",
  "471225": "ru-rgs",
  "471226": "ru-ubrd",
  "471265": "ru-vtb",
  "471266": "ru-vtb",
  "471358": "ru-mkb",
  "471370": "ru-ubrd",
  "471436": "ru-novikom",
  "471439": "ru-uralsib",
  "471440": "ru-uralsib",
  "471441": "ru-uralsib",
  "471461": "ru-vtb",
  "471487": "ru-vtb",
  "471499": "ru-uralsib",
  "472235": "ru-zenit",
  "472313": "ru-vtb",
  "472345": "ru-psb",
  "472346": "ru-psb",
  "472347": "ru-psb",
  "472348": "ru-psb",
  "472445": "ru-hcf",
  "472446": "ru-ucb",
  "472480": "ru-mib",
  "472489": "ru-rgs",
  "472844": "ru-open",
  "472879": "ru-skb",
  "472933": "ru-veb",
  "472934": "ru-veb",
  "473841": "ru-rgs",
  "473849": "ru-citi",
  "473850": "ru-citi",
  "473853": "ru-rosbank",
  "473854": "ru-rosbank",
  "473855": "ru-rosbank",
  "473869": "ru-tcb",
  "474159": "ru-open",
  "474218": "ru-rosbank",
  "475098": "ru-sviaz",
  "475195": "ru-ubrd",
  "476036": "ru-raiffeisen",
  "476206": "ru-psb",
  "476207": "ru-psb",
  "476208": "ru-psb",
  "476280": "ru-rossiya",
  "476804": "ru-veb",
  "476827": "ru-rosbank",
  "476946": "ru-rossiya",
  "476989": "ru-vtb",
  "477908": "ru-rosbank",
  "477911": "ru-sovkom",
  "477986": "ru-rosbank",
  "477987": "ru-rosbank",
  "478264": "ru-rosbank",
  "478265": "ru-rosbank",
  "478266": "ru-rosbank",
  "478273": "ru-avangard",
  "478387": "ru-atb",
  "478474": "ru-tcb",
  "478475": "ru-tcb",
  "478476": "ru-tcb",
  "478741": "ru-raiffeisen",
  "479302": "ru-open",
  "479713": "ru-spb",
  "479715": "ru-open",
  "479716": "ru-open",
  "479718": "ru-open",
  "479768": "ru-spb",
  "479769": "ru-spb",
  "479770": "ru-spb",
  "479771": "ru-spb",
  "479772": "ru-spb",
  "479773": "ru-spb",
  "479777": "ru-open",
  "479788": "ru-spb",
  "480099": "ru-vtb",
  "480111": "ru-sberbank",
  "480112": "ru-sberbank",
  "480122": "ru-metcom",
  "480232": "ru-zenit",
  "480938": "ru-mib",
  "481776": "ru-sberbank",
  "481779": "ru-sberbank",
  "481781": "ru-sberbank",
  "482413": "ru-psb",
  "483175": "ru-rsb",
  "483176": "ru-rsb",
  "483177": "ru-rsb",
  "483973": "ru-uralsib",
  "483974": "ru-uralsib",
  "483975": "ru-uralsib",
  "483976": "ru-uralsib",
  "483977": "ru-uralsib",
  "483979": "ru-uralsib",
  "483980": "ru-uralsib",
  "484633": "ru-rnkb",
  "484800": "ru-open",
  "484864": "ru-rsb",
  "485071": "ru-rossiya",
  "485463": "ru-sberbank",
  "485467": "ru-citi",
  "485608": "ru-ucb",
  "485649": "ru-open",
  "485990": "ru-vtb",
  "486031": "ru-trust",
  "486065": "ru-rsb",
  "486076": "ru-mib",
  "486077": "ru-mib",
  "486079": "ru-mib",
  "486317": "ru-vtb",
  "486322": "ru-mob",
  "486666": "ru-citi",
  "487014": "ru-trust",
  "487015": "ru-trust",
  "487016": "ru-trust",
  "487070": "ru-trust",
  "487071": "ru-trust",
  "487072": "ru-trust",
  "487415": "ru-gpb",
  "487416": "ru-gpb",
  "487417": "ru-gpb",
  "488951": "ru-skb",
  "489042": "ru-ucb",
  "489099": "ru-ucb",
  "489169": "ru-uralsib",
  "489195": "ru-vtb",
  "489196": "ru-vtb",
  "489327": "ru-vtb",
  "489347": "ru-vtb",
  "489348": "ru-vtb",
  "489349": "ru-vtb",
  "489350": "ru-vtb",
  "489354": "ru-gpb",
  "490736": "ru-vozrozhdenie",
  "490815": "ru-uralsib",
  "490816": "ru-raiffeisen",
  "490818": "ru-ucb",
  "490855": "ru-ucb",
  "490986": "ru-trust",
  "491831": "ru-sberbank",
  "493475": "ru-trust",
  "494343": "ru-trust",
  "498629": "ru-vtb",
  "498868": "ru-vozrozhdenie",
  "499932": "ru-rosbank",
  "499966": "ru-rosbank",
  "499978": "ru-sovkom",
  "499979": "ru-sovkom",
  "499982": "ru-sovkom",
  "508406": "ru-raiffeisen",
  "510038": "ru-open",
  "510039": "ru-open",
  "510047": "ru-rsb",
  "510069": "ru-raiffeisen",
  "510070": "ru-raiffeisen",
  "510074": "ru-ucb",
  "510092": "ru-rsb",
  "510098": "ru-rosbank",
  "510125": "ru-domrf",
  "510126": "ru-alfa",
  "510144": "ru-vtb",
  "510162": "ru-gpb",
  "510166": "ru-rosbank",
  "510172": "ru-uralsib",
  "510176": "ru-vtb",
  "510177": "ru-vtb",
  "510229": "ru-ubrd",
  "510230": "ru-ubrd",
  "510411": "ru-uralsib",
  "510412": "ru-uralsib",
  "510429": "ru-uralsib",
  "510436": "ru-uralsib",
  "510444": "ru-uralsib",
  "510453": "ru-rosbank",
  "510469": "ru-zenit",
  "510483": "ru-uralsib",
  "510494": "ru-uralsib",
  "510499": "ru-uralsib",
  "510508": "ru-uralsib",
  "510621": "ru-yoomoney",
  "510899": "ru-skb",
  "511223": "ru-gpb",
  "511702": "ru-vtb",
  "511741": "ru-uralsib",
  "512003": "ru-rosbank",
  "512019": "ru-vtb",
  "512082": "ru-rosbank",
  "512273": "ru-ceb",
  "512298": "ru-uralsib",
  "512303": "ru-vtb",
  "512338": "ru-vtb",
  "512347": "ru-gpb",
  "512377": "ru-sviaz",
  "512378": "ru-vtb",
  "512394": "ru-uralsib",
  "512413": "ru-rosbank",
  "512419": "ru-uralsib",
  "512424": "ru-uralsib",
  "512442": "ru-zenit",
  "512444": "ru-ren",
  "512450": "ru-vtb",
  "512463": "ru-akbars",
  "512478": "ru-rgs",
  "512510": "ru-uralsib",
  "512594": "ru-domrf",
  "512636": "ru-uralsib",
  "512641": "ru-domrf",
  "512704": "ru-rosbank",
  "512736": "ru-rosbank",
  "512741": "ru-uralsib",
  "512756": "ru-rosbank",
  "512762": "ru-citi",
  "512771": "ru-rosbank",
  "512777": "ru-uralsib",
  "512788": "ru-uralsib",
  "512808": "ru-rosbank",
  "512821": "ru-domrf",
  "513022": "ru-rosbank",
  "513222": "ru-uralsib",
  "513459": "ru-domrf",
  "513691": "ru-rsb",
  "513769": "ru-domrf",
  "514017": "ru-open",
  "514091": "ru-sviaz",
  "514515": "ru-open",
  "514529": "ru-rosbank",
  "514908": "ru-vtb",
  "514925": "ru-vtb",
  "514930": "ru-rosbank",
  "515129": "ru-rosbank",
  "515243": "ru-open",
  "515487": "ru-sberbank",
  "515488": "ru-sberbank",
  "515497": "ru-sberbank",
  "515503": "ru-sberbank",
  "515512": "ru-rsb",
  "515522": "ru-mts",
  "515532": "ru-rsb",
  "515587": "ru-mib",
  "515605": "ru-rosbank",
  "515668": "ru-open",
  "515739": "ru-mib",
  "515758": "ru-open",
  "515760": "ru-zenit",
  "515763": "ru-domrf",
  "515764": "ru-smp",
  "515774": "ru-otp",
  "515775": "ru-vtb",
  "515792": "ru-uralsib",
  "515805": "ru-domrf",
  "515842": "ru-sberbank",
  "515844": "ru-uralsib",
  "515854": "ru-citi",
  "515861": "ru-uralsib",
  "515862": "ru-domrf",
  "515876": "ru-raiffeisen",
  "515887": "ru-smp",
  "515893": "ru-vtb",
  "515900": "ru-uralsib",
  "516009": "ru-otp",
  "516025": "ru-domrf",
  "516082": "ru-vtb",
  "516084": "ru-vtb",
  "516116": "ru-ren",
  "516150": "ru-ren",
  "516161": "ru-uralsib",
  "516206": "ru-uralsib",
  "516295": "ru-domrf",
  "516333": "ru-zenit",
  "516354": "ru-open",
  "516356": "ru-mib",
  "516358": "ru-zenit",
  "516372": "ru-zenit",
  "516387": "ru-open",
  "516442": "ru-uralsib",
  "516444": "ru-hcf",
  "516448": "ru-uralsib",
  "516451": "ru-vtb",
  "516454": "ru-gpb",
  "516456": "ru-zenit",
  "516473": "ru-psb",
  "516551": "ru-rosbank",
  "516570": "ru-vtb",
  "516587": "ru-vtb",
  "516696": "ru-rosbank",
  "516906": "ru-trust",
  "517079": "ru-spb",
  "517202": "ru-otp",
  "517508": "ru-open",
  "517538": "ru-rosbank",
  "517583": "ru-rosbank",
  "517593": "ru-gpb",
  "517667": "ru-zenit",
  "517807": "ru-domrf",
  "517822": "ru-rosbank",
  "517955": "ru-mts",
  "518025": "ru-uralsib",
  "518027": "ru-sberbank",
  "518033": "ru-vtb",
  "518048": "ru-uralsib",
  "518079": "ru-rosbank",
  "518095": "ru-uralsib",
  "518223": "ru-uralsib",
  "518228": "ru-gpb",
  "518318": "ru-uralsib",
  "518331": "ru-domrf",
  "518365": "ru-gpb",
  "518373": "ru-gpb",
  "518392": "ru-uralsib",
  "518406": "ru-rosbank",
  "518449": "ru-uralsib",
  "518499": "ru-uralsib",
  "518522": "ru-uralsib",
  "518533": "ru-uralsib",
  "518580": "ru-rosbank",
  "518586": "ru-psb",
  "518591": "ru-vtb",
  "518598": "ru-domrf",
  "518607": "ru-uralsib",
  "518621": "ru-uralsib",
  "518629": "ru-open",
  "518640": "ru-vtb",
  "518642": "ru-rosbank",
  "518647": "ru-zenit",
  "518653": "ru-domrf",
  "518681": "ru-avangard",
  "518704": "ru-gpb",
  "518714": "ru-rosbank",
  "518727": "ru-uralsib",
  "518753": "ru-trust",
  "518771": "ru-vtb",
  "518792": "ru-zenit",
  "518795": "ru-rosbank",
  "518796": "ru-open",
  "518803": "ru-open",
  "518805": "ru-uralsib",
  "518816": "ru-gpb",
  "518820": "ru-smp",
  "518827": "ru-sviaz",
  "518864": "ru-rosbank",
  "518874": "ru-uralsib",
  "518876": "ru-psb",
  "518882": "ru-rosbank",
  "518884": "ru-smp",
  "518885": "ru-trust",
  "518889": "ru-rosbank",
  "518901": "ru-tinkoff",
  "518902": "ru-gpb",
  "518909": "ru-uralsib",
  "518911": "ru-uralsib",
  "518946": "ru-psb",
  "518970": "ru-psb",
  "518971": "ru-sviaz",
  "518977": "ru-psb",
  "518981": "ru-psb",
  "518996": "ru-ucb",
  "518997": "ru-ucb",
  "519304": "ru-vtb",
  "519327": "ru-domrf",
  "519333": "ru-psb",
  "519346": "ru-uralsib",
  "519350": "ru-domrf",
  "519390": "ru-psb",
  "519747": "ru-alfa",
  "519778": "ru-alfa",
  "519998": "ru-vtb",
  "520006": "ru-uralsib",
  "520020": "ru-mkb",
  "520035": "ru-uralsib",
  "520047": "ru-rosbank",
  "520062": "ru-uralsib",
  "520085": "ru-psb",
  "520088": "ru-psb",
  "520093": "ru-domrf",
  "520113": "ru-mib",
  "520306": "ru-citi",
  "520324": "ru-open",
  "520341": "ru-zenit",
  "520347": "ru-avangard",
  "520348": "ru-rosbank",
  "520349": "ru-open",
  "520350": "ru-zenit",
  "520373": "ru-psb",
  "520633": "ru-sberbank",
  "520634": "ru-open",
  "520666": "ru-domrf",
  "520685": "ru-zenit",
  "520690": "ru-mib",
  "520902": "ru-rosbank",
  "520905": "ru-ren",
  "520920": "ru-smp",
  "520935": "ru-akbars",
  "520957": "ru-ceb",
  "520985": "ru-akbars",
  "520993": "ru-citi",
  "520996": "ru-uralsib",
  "521124": "ru-psb",
  "521144": "ru-ceb",
  "521145": "ru-hcf",
  "521155": "ru-gpb",
  "521159": "ru-mts",
  "521172": "ru-rgs",
  "521178": "ru-alfa",
  "521194": "ru-zenit",
  "521310": "ru-rgs",
  "521324": "ru-tinkoff",
  "521326": "ru-smp",
  "521330": "ru-otp",
  "521342": "ru-uralsib",
  "521374": "ru-rosbank",
  "521381": "ru-uralsib",
  "521386": "ru-open",
  "521400": "ru-sberbank",
  "521438": "ru-rosbank",
  "521504": "ru-uralsib",
  "521508": "ru-rosbank",
  "521528": "ru-mob",
  "521589": "ru-zenit",
  "521658": "ru-uralsib",
  "521779": "ru-uralsib",
  "521801": "ru-mkb",
  "521830": "ru-ceb",
  "521847": "ru-uralsib",
  "521879": "ru-uralsib",
  "522016": "ru-uralsib",
  "522031": "ru-spb",
  "522042": "ru-domrf",
  "522083": "ru-uralsib",
  "522193": "ru-gpb",
  "522199": "ru-hcf",
  "522203": "ru-vtb",
  "522212": "ru-uralsib",
  "522223": "ru-avangard",
  "522224": "ru-avangard",
  "522319": "ru-vtb",
  "522327": "ru-vtb",
  "522329": "ru-vtb",
  "522332": "ru-vtb",
  "522455": "ru-rsb",
  "522456": "ru-zenit",
  "522458": "ru-ucb",
  "522459": "ru-open",
  "522470": "ru-otp",
  "522477": "ru-gpb",
  "522511": "ru-rosbank",
  "522513": "ru-rosbank",
  "522582": "ru-vtb",
  "522588": "ru-rsb",
  "522592": "ru-cetelem",
  "522598": "ru-vtb",
  "522614": "ru-uralsib",
  "522620": "ru-spb",
  "522640": "ru-rgs",
  "522705": "ru-rosbank",
  "522711": "ru-rosbank",
  "522723": "ru-vtb",
  "522775": "ru-vtb",
  "522826": "ru-gpb",
  "522828": "ru-alfa",
  "522851": "ru-zenit",
  "522858": "ru-spb",
  "522860": "ru-sberbank",
  "522862": "ru-domrf",
  "522863": "ru-rosbank",
  "522876": "ru-vtb",
  "522970": "ru-smp",
  "522988": "ru-gpb",
  "522989": "ru-gpb",
  "523281": "ru-uralsib",
  "523436": "ru-domrf",
  "523452": "ru-vtb",
  "523481": "ru-vtb",
  "523510": "ru-trust",
  "523546": "ru-domrf",
  "523558": "ru-domrf",
  "523688": "ru-psb",
  "523701": "ru-alfa",
  "523715": "ru-spb",
  "523755": "ru-zenit",
  "523760": "ru-vtb",
  "523769": "ru-mib",
  "523787": "ru-rosbank",
  "523922": "ru-rosbank",
  "524001": "ru-rosbank",
  "524004": "ru-uralsib",
  "524068": "ru-uralsib",
  "524305": "ru-vtb",
  "524381": "ru-rsb",
  "524390": "ru-uralsib",
  "524448": "ru-rshb",
  "524468": "ru-tinkoff",
  "524477": "ru-vtb",
  "524595": "ru-vtb",
  "524602": "ru-mts",
  "524614": "ru-rosbank",
  "524620": "ru-citi",
  "524655": "ru-mkb",
  "524665": "ru-ceb",
  "524776": "ru-uralsib",
  "524835": "ru-hcf",
  "524838": "ru-open",
  "524846": "ru-zenit",
  "524853": "ru-mib",
  "524861": "ru-rosbank",
  "524895": "ru-vtb",
  "525236": "ru-uralsib",
  "525247": "ru-rosbank",
  "525248": "ru-uralsib",
  "525443": "ru-uralsib",
  "525446": "ru-rshb",
  "525494": "ru-psb",
  "525551": "ru-vtb",
  "525689": "ru-citi",
  "525696": "ru-uralsib",
  "525719": "ru-open",
  "525740": "ru-gpb",
  "525741": "ru-rosbank",
  "525751": "ru-uralsib",
  "525758": "ru-domrf",
  "525768": "ru-domrf",
  "525773": "ru-vtb",
  "525776": "ru-rosbank",
  "525778": "ru-rosbank",
  "525780": "ru-gpb",
  "525781": "ru-rosbank",
  "525782": "ru-uralsib",
  "525791": "ru-uralsib",
  "525794": "ru-rosbank",
  "525828": "ru-open",
  "525833": "ru-gpb",
  "525932": "ru-trust",
  "525933": "ru-hcf",
  "525936": "ru-rosbank",
  "526037": "ru-vtb",
  "526090": "ru-domrf",
  "526204": "ru-uralsib",
  "526220": "ru-sberbank",
  "526255": "ru-tinkoff",
  "526280": "ru-psb",
  "526393": "ru-domrf",
  "526462": "ru-rosbank",
  "526469": "ru-psb",
  "526483": "ru-gpb",
  "526532": "ru-vtb",
  "526589": "ru-vtb",
  "526777": "ru-rosbank",
  "526818": "ru-rgs",
  "526839": "ru-otp",
  "526857": "ru-vtb",
  "526868": "ru-psb",
  "526870": "ru-vtb",
  "526873": "ru-vtb",
  "526891": "ru-zenit",
  "526940": "ru-domrf",
  "526958": "ru-uralsib",
  "526981": "ru-rosbank",
  "526984": "ru-rosbank",
  "526992": "ru-uralsib",
  "527001": "ru-uralsib",
  "527023": "ru-mob",
  "527093": "ru-vbrr",
  "527196": "ru-uralsib",
  "527269": "ru-spb",
  "527317": "ru-vtb",
  "527348": "ru-sviaz",
  "527349": "ru-pochta",
  "527393": "ru-rosbank",
  "527415": "ru-domrf",
  "527444": "ru-gpb",
  "527574": "ru-uralsib",
  "527576": "ru-sberbank",
  "527594": "ru-citi",
  "527622": "ru-domrf",
  "527640": "ru-rosbank",
  "527643": "ru-rosbank",
  "527652": "ru-vtb",
  "527658": "ru-uralsib",
  "527663": "ru-rosbank",
  "527766": "ru-uralsib",
  "527775": "ru-uralsib",
  "527785": "ru-vtb",
  "527792": "ru-mib",
  "527798": "ru-vtb",
  "527883": "ru-vtb",
  "528014": "ru-uralsib",
  "528015": "ru-rosbank",
  "528016": "ru-domrf",
  "528041": "ru-tinkoff",
  "528053": "ru-raiffeisen",
  "528068": "ru-smp",
  "528090": "ru-rosbank",
  "528096": "ru-vtb",
  "528154": "ru-vtb",
  "528236": "ru-vtb",
  "528237": "ru-uralsib",
  "528270": "ru-rosbank",
  "528285": "ru-vtb",
  "528528": "ru-vtb",
  "528588": "ru-akbars",
  "528589": "ru-rosbank",
  "528591": "ru-domrf",
  "528593": "ru-domrf",
  "528701": "ru-psb",
  "528704": "ru-uralsib",
  "528808": "ru-raiffeisen",
  "528809": "ru-raiffeisen",
  "528819": "ru-rosbank",
  "528831": "ru-uralsib",
  "528899": "ru-uralsib",
  "528933": "ru-rosbank",
  "529025": "ru-vtb",
  "529034": "ru-trust",
  "529047": "ru-trust",
  "529071": "ru-uralsib",
  "529100": "ru-rosbank",
  "529101": "ru-rosbank",
  "529158": "ru-vtb",
  "529160": "ru-psb",
  "529168": "ru-vtb",
  "529208": "ru-zenit",
  "529230": "ru-vtb",
  "529247": "ru-rosbank",
  "529253": "ru-spb",
  "529260": "ru-open",
  "529273": "ru-uralsib",
  "529278": "ru-gpb",
  "529293": "ru-uralsib",
  "529294": "ru-open",
  "529295": "ru-smp",
  "529325": "ru-rosbank",
  "529426": "ru-vtb",
  "529436": "ru-uralsib",
  "529437": "ru-rosbank",
  "529438": "ru-vtb",
  "529446": "ru-domrf",
  "529450": "ru-uralsib",
  "529453": "ru-uralsib",
  "529460": "ru-vtb",
  "529461": "ru-uralsib",
  "529488": "ru-gpb",
  "529497": "ru-domrf",
  "529813": "ru-rosbank",
  "529856": "ru-vtb",
  "529860": "ru-uralsib",
  "529862": "ru-rosbank",
  "529884": "ru-vtb",
  "529889": "ru-sviaz",
  "529898": "ru-uralsib",
  "529938": "ru-vtb",
  "529968": "ru-otp",
  "529969": "ru-domrf",
  "530035": "ru-uralsib",
  "530036": "ru-smp",
  "530078": "ru-domrf",
  "530114": "ru-gpb",
  "530142": "ru-uralsib",
  "530143": "ru-uralsib",
  "530145": "ru-tcb",
  "530171": "ru-sviaz",
  "530172": "ru-ucb",
  "530174": "ru-open",
  "530176": "ru-vtb",
  "530183": "ru-open",
  "530184": "ru-vtb",
  "530189": "ru-rossiya",
  "530215": "ru-rosbank",
  "530229": "ru-vtb",
  "530266": "ru-citi",
  "530279": "ru-uralsib",
  "530331": "ru-alfa",
  "530403": "ru-open",
  "530412": "ru-rosbank",
  "530413": "ru-atb",
  "530416": "ru-rosbank",
  "530429": "ru-vtb",
  "530441": "ru-psb",
  "530526": "ru-uralsib",
  "530527": "ru-rosbank",
  "530758": "ru-uralsib",
  "530775": "ru-vtb",
  "530800": "ru-rosbank",
  "530827": "ru-alfa",
  "530829": "ru-sberbank",
  "530867": "ru-raiffeisen",
  "530900": "ru-spb",
  "530974": "ru-vtb",
  "530979": "ru-uralsib",
  "530993": "ru-gpb",
  "531013": "ru-open",
  "531034": "ru-ceb",
  "531038": "ru-uralsib",
  "531073": "ru-uralsib",
  "531207": "ru-uralsib",
  "531222": "ru-rosbank",
  "531233": "ru-vtb",
  "531236": "ru-ucb",
  "531310": "ru-sberbank",
  "531315": "ru-ren",
  "531316": "ru-avangard",
  "531317": "ru-vtb",
  "531318": "ru-trust",
  "531327": "ru-hcf",
  "531332": "ru-sviaz",
  "531344": "ru-ucb",
  "531362": "ru-zenit",
  "531428": "ru-otp",
  "531452": "ru-vtb",
  "531456": "ru-vtb",
  "531534": "ru-psb",
  "531562": "ru-uralsib",
  "531652": "ru-domrf",
  "531657": "ru-uralsib",
  "531674": "ru-open",
  "531692": "ru-vtb",
  "531733": "ru-mts",
  "531809": "ru-citi",
  "531853": "ru-uralsib",
  "531855": "ru-vtb",
  "531858": "ru-uralsib",
  "531866": "ru-vtb",
  "531941": "ru-spb",
  "531943": "ru-psb",
  "531963": "ru-vtb",
  "531996": "ru-vtb",
  "532058": "ru-rosbank",
  "532130": "ru-open",
  "532184": "ru-mkb",
  "532186": "ru-spb",
  "532187": "ru-vtb",
  "532299": "ru-rosbank",
  "532301": "ru-open",
  "532310": "ru-domrf",
  "532315": "ru-ceb",
  "532320": "ru-uralsib",
  "532325": "ru-cetelem",
  "532326": "ru-cetelem",
  "532328": "ru-uralsib",
  "532330": "ru-vtb",
  "532334": "ru-domrf",
  "532336": "ru-rosbank",
  "532356": "ru-vbrr",
  "532421": "ru-psb",
  "532436": "ru-domrf",
  "532441": "ru-domrf",
  "532461": "ru-zenit",
  "532463": "ru-zenit",
  "532465": "ru-vtb",
  "532472": "ru-uralsib",
  "532475": "ru-uralsib",
  "532583": "ru-uralsib",
  "532586": "ru-sviaz",
  "532682": "ru-hcf",
  "532684": "ru-gpb",
  "532809": "ru-rosbank",
  "532837": "ru-open",
  "532917": "ru-domrf",
  "532921": "ru-domrf",
  "532947": "ru-atb",
  "532974": "ru-citi",
  "533166": "ru-uralsib",
  "533201": "ru-citi",
  "533205": "ru-sberbank",
  "533206": "ru-avangard",
  "533208": "ru-sberbank",
  "533213": "ru-mts",
  "533214": "ru-zenit",
  "533327": "ru-gpb",
  "533469": "ru-rsb",
  "533594": "ru-raiffeisen",
  "533595": "ru-sovkom",
  "533611": "ru-uralsib",
  "533616": "ru-raiffeisen",
  "533668": "ru-sviaz",
  "533669": "ru-sberbank",
  "533681": "ru-citi",
  "533684": "ru-rosbank",
  "533685": "ru-otp",
  "533689": "ru-rsb",
  "533722": "ru-uralsib",
  "533725": "ru-domrf",
  "533736": "ru-mts",
  "533794": "ru-uralsib",
  "533795": "ru-rosbank",
  "533879": "ru-rosbank",
  "533925": "ru-rosbank",
  "533954": "ru-zenit",
  "534128": "ru-uralsib",
  "534130": "ru-gpb",
  "534132": "ru-uralsib",
  "534133": "ru-vtb",
  "534134": "ru-domrf",
  "534135": "ru-vtb",
  "534136": "ru-uralsib",
  "534148": "ru-uralsib",
  "534156": "ru-uralsib",
  "534162": "ru-rshb",
  "534171": "ru-gpb",
  "534182": "ru-domrf",
  "534183": "ru-domrf",
  "534194": "ru-uralsib",
  "534196": "ru-gpb",
  "534245": "ru-vtb",
  "534254": "ru-psb",
  "534265": "ru-uralsib",
  "534266": "ru-rsb",
  "534293": "ru-rosbank",
  "534296": "ru-uralsib",
  "534297": "ru-rosbank",
  "534299": "ru-vtb",
  "534449": "ru-rosbank",
  "534462": "ru-psb",
  "534469": "ru-open",
  "534479": "ru-spb",
  "534493": "ru-vtb",
  "534495": "ru-psb",
  "534526": "ru-vtb",
  "534577": "ru-rosbank",
  "534601": "ru-vtb",
  "534645": "ru-rosbank",
  "534661": "ru-open",
  "534669": "ru-open",
  "534809": "ru-uralsib",
  "534921": "ru-rosbank",
  "534927": "ru-uralsib",
  "535023": "ru-psb",
  "535027": "ru-open",
  "535058": "ru-psb",
  "535067": "ru-rosbank",
  "535082": "ru-vtb",
  "535108": "ru-open",
  "535849": "ru-vtb",
  "535946": "ru-avangard",
  "536095": "ru-open",
  "536109": "ru-rosbank",
  "536114": "ru-trust",
  "536176": "ru-uralsib",
  "536186": "ru-uralsib",
  "536236": "ru-uralsib",
  "536244": "ru-vtb",
  "536250": "ru-vtb",
  "536261": "ru-vtb",
  "536267": "ru-uralsib",
  "536370": "ru-vtb",
  "536392": "ru-raiffeisen",
  "536393": "ru-vtb",
  "536400": "ru-uralsib",
  "536409": "ru-rshb",
  "536443": "ru-domrf",
  "536454": "ru-uralsib",
  "536456": "ru-vtb",
  "536464": "ru-domrf",
  "536466": "ru-mib",
  "536500": "ru-hcf",
  "536511": "ru-hcf",
  "536519": "ru-vtb",
  "536554": "ru-sviaz",
  "536569": "ru-rosbank",
  "536672": "ru-mts",
  "536825": "ru-open",
  "536829": "ru-vtb",
  "536960": "ru-uralsib",
  "536961": "ru-sberbank",
  "536995": "ru-spb",
  "536997": "ru-vtb",
  "537627": "ru-gpb",
  "537643": "ru-alfa",
  "537705": "ru-uralsib",
  "537709": "ru-uralsib",
  "537713": "ru-domrf",
  "537715": "ru-uralsib",
  "537716": "ru-uralsib",
  "537717": "ru-uralsib",
  "537718": "ru-uralsib",
  "537729": "ru-domrf",
  "537730": "ru-uralsib",
  "537735": "ru-vtb",
  "537737": "ru-domrf",
  "537965": "ru-raiffeisen",
  "538010": "ru-rshb",
  "538395": "ru-domrf",
  "538397": "ru-uralsib",
  "538800": "ru-uralsib",
  "538802": "ru-vtb",
  "538816": "ru-uralsib",
  "538828": "ru-domrf",
  "538921": "ru-vtb",
  "538994": "ru-tinkoff",
  "538998": "ru-uralsib",
  "539102": "ru-rosbank",
  "539114": "ru-ceb",
  "539607": "ru-zenit",
  "539613": "ru-zenit",
  "539617": "ru-uralsib",
  "539621": "ru-psb",
  "539664": "ru-rosbank",
  "539673": "ru-avangard",
  "539704": "ru-psb",
  "539705": "ru-rosbank",
  "539710": "ru-uralsib",
  "539712": "ru-rosbank",
  "539714": "ru-open",
  "539718": "ru-open",
  "539719": "ru-vtb",
  "539726": "ru-citi",
  "539838": "ru-spb",
  "539839": "ru-gpb",
  "539850": "ru-zenit",
  "539861": "ru-psb",
  "539864": "ru-domrf",
  "539865": "ru-domrf",
  "539877": "ru-rshb",
  "539896": "ru-open",
  "539898": "ru-zenit",
  "540014": "ru-domrf",
  "540032": "ru-vtb",
  "540035": "ru-rosbank",
  "540053": "ru-rosbank",
  "540111": "ru-uralsib",
  "540149": "ru-rosbank",
  "540217": "ru-vtb",
  "540229": "ru-rosbank",
  "540308": "ru-domrf",
  "540400": "ru-uralsib",
  "540489": "ru-domrf",
  "540602": "ru-domrf",
  "540616": "ru-mts",
  "540664": "ru-gpb",
  "540674": "ru-rossiya",
  "540687": "ru-uralsib",
  "540708": "ru-gpb",
  "540768": "ru-uralsib",
  "540788": "ru-citi",
  "540794": "ru-uralsib",
  "540814": "ru-vtb",
  "540834": "ru-uralsib",
  "540849": "ru-vtb",
  "540915": "ru-vtb",
  "540923": "ru-uralsib",
  "540927": "ru-domrf",
  "540989": "ru-vtb",
  "541023": "ru-open",
  "541031": "ru-rosbank",
  "541159": "ru-vtb",
  "541162": "ru-vtb",
  "541190": "ru-alfa",
  "541269": "ru-psb",
  "541354": "ru-uralsib",
  "541435": "ru-mts",
  "541450": "ru-ceb",
  "541456": "ru-uralsib",
  "541503": "ru-psb",
  "541600": "ru-spb",
  "541632": "ru-uralsib",
  "541642": "ru-vtb",
  "541715": "ru-vtb",
  "541723": "ru-vtb",
  "541754": "ru-zenit",
  "541778": "ru-zenit",
  "541789": "ru-uralsib",
  "541895": "ru-domrf",
  "541903": "ru-rosbank",
  "541904": "ru-rosbank",
  "541913": "ru-vtb",
  "541917": "ru-vtb",
  "541920": "ru-uralsib",
  "541975": "ru-domrf",
  "541983": "ru-uralsib",
  "541997": "ru-rosbank",
  "542033": "ru-mkb",
  "542048": "ru-rsb",
  "542049": "ru-vtb",
  "542058": "ru-rosbank",
  "542061": "ru-uralsib",
  "542074": "ru-rossiya",
  "542093": "ru-vtb",
  "542104": "ru-vtb",
  "542112": "ru-uralsib",
  "542246": "ru-uralsib",
  "542247": "ru-gpb",
  "542255": "ru-gpb",
  "542289": "ru-open",
  "542340": "ru-psb",
  "542475": "ru-open",
  "542501": "ru-open",
  "542577": "ru-alfa",
  "542581": "ru-domrf",
  "542593": "ru-vtb",
  "542600": "ru-domrf",
  "542601": "ru-vtb",
  "542654": "ru-atb",
  "542772": "ru-raiffeisen",
  "542932": "ru-domrf",
  "542963": "ru-rosbank",
  "543019": "ru-open",
  "543101": "ru-spb",
  "543127": "ru-rosbank",
  "543211": "ru-mkb",
  "543236": "ru-zenit",
  "543326": "ru-open",
  "543334": "ru-rosbank",
  "543354": "ru-uralsib",
  "543367": "ru-gpb",
  "543435": "ru-uralsib",
  "543618": "ru-domrf",
  "543620": "ru-sviaz",
  "543664": "ru-domrf",
  "543672": "ru-gpb",
  "543724": "ru-spb",
  "543728": "ru-domrf",
  "543749": "ru-uralsib",
  "543762": "ru-gpb",
  "543763": "ru-sberbank",
  "543807": "ru-uralsib",
  "543874": "ru-psb",
  "543942": "ru-sberbank",
  "544022": "ru-spb",
  "544025": "ru-zenit",
  "544026": "ru-gpb",
  "544069": "ru-domrf",
  "544092": "ru-open",
  "544123": "ru-mts",
  "544175": "ru-uralsib",
  "544195": "ru-uralsib",
  "544212": "ru-domrf",
  "544218": "ru-open",
  "544237": "ru-raiffeisen",
  "544261": "ru-vtb",
  "544263": "ru-rosbank",
  "544270": "ru-domrf",
  "544272": "ru-uralsib",
  "544286": "ru-rosbank",
  "544320": "ru-vtb",
  "544326": "ru-uralsib",
  "544331": "ru-psb",
  "544343": "ru-open",
  "544363": "ru-raiffeisen",
  "544367": "ru-uralsib",
  "544369": "ru-uralsib",
  "544374": "ru-rosbank",
  "544380": "ru-vtb",
  "544429": "ru-rsb",
  "544432": "ru-gpb",
  "544439": "ru-uralsib",
  "544462": "ru-uralsib",
  "544491": "ru-rosbank",
  "544499": "ru-open",
  "544552": "ru-uralsib",
  "544559": "ru-sberbank",
  "544561": "ru-gpb",
  "544573": "ru-open",
  "544714": "ru-tinkoff",
  "544754": "ru-domrf",
  "544800": "ru-psb",
  "544852": "ru-zenit",
  "544885": "ru-domrf",
  "544886": "ru-atb",
  "544901": "ru-open",
  "544905": "ru-rosbank",
  "544939": "ru-mkb",
  "544962": "ru-open",
  "545022": "ru-rosbank",
  "545036": "ru-alfa",
  "545037": "ru-sberbank",
  "545101": "ru-gpb",
  "545115": "ru-raiffeisen",
  "545117": "ru-zenit",
  "545151": "ru-rosbank",
  "545152": "ru-sberbank",
  "545160": "ru-rsb",
  "545182": "ru-citi",
  "545200": "ru-open",
  "545204": "ru-rosbank",
  "545214": "ru-otp",
  "545224": "ru-vtb",
  "545251": "ru-ceb",
  "545261": "ru-rosbank",
  "545266": "ru-uralsib",
  "545272": "ru-uralsib",
  "545350": "ru-psb",
  "545362": "ru-domrf",
  "545364": "ru-rosbank",
  "545379": "ru-rosbank",
  "545452": "ru-vtb",
  "545472": "ru-uralsib",
  "545490": "ru-domrf",
  "545511": "ru-domrf",
  "545529": "ru-rosbank",
  "545539": "ru-uralsib",
  "545547": "ru-rosbank",
  "545572": "ru-rosbank",
  "545575": "ru-rosbank",
  "545592": "ru-uralsib",
  "545601": "ru-sberbank",
  "545655": "ru-uralsib",
  "545701": "ru-uralsib",
  "545742": "ru-uralsib",
  "545744": "ru-uralsib",
  "545746": "ru-rosbank",
  "545761": "ru-uralsib",
  "545762": "ru-hcf",
  "545778": "ru-uralsib",
  "545789": "ru-uralsib",
  "545792": "ru-uralsib",
  "545799": "ru-uralsib",
  "545807": "ru-gpb",
  "545817": "ru-uralsib",
  "545840": "ru-sberbank",
  "545868": "ru-uralsib",
  "545896": "ru-zenit",
  "545929": "ru-zenit",
  "545951": "ru-rosbank",
  "546031": "ru-sberbank",
  "546039": "ru-psb",
  "546339": "ru-uralsib",
  "546340": "ru-uralsib",
  "546468": "ru-uralsib",
  "546551": "ru-uralsib",
  "546565": "ru-vtb",
  "546593": "ru-uralsib",
  "546662": "ru-uralsib",
  "546679": "ru-uralsib",
  "546717": "ru-vtb",
  "546718": "ru-uralsib",
  "546737": "ru-rosbank",
  "546747": "ru-vtb",
  "546766": "ru-psb",
  "546816": "ru-vtb",
  "546842": "ru-uralsib",
  "546850": "ru-sovkom",
  "546901": "ru-sberbank",
  "546902": "ru-sberbank",
  "546903": "ru-sberbank",
  "546904": "ru-sberbank",
  "546905": "ru-sberbank",
  "546906": "ru-sberbank",
  "546907": "ru-sberbank",
  "546908": "ru-sberbank",
  "546909": "ru-sberbank",
  "546910": "ru-sberbank",
  "546911": "ru-sberbank",
  "546912": "ru-sberbank",
  "546913": "ru-sberbank",
  "546916": "ru-sberbank",
  "546917": "ru-sberbank",
  "546918": "ru-sberbank",
  "546920": "ru-sberbank",
  "546922": "ru-sberbank",
  "546925": "ru-sberbank",
  "546926": "ru-sberbank",
  "546927": "ru-sberbank",
  "546928": "ru-sberbank",
  "546929": "ru-sberbank",
  "546930": "ru-sberbank",
  "546931": "ru-sberbank",
  "546932": "ru-sberbank",
  "546933": "ru-sberbank",
  "546935": "ru-sberbank",
  "546936": "ru-sberbank",
  "546937": "ru-sberbank",
  "546938": "ru-sberbank",
  "546939": "ru-sberbank",
  "546940": "ru-sberbank",
  "546941": "ru-sberbank",
  "546942": "ru-sberbank",
  "546943": "ru-sberbank",
  "546944": "ru-sberbank",
  "546945": "ru-sberbank",
  "546946": "ru-sberbank",
  "546947": "ru-sberbank",
  "546948": "ru-sberbank",
  "546949": "ru-sberbank",
  "546950": "ru-sberbank",
  "546951": "ru-sberbank",
  "546952": "ru-sberbank",
  "546953": "ru-sberbank",
  "546954": "ru-sberbank",
  "546955": "ru-sberbank",
  "546956": "ru-sberbank",
  "546959": "ru-sberbank",
  "546960": "ru-sberbank",
  "546961": "ru-sberbank",
  "546962": "ru-sberbank",
  "546963": "ru-sberbank",
  "546964": "ru-sberbank",
  "546966": "ru-sberbank",
  "546967": "ru-sberbank",
  "546968": "ru-sberbank",
  "546969": "ru-sberbank",
  "546970": "ru-sberbank",
  "546972": "ru-sberbank",
  "546974": "ru-sberbank",
  "546975": "ru-sberbank",
  "546976": "ru-sberbank",
  "546977": "ru-sberbank",
  "546998": "ru-sberbank",
  "546999": "ru-sberbank",
  "547036": "ru-sberbank",
  "547043": "ru-spb",
  "547070": "ru-rosbank",
  "547127": "ru-raiffeisen",
  "547186": "ru-rgs",
  "547209": "ru-vtb",
  "547214": "ru-vtb",
  "547228": "ru-rosbank",
  "547236": "ru-vtb",
  "547237": "ru-open",
  "547238": "ru-vtb",
  "547251": "ru-rosbank",
  "547258": "ru-uralsib",
  "547262": "ru-rsb",
  "547286": "ru-open",
  "547293": "ru-rosbank",
  "547298": "ru-uralsib",
  "547300": "ru-uralsib",
  "547306": "ru-uralsib",
  "547314": "ru-uralsib",
  "547319": "ru-uralsib",
  "547324": "ru-uralsib",
  "547329": "ru-psb",
  "547348": "ru-gpb",
  "547421": "ru-uralsib",
  "547447": "ru-uralsib",
  "547449": "ru-open",
  "547450": "ru-alfa",
  "547470": "ru-rosbank",
  "547490": "ru-citi",
  "547547": "ru-uralsib",
  "547550": "ru-ceb",
  "547553": "ru-vtb",
  "547563": "ru-uralsib",
  "547576": "ru-uralsib",
  "547580": "ru-uralsib",
  "547601": "ru-rshb",
  "547610": "ru-domrf",
  "547613": "ru-raiffeisen",
  "547616": "ru-open",
  "547656": "ru-vtb",
  "547665": "ru-uralsib",
  "547681": "ru-rosbank",
  "547699": "ru-uralsib",
  "547722": "ru-uralsib",
  "547728": "ru-ucb",
  "547743": "ru-vozrozhdenie",
  "547761": "ru-uralsib",
  "547779": "ru-vtb",
  "547796": "ru-tcb",
  "547851": "ru-uralsib",
  "547859": "ru-domrf",
  "547901": "ru-sberbank",
  "547902": "ru-sberbank",
  "547905": "ru-sberbank",
  "547906": "ru-sberbank",
  "547907": "ru-sberbank",
  "547910": "ru-sberbank",
  "547911": "ru-sberbank",
  "547912": "ru-sberbank",
  "547913": "ru-sberbank",
  "547920": "ru-sberbank",
  "547922": "ru-sberbank",
  "547925": "ru-sberbank",
  "547926": "ru-sberbank",
  "547927": "ru-sberbank",
  "547928": "ru-sberbank",
  "547930": "ru-sberbank",
  "547931": "ru-sberbank",
  "547932": "ru-sberbank",
  "547935": "ru-sberbank",
  "547936": "ru-sberbank",
  "547937": "ru-sberbank",
  "547938": "ru-sberbank",
  "547940": "ru-sberbank",
  "547942": "ru-sberbank",
  "547943": "ru-sberbank",
  "547944": "ru-sberbank",
  "547945": "ru-sberbank",
  "547947": "ru-sberbank",
  "547948": "ru-sberbank",
  "547949": "ru-sberbank",
  "547950": "ru-sberbank",
  "547951": "ru-sberbank",
  "547952": "ru-sberbank",
  "547953": "ru-sberbank",
  "547954": "ru-sberbank",
  "547955": "ru-sberbank",
  "547956": "ru-sberbank",
  "547959": "ru-sberbank",
  "547960": "ru-sberbank",
  "547961": "ru-sberbank",
  "547962": "ru-sberbank",
  "547964": "ru-sberbank",
  "547966": "ru-sberbank",
  "547969": "ru-sberbank",
  "547972": "ru-sberbank",
  "547976": "ru-sberbank",
  "547998": "ru-sberbank",
  "547999": "ru-sberbank",
  "548003": "ru-vtb",
  "548027": "ru-gpb",
  "548035": "ru-mts",
  "548048": "ru-rshb",
  "548073": "ru-domrf",
  "548106": "ru-open",
  "548137": "ru-uralsib",
  "548138": "ru-uralsib",
  "548164": "ru-raiffeisen",
  "548172": "ru-psb",
  "548173": "ru-domrf",
  "548177": "ru-uralsib",
  "548186": "ru-sviaz",
  "548198": "ru-rosbank",
  "548204": "ru-domrf",
  "548205": "ru-uralsib",
  "548214": "ru-uralsib",
  "548218": "ru-vtb",
  "548225": "ru-rosbank",
  "548226": "ru-vtb",
  "548233": "ru-uralsib",
  "548235": "ru-rsb",
  "548246": "ru-uralsib",
  "548249": "ru-rosbank",
  "548256": "ru-vtb",
  "548257": "ru-vtb",
  "548272": "ru-uralsib",
  "548291": "ru-uralsib",
  "548294": "ru-uralsib",
  "548301": "ru-domrf",
  "548308": "ru-psb",
  "548309": "ru-psb",
  "548326": "ru-uralsib",
  "548328": "ru-gpb",
  "548335": "ru-domrf",
  "548351": "ru-mib",
  "548386": "ru-skb",
  "548401": "ru-sberbank",
  "548402": "ru-sberbank",
  "548403": "ru-sberbank",
  "548405": "ru-sberbank",
  "548406": "ru-sberbank",
  "548407": "ru-sberbank",
  "548409": "ru-rosbank",
  "548410": "ru-sberbank",
  "548411": "ru-sberbank",
  "548412": "ru-sberbank",
  "548413": "ru-sberbank",
  "548416": "ru-sberbank",
  "548420": "ru-sberbank",
  "548422": "ru-sberbank",
  "548425": "ru-sberbank",
  "548426": "ru-sberbank",
  "548427": "ru-sberbank",
  "548428": "ru-sberbank",
  "548429": "ru-psb",
  "548430": "ru-sberbank",
  "548431": "ru-sberbank",
  "548432": "ru-sberbank",
  "548435": "ru-sberbank",
  "548436": "ru-sberbank",
  "548438": "ru-sberbank",
  "548440": "ru-sberbank",
  "548442": "ru-sberbank",
  "548443": "ru-sberbank",
  "548444": "ru-sberbank",
  "548445": "ru-sberbank",
  "548447": "ru-sberbank",
  "548448": "ru-sberbank",
  "548449": "ru-sberbank",
  "548450": "ru-sberbank",
  "548451": "ru-sberbank",
  "548452": "ru-sberbank",
  "548453": "ru-uralsib",
  "548454": "ru-sberbank",
  "548455": "ru-sberbank",
  "548456": "ru-sberbank",
  "548459": "ru-sberbank",
  "548460": "ru-sberbank",
  "548461": "ru-sberbank",
  "548462": "ru-sberbank",
  "548463": "ru-sberbank",
  "548464": "ru-sberbank",
  "548466": "ru-sberbank",
  "548468": "ru-sberbank",
  "548469": "ru-sberbank",
  "548470": "ru-sberbank",
  "548472": "ru-sberbank",
  "548476": "ru-sberbank",
  "548477": "ru-sberbank",
  "548490": "ru-domrf",
  "548498": "ru-sberbank",
  "548499": "ru-sberbank",
  "548501": "ru-sberbank",
  "548508": "ru-raiffeisen",
  "548554": "ru-domrf",
  "548565": "ru-vtb",
  "548571": "ru-uralsib",
  "548588": "ru-uralsib",
  "548589": "ru-vtb",
  "548601": "ru-alfa",
  "548645": "ru-vtb",
  "548655": "ru-alfa",
  "548673": "ru-alfa",
  "548674": "ru-alfa",
  "548688": "ru-open",
  "548704": "ru-uralsib",
  "548706": "ru-vtb",
  "548707": "ru-uralsib",
  "548713": "ru-tcb",
  "548714": "ru-uralsib",
  "548715": "ru-uralsib",
  "548745": "ru-hcf",
  "548752": "ru-uralsib",
  "548753": "ru-domrf",
  "548754": "ru-domrf",
  "548764": "ru-open",
  "548767": "ru-zenit",
  "548768": "ru-zenit",
  "548771": "ru-zenit",
  "548783": "ru-domrf",
  "548785": "ru-domrf",
  "548791": "ru-gpb",
  "548796": "ru-rosbank",
  "548842": "ru-vtb",
  "548845": "ru-sberbank",
  "548899": "ru-uralsib",
  "548921": "ru-rosbank",
  "548996": "ru-uralsib",
  "548997": "ru-uralsib",
  "548999": "ru-gpb",
  "549000": "ru-gpb",
  "549014": "ru-uralsib",
  "549015": "ru-uralsib",
  "549024": "ru-open",
  "549025": "ru-open",
  "549068": "ru-rosbank",
  "549071": "ru-skb",
  "549074": "ru-domrf",
  "549081": "ru-rosbank",
  "549098": "ru-gpb",
  "549203": "ru-mkb",
  "549223": "ru-vtb",
  "549229": "ru-uralsib",
  "549251": "ru-uralsib",
  "549255": "ru-uralsib",
  "549256": "ru-uralsib",
  "549258": "ru-domrf",
  "549264": "ru-uralsib",
  "549268": "ru-rosbank",
  "549270": "ru-vtb",
  "549274": "ru-uralsib",
  "549283": "ru-uralsib",
  "549285": "ru-uralsib",
  "549286": "ru-uralsib",
  "549299": "ru-domrf",
  "549302": "ru-ucb",
  "549303": "ru-uralsib",
  "549309": "ru-vtb",
  "549314": "ru-domrf",
  "549347": "ru-uralsib",
  "549376": "ru-spb",
  "549401": "ru-uralsib",
  "549411": "ru-zenit",
  "549424": "ru-uralsib",
  "549425": "ru-psb",
  "549439": "ru-psb",
  "549445": "ru-rosbank",
  "549447": "ru-uralsib",
  "549454": "ru-uralsib",
  "549467": "ru-rosbank",
  "549470": "ru-domrf",
  "549475": "ru-rosbank",
  "549478": "ru-rosbank",
  "549483": "ru-uralsib",
  "549524": "ru-psb",
  "549525": "ru-domrf",
  "549597": "ru-domrf",
  "549600": "ru-gpb",
  "549614": "ru-rossiya",
  "549647": "ru-uralsib",
  "549654": "ru-gpb",
  "549715": "ru-rshb",
  "549716": "ru-uralsib",
  "549822": "ru-rosbank",
  "549829": "ru-rosbank",
  "549830": "ru-uralsib",
  "549848": "ru-open",
  "549855": "ru-rosbank",
  "549865": "ru-rosbank",
  "549866": "ru-vtb",
  "549870": "ru-mib",
  "549873": "ru-uralsib",
  "549881": "ru-uralsib",
  "549882": "ru-zenit",
  "549884": "ru-rosbank",
  "549888": "ru-zenit",
  "549891": "ru-rossiya",
  "549935": "ru-spb",
  "549947": "ru-vtb",
  "549969": "ru-domrf",
  "550006": "ru-uralsib",
  "550033": "ru-rosbank",
  "550064": "ru-rosbank",
  "550070": "ru-domrf",
  "550132": "ru-vtb",
  "550143": "ru-rosbank",
  "550164": "ru-open",
  "550165": "ru-rosbank",
  "550210": "ru-rosbank",
  "550212": "ru-rosbank",
  "550219": "ru-zenit",
  "550220": "ru-uralsib",
  "550224": "ru-vtb",
  "550225": "ru-vtb",
  "550231": "ru-vtb",
  "550272": "ru-sberbank",
  "550351": "ru-uralsib",
  "550352": "ru-uralsib",
  "550377": "ru-rnkb",
  "550446": "ru-open",
  "550467": "ru-rosbank",
  "550468": "ru-uralsib",
  "550481": "ru-vtb",
  "550482": "ru-vtb",
  "550484": "ru-raiffeisen",
  "550547": "ru-rosbank",
  "550583": "ru-mts",
  "551950": "ru-domrf",
  "551960": "ru-tinkoff",
  "551979": "ru-rosbank",
  "551985": "ru-rosbank",
  "551989": "ru-rosbank",
  "551993": "ru-rosbank",
  "551994": "ru-rosbank",
  "551996": "ru-rosbank",
  "552055": "ru-rossiya",
  "552140": "ru-otp",
  "552151": "ru-rosbank",
  "552175": "ru-alfa",
  "552186": "ru-alfa",
  "552212": "ru-ubrd",
  "552216": "ru-vtb",
  "552219": "ru-open",
  "552549": "ru-domrf",
  "552573": "ru-citi",
  "552574": "ru-citi",
  "552603": "ru-domrf",
  "552618": "ru-mts",
  "552629": "ru-vtb",
  "552669": "ru-spb",
  "552671": "ru-open",
  "552680": "ru-mkb",
  "552681": "ru-open",
  "552702": "ru-gpb",
  "552708": "ru-open",
  "552721": "ru-open",
  "552729": "ru-ren",
  "552845": "ru-uralsib",
  "552958": "ru-akbars",
  "553000": "ru-uralsib",
  "553069": "ru-rosbank",
  "553128": "ru-rosbank",
  "553420": "ru-tinkoff",
  "553496": "ru-raiffeisen",
  "553581": "ru-uralsib",
  "553584": "ru-uralsib",
  "553609": "ru-sovkom",
  "553690": "ru-rosbank",
  "553691": "ru-tinkoff",
  "553909": "ru-rosbank",
  "553964": "ru-rosbank",
  "553976": "ru-rosbank",
  "554169": "ru-otp",
  "554274": "ru-sovkom",
  "554279": "ru-psb",
  "554317": "ru-rosbank",
  "554324": "ru-rosbank",
  "554326": "ru-rosbank",
  "554362": "ru-vtb",
  "554363": "ru-vtb",
  "554364": "ru-domrf",
  "554365": "ru-domrf",
  "554384": "ru-vtb",
  "554386": "ru-vtb",
  "554393": "ru-vtb",
  "554520": "ru-domrf",
  "554521": "ru-trust",
  "554524": "ru-smp",
  "554546": "ru-uralsib",
  "554549": "ru-rosbank",
  "554562": "ru-domrf",
  "554607": "ru-domrf",
  "554615": "ru-uralsib",
  "554651": "ru-uralsib",
  "554713": "ru-rosbank",
  "554733": "ru-rosbank",
  "554759": "ru-psb",
  "554761": "ru-rosbank",
  "554780": "ru-zenit",
  "554781": "ru-psb",
  "554782": "ru-rosbank",
  "554844": "ru-rosbank",
  "555057": "ru-citi",
  "555058": "ru-citi",
  "555079": "ru-rosbank",
  "555156": "ru-alfa",
  "555882": "ru-otp",
  "555921": "ru-alfa",
  "555928": "ru-alfa",
  "555933": "ru-alfa",
  "555947": "ru-alfa",
  "555949": "ru-alfa",
  "555957": "ru-alfa",
  "556052": "ru-gpb",
  "556056": "ru-sviaz",
  "556057": "ru-uralsib",
  "557000": "ru-sberbank",
  "557029": "ru-zenit",
  "557030": "ru-zenit",
  "557036": "ru-uralsib",
  "557041": "ru-mkb",
  "557056": "ru-ceb",
  "557057": "ru-ceb",
  "557071": "ru-mib",
  "557072": "ru-mib",
  "557095": "ru-vtb",
  "557646": "ru-rosbank",
  "557724": "ru-rosbank",
  "557734": "ru-hcf",
  "557737": "ru-ren",
  "557748": "ru-vtb",
  "557808": "ru-trust",
  "557809": "ru-trust",
  "557841": "ru-rosbank",
  "557842": "ru-rosbank",
  "557869": "ru-vtb",
  "557942": "ru-zenit",
  "557944": "ru-zenit",
  "557946": "ru-open",
  "557947": "ru-rsb",
  "557948": "ru-open",
  "557955": "ru-rosbank",
  "557960": "ru-zenit",
  "557966": "ru-rossiya",
  "557969": "ru-domrf",
  "557977": "ru-rosbank",
  "557980": "ru-rosbank",
  "557981": "ru-psb",
  "557986": "ru-mib",
  "558254": "ru-psb",
  "558258": "ru-rosbank",
  "558268": "ru-psb",
  "558273": "ru-raiffeisen",
  "558274": "ru-rosbank",
  "558275": "ru-uralsib",
  "558296": "ru-rosbank",
  "558298": "ru-trust",
  "558326": "ru-uralsib",
  "558354": "ru-uralsib",
  "558355": "ru-gpb",
  "558356": "ru-uralsib",
  "558374": "ru-uralsib",
  "558391": "ru-uralsib",
  "558416": "ru-rosbank",
  "558447": "ru-vtb",
  "558462": "ru-mib",
  "558463": "ru-uralsib",
  "558480": "ru-rosbank",
  "558481": "ru-vtb",
  "558488": "ru-domrf",
  "558504": "ru-rosbank",
  "558516": "ru-psb",
  "558518": "ru-vtb",
  "558535": "ru-avangard",
  "558536": "ru-raiffeisen",
  "558605": "ru-rosbank",
  "558619": "ru-uralsib",
  "558620": "ru-open",
  "558621": "ru-vtb",
  "558622": "ru-raiffeisen",
  "558629": "ru-vtb",
  "558651": "ru-uralsib",
  "558664": "ru-domrf",
  "558672": "ru-psb",
  "558673": "ru-rosbank",
  "558675": "ru-open",
  "558690": "ru-uralsib",
  "558696": "ru-zenit",
  "559062": "ru-spb",
  "559066": "ru-vtb",
  "559067": "ru-vtb",
  "559255": "ru-gpb",
  "559264": "ru-open",
  "559448": "ru-rosbank",
  "559456": "ru-mib",
  "559476": "ru-rosbank",
  "559488": "ru-rosbank",
  "559522": "ru-raiffeisen",
  "559533": "ru-sberbank",
  "559596": "ru-rosbank",
  "559598": "ru-rosbank",
  "559615": "ru-rosbank",
  "559645": "ru-zenit",
  "559654": "ru-hcf",
  "559658": "ru-hcf",
  "559669": "ru-uralsib",
  "559811": "ru-rosbank",
  "559813": "ru-ceb",
  "559814": "ru-rosbank",
  "559818": "ru-rosbank",
  "559899": "ru-rosbank",
  "559900": "ru-yoomoney",
  "559907": "ru-sberbank",
  "559969": "ru-rosbank",
  "559992": "ru-gpb",
  "605461": "ru-sberbank",
  "605462": "ru-uralsib",
  "605470": "ru-rnkb",
  "623371": "ru-gpb",
  "623372": "ru-gpb",
  "636920": "ru-rossiya",
  "639002": "ru-sberbank",
  "670505": "ru-domrf",
  "670508": "ru-psb",
  "670512": "ru-zenit",
  "670518": "ru-open",
  "670520": "ru-rosbank",
  "670521": "ru-domrf",
  "670548": "ru-vtb",
  "670550": "ru-rosbank",
  "670553": "ru-vtb",
  "670555": "ru-atb",
  "670556": "ru-domrf",
  "670557": "ru-rosbank",
  "670559": "ru-vtb",
  "670560": "ru-rosbank",
  "670563": "ru-vtb",
  "670564": "ru-uralsib",
  "670565": "ru-vtb",
  "670567": "ru-rosbank",
  "670569": "ru-uralsib",
  "670573": "ru-uralsib",
  "670574": "ru-vtb",
  "670575": "ru-rosbank",
  "670583": "ru-psb",
  "670587": "ru-open",
  "670601": "ru-domrf",
  "670602": "ru-sviaz",
  "670603": "ru-vtb",
  "670607": "ru-rosbank",
  "670611": "ru-psb",
  "670613": "ru-uralsib",
  "670614": "ru-zenit",
  "670615": "ru-vtb",
  "670618": "ru-uralsib",
  "670620": "ru-mib",
  "670622": "ru-uralsib",
  "670623": "ru-domrf",
  "670624": "ru-domrf",
  "670625": "ru-domrf",
  "670626": "ru-vtb",
  "670628": "ru-domrf",
  "670632": "ru-vtb",
  "670633": "ru-domrf",
  "670637": "ru-skb",
  "670638": "ru-domrf",
  "670644": "ru-uralsib",
  "670646": "ru-rosbank",
  "670647": "ru-rosbank",
  "670652": "ru-rosbank",
  "670654": "ru-psb",
  "670659": "ru-uralsib",
  "670661": "ru-psb",
  "670663": "ru-domrf",
  "670671": "ru-domrf",
  "670674": "ru-rosbank",
  "670676": "ru-domrf",
  "670694": "ru-rosbank",
  "670818": "ru-uralsib",
  "670819": "ru-rosbank",
  "670824": "ru-open",
  "670828": "ru-rosbank",
  "670837": "ru-uralsib",
  "670838": "ru-vtb",
  "670842": "ru-vtb",
  "670847": "ru-open",
  "670849": "ru-rosbank",
  "670851": "ru-rosbank",
  "670852": "ru-mob",
  "670866": "ru-uralsib",
  "670867": "ru-vtb",
  "670869": "ru-rosbank",
  "670874": "ru-vtb",
  "670889": "ru-vtb",
  "670893": "ru-domrf",
  "670894": "ru-vtb",
  "670895": "ru-vtb",
  "670992": "ru-uralsib",
  "670995": "ru-uralsib",
  "670996": "ru-rosbank",
  "671102": "ru-vtb",
  "671106": "ru-uralsib",
  "671109": "ru-vtb",
  "671111": "ru-vtb",
  "671122": "ru-gpb",
  "671123": "ru-zenit",
  "671133": "ru-sviaz",
  "671136": "ru-uralsib",
  "671137": "ru-rosbank",
  "671151": "ru-vtb",
  "671162": "ru-vtb",
  "671172": "ru-vtb",
  "676126": "ru-uralsib",
  "676171": "ru-vtb",
  "676193": "ru-uralsib",
  "676195": "ru-sberbank",
  "676196": "ru-sberbank",
  "676231": "ru-open",
  "676234": "ru-uralsib",
  "676237": "ru-vtb",
  "676248": "ru-alfa",
  "676253": "ru-uralsib",
  "676280": "ru-sberbank",
  "676333": "ru-raiffeisen",
  "676347": "ru-rosbank",
  "676348": "ru-domrf",
  "676351": "ru-vtb",
  "676371": "ru-domrf",
  "676397": "ru-psb",
  "676420": "ru-vtb",
  "676421": "ru-vtb",
  "676425": "ru-vtb",
  "676444": "ru-psb",
  "676445": "ru-domrf",
  "676450": "ru-rosbank",
  "676454": "ru-gpb",
  "676463": "ru-avangard",
  "676501": "ru-rosbank",
  "676523": "ru-zenit",
  "676528": "ru-uralsib",
  "676531": "ru-mib",
  "676533": "ru-rosbank",
  "676565": "ru-rsb",
  "676586": "ru-ceb",
  "676595": "ru-vtb",
  "676599": "ru-vtb",
  "676625": "ru-raiffeisen",
  "676636": "ru-ubrd",
  "676642": "ru-trust",
  "676664": "ru-rosbank",
  "676672": "ru-ucb",
  "676697": "ru-open",
  "676800": "ru-vtb",
  "676802": "ru-vtb",
  "676803": "ru-vtb",
  "676805": "ru-vtb",
  "676845": "ru-vtb",
  "676851": "ru-vtb",
  "676852": "ru-vtb",
  "676859": "ru-domrf",
  "676860": "ru-vtb",
  "676861": "ru-vtb",
  "676877": "ru-open",
  "676878": "ru-vtb",
  "676884": "ru-mts",
  "676888": "ru-vtb",
  "676893": "ru-vtb",
  "676896": "ru-vtb",
  "676907": "ru-vtb",
  "676939": "ru-vtb",
  "676942": "ru-zenit",
  "676946": "ru-rosbank",
  "676948": "ru-spb",
  "676951": "ru-open",
  "676967": "ru-mkb",
  "676968": "ru-open",
  "676974": "ru-vtb",
  "676975": "ru-uralsib",
  "676979": "ru-gpb",
  "676984": "ru-uralsib",
  "676989": "ru-domrf",
  "676990": "ru-gpb",
  "676996": "ru-open",
  "677006": "ru-vtb",
  "677013": "ru-uralsib",
  "677018": "ru-zenit",
  "677030": "ru-hcf",
  "677034": "ru-vtb",
  "677040": "ru-ren",
  "677057": "ru-vtb",
  "677076": "ru-rosbank",
  "677084": "ru-zenit",
  "677088": "ru-akbars",
  "677110": "ru-gpb",
  "677112": "ru-rosbank",
  "677127": "ru-vtb",
  "677128": "ru-sberbank",
  "677136": "ru-domrf",
  "677146": "ru-domrf",
  "677151": "ru-vtb",
  "677175": "ru-smp",
  "677189": "ru-rgs",
  "677194": "ru-vtb",
  "677211": "ru-veb",
  "677213": "ru-vtb",
  "677222": "ru-rosbank",
  "677223": "ru-domrf",
  "677224": "ru-vtb",
  "677228": "ru-domrf",
  "677229": "ru-domrf",
  "677234": "ru-rosbank",
  "677235": "ru-rosbank",
  "677236": "ru-vtb",
  "677240": "ru-rosbank",
  "677244": "ru-vtb",
  "677245": "ru-rosbank",
  "677257": "ru-gpb",
  "677260": "ru-zenit",
  "677261": "ru-uralsib",
  "677263": "ru-psb",
  "677266": "ru-vtb",
  "677267": "ru-domrf",
  "677268": "ru-open",
  "677271": "ru-vtb",
  "677280": "ru-vtb",
  "677285": "ru-domrf",
  "677289": "ru-domrf",
  "677292": "ru-vtb",
  "677301": "ru-vtb",
  "677302": "ru-rosbank",
  "677303": "ru-rosbank",
  "677305": "ru-rosbank",
  "677309": "ru-rosbank",
  "677312": "ru-vtb",
  "677314": "ru-rosbank",
  "677315": "ru-rosbank",
  "677317": "ru-uralsib",
  "677318": "ru-domrf",
  "677327": "ru-zenit",
  "677329": "ru-zenit",
  "677336": "ru-domrf",
  "677338": "ru-gpb",
  "677341": "ru-mib",
  "677342": "ru-rosbank",
  "677343": "ru-rosbank",
  "677344": "ru-vtb",
  "677345": "ru-rosbank",
  "677347": "ru-vtb",
  "677348": "ru-uralsib",
  "677349": "ru-domrf",
  "677352": "ru-uralsib",
  "677357": "ru-uralsib",
  "677358": "ru-psb",
  "677359": "ru-rosbank",
  "677360": "ru-rosbank",
  "677361": "ru-vtb",
  "677363": "ru-trust",
  "677366": "ru-smp",
  "677367": "ru-sviaz",
  "677368": "ru-vtb",
  "677370": "ru-psb",
  "677371": "ru-psb",
  "677372": "ru-psb",
  "677373": "ru-vtb",
  "677374": "ru-domrf",
  "677375": "ru-rosbank",
  "677376": "ru-rosbank",
  "677379": "ru-uralsib",
  "677380": "ru-zenit",
  "677382": "ru-uralsib",
  "677388": "ru-zenit",
  "677389": "ru-zenit",
  "677390": "ru-open",
  "677391": "ru-rsb",
  "677392": "ru-open",
  "677394": "ru-vtb",
  "677398": "ru-uralsib",
  "677401": "ru-rosbank",
  "677402": "ru-vtb",
  "677403": "ru-vtb",
  "677405": "ru-psb",
  "677407": "ru-vtb",
  "677408": "ru-uralsib",
  "677412": "ru-vtb",
  "677413": "ru-vtb",
  "677416": "ru-vtb",
  "677417": "ru-vtb",
  "677418": "ru-uralsib",
  "677421": "ru-uralsib",
  "677424": "ru-domrf",
  "677425": "ru-open",
  "677427": "ru-uralsib",
  "677428": "ru-vtb",
  "677429": "ru-uralsib",
  "677430": "ru-uralsib",
  "677431": "ru-uralsib",
  "677432": "ru-uralsib",
  "677433": "ru-tcb",
  "677434": "ru-vtb",
  "677435": "ru-uralsib",
  "677441": "ru-uralsib",
  "677442": "ru-vtb",
  "677444": "ru-domrf",
  "677446": "ru-uralsib",
  "677447": "ru-uralsib",
  "677448": "ru-uralsib",
  "677449": "ru-uralsib",
  "677453": "ru-uralsib",
  "677454": "ru-vtb",
  "677455": "ru-vtb",
  "677456": "ru-domrf",
  "677457": "ru-domrf",
  "677458": "ru-zenit",
  "677459": "ru-zenit",
  "677460": "ru-vtb",
  "677461": "ru-psb",
  "677462": "ru-psb",
  "677463": "ru-open",
  "677464": "ru-rosbank",
  "677466": "ru-domrf",
  "677467": "ru-rosbank",
  "677468": "ru-rosbank",
  "677470": "ru-vtb",
  "677471": "ru-vtb",
  "677472": "ru-vtb",
  "677473": "ru-domrf",
  "677478": "ru-gpb",
  "677479": "ru-uralsib",
  "677482": "ru-vtb",
  "677484": "ru-gpb",
  "677488": "ru-uralsib",
  "677491": "ru-uralsib",
  "677493": "ru-zenit",
  "677495": "ru-rosbank",
  "677497": "ru-zenit",
  "677500": "ru-rossiya",
  "677501": "ru-domrf",
  "677502": "ru-vtb",
  "677506": "ru-psb",
  "677507": "ru-rosbank",
  "677508": "ru-mib",
  "677510": "ru-zenit",
  "677512": "ru-open",
  "677514": "ru-zenit",
  "677518": "ru-smp",
  "677519": "ru-vtb",
  "677527": "ru-uralsib",
  "677528": "ru-vtb",
  "677533": "ru-vtb",
  "677543": "ru-vtb",
  "677546": "ru-vtb",
  "677551": "ru-uralsib",
  "677556": "ru-vtb",
  "677557": "ru-uralsib",
  "677558": "ru-vtb",
  "677566": "ru-uralsib",
  "677576": "ru-domrf",
  "677578": "ru-domrf",
  "677579": "ru-rosbank",
  "677583": "ru-uralsib",
  "677585": "ru-gpb",
  "677596": "ru-vtb",
  "677597": "ru-rosbank",
  "677598": "ru-vtb",
  "677599": "ru-vtb",
  "677600": "ru-domrf",
  "677601": "ru-vtb",
  "677602": "ru-vtb",
  "677611": "ru-domrf",
  "677616": "ru-rossiya",
  "677617": "ru-rosbank",
  "677646": "ru-domrf",
  "677655": "ru-domrf",
  "677656": "ru-domrf",
  "677659": "ru-zenit",
  "677660": "ru-zenit",
  "677662": "ru-vtb",
  "677665": "ru-uralsib",
  "677666": "ru-sviaz",
  "677672": "ru-spb",
  "677681": "ru-vtb",
  "677684": "ru-mts",
  "677688": "ru-uralsib",
  "677692": "ru-vtb",
  "677693": "ru-open",
  "677694": "ru-domrf",
  "677696": "ru-vtb",
  "677697": "ru-vtb",
  "677705": "ru-uralsib",
  "677708": "ru-uralsib",
  "677714": "ru-domrf",
  "677717": "ru-vtb",
  "677721": "ru-rosbank",
  "679074": "ru-spb",
  "964300": "ru-sberbank",
  "964301": "ru-sberbank",
  "964302": "ru-sberbank",
  "964303": "ru-sberbank",
  "964304": "ru-sberbank",
  "964305": "ru-sberbank",
  "964307": "ru-sberbank",
  "964308": "ru-sberbank",
  "964309": "ru-sberbank",
  "964310": "ru-sberbank",
  "964311": "ru-sberbank",
  "964312": "ru-sberbank",
  "964313": "ru-sberbank",
  "964314": "ru-sberbank",
  "964315": "ru-sberbank",
  "964316": "ru-sberbank",
  "964317": "ru-sberbank",
  "964318": "ru-sberbank",
  "964319": "ru-sberbank",
  "964320": "ru-sberbank",
  "964321": "ru-sberbank",
  "964322": "ru-sberbank",
  "964323": "ru-sberbank",
  "964324": "ru-sberbank",
  "964325": "ru-sberbank",
  "964326": "ru-sberbank",
  "964327": "ru-sberbank",
  "964328": "ru-sberbank",
  "964329": "ru-sberbank",
  "964330": "ru-sberbank",
  "964331": "ru-sberbank",
  "964332": "ru-sberbank",
  "964333": "ru-sberbank",
  "964334": "ru-sberbank",
  "964335": "ru-sberbank",
  "964336": "ru-sberbank",
  "964337": "ru-sberbank",
  "964338": "ru-sberbank",
  "964339": "ru-sberbank",
  "964340": "ru-sberbank",
  "964341": "ru-sberbank",
  "964342": "ru-sberbank",
  "964343": "ru-sberbank",
  "964344": "ru-sberbank",
  "964345": "ru-sberbank",
  "964346": "ru-sberbank",
  "964347": "ru-sberbank",
  "964348": "ru-sberbank",
  "964349": "ru-sberbank",
  "964350": "ru-sberbank",
  "964351": "ru-sberbank",
  "964352": "ru-sberbank",
  "964353": "ru-sberbank",
  "964354": "ru-sberbank",
  "964355": "ru-sberbank",
  "964356": "ru-sberbank",
  "964357": "ru-sberbank",
  "964358": "ru-sberbank",
  "964359": "ru-sberbank",
  "964360": "ru-sberbank",
  "964361": "ru-sberbank",
  "964362": "ru-sberbank",
  "964363": "ru-sberbank",
  "964364": "ru-sberbank",
  "964365": "ru-sberbank",
  "964366": "ru-sberbank",
  "964367": "ru-sberbank",
  "964368": "ru-sberbank",
  "964369": "ru-sberbank",
  "964370": "ru-sberbank",
  "964371": "ru-sberbank",
  "964372": "ru-sberbank",
  "964373": "ru-sberbank",
  "964374": "ru-sberbank",
  "964375": "ru-sberbank",
  "964376": "ru-sberbank",
  "964378": "ru-sberbank",
  "964379": "ru-sberbank",
  "964380": "ru-sberbank",
  "964381": "ru-sberbank",
  "964382": "ru-sberbank",
  "964383": "ru-sberbank",
  "964384": "ru-sberbank",
  "964385": "ru-sberbank",
  "964386": "ru-sberbank",
  "964387": "ru-sberbank",
  "964388": "ru-sberbank",
  "964389": "ru-sberbank",
  "964390": "ru-sberbank",
  "964391": "ru-sberbank",
  "964392": "ru-sberbank",
  "964393": "ru-sberbank",
  "964394": "ru-sberbank",
  "964395": "ru-sberbank",
  "964396": "ru-sberbank",
  "964397": "ru-sberbank",
  "964398": "ru-sberbank",
  "964399": "ru-sberbank"
}