{
  "es-santander": {
    "bankAlias": "es-santander",
    "bankName": "Santander Bank",
    "bankLocalName": "Banco Santander",
    "bankColor": "#ec0000",
    "bankColors": [
      "#ec0000",
      "#ffffff"
    ],
    "bankCountry": "es",
    "bankSite": "https://www.bancosantander.es/particulares",
    "bankPhone": "917098569",
    "formBackgroundColor": "#ec0000",
    "formBackgroundColors": [
      "#ec0000",
      "#f28181"
    ],
    "formBackgroundLightness": "light",
    "formTextColor": "#ffffff",
    "formLogoScheme": "inverted",
    "formBorderColor": "#000000"
  },
  "es-bbva": {
    "bankAlias": "es-bbva",
    "bankName": "Banco Bilbao Vizcaya Argentaria",
    "bankLocalName": "Banco Bilbao Vizcaya Argentaria",
    "bankColor": "#004580",
    "bankColors": [
      "#004580",
      "#3881c0"
    ],
    "bankCountry": "es",
    "bankSite": "https://www.bbva.com/en/us/",
    "bankPhone": "913 746 000",
    "formBackgroundColor": "#004580",
    "formBackgroundColors": [
      "#004580",
      "#1e71b8"
    ],
    "formBackgroundLightness": "light",
    "formTextColor": "#ffffff",
    "formLogoScheme": "inverted",
    "formBorderColor": "#000000"
  },
  "es-caixa-bank": {
    "bankAlias": "es-caixa-bank",
    "bankName": "CaixaBank",
    "bankLocalName": "CaixaBank",
    "bankColor": "#007eae",
    "bankColors": [
      "#007eae",
      "#000000"
    ],
    "bankCountry": "es",
    "bankSite": "https://www.caixabank.es/particular/home/particulares_es.html#",
    "bankPhone": "+34 93 887 25 25",
    "formBackgroundColor": "#007eae",
    "formBackgroundColors": [
      "#007eae",
      "#000000"
    ],
    "formBackgroundLightness": "light",
    "formTextColor": "#ffffff",
    "formLogoScheme": "inverted",
    "formBorderColor": "#000000"
  },
  "es-sabadell": {
    "bankAlias": "es-sabadell",
    "bankName": "Bank of Sabadell",
    "bankLocalName": "Banco de Sabadell",
    "bankColor": "#0082c9",
    "bankColors": [
      "#0082c9",
      "#000000"
    ],
    "bankCountry": "es",
    "bankSite": "https://bancsabadell.com/cs/Satellite/SabAtl/",
    "bankPhone": "-",
    "formBackgroundColor": "#0082c9",
    "formBackgroundColors": [
      "#0082c9",
      "#000000"
    ],
    "formBackgroundLightness": "light",
    "formTextColor": "#ffffff",
    "formLogoScheme": "inverted",
    "formBorderColor": "#000000"
  },
  "es-bankia": {
    "bankAlias": "es-bankia",
    "bankName": "Bankia",
    "bankLocalName": "Bankia",
    "bankColor": "#c4d92d",
    "bankColors": [
      "#c4d92d",
      "#ffffff"
    ],
    "bankCountry": "es",
    "bankSite": "https://www.bankia.es/es/particulares",
    "bankPhone": "-",
    "formBackgroundColor": "#c4d92d",
    "formBackgroundColors": [
      "#c4d92d",
      "#def261"
    ],
    "formBackgroundLightness": "light",
    "formTextColor": "#000000",
    "formLogoScheme": "inverted",
    "formBorderColor": "#000000"
  },
  "es-wizink": {
    "bankAlias": "es-wizink",
    "bankName": "Wizink Bank",
    "bankLocalName": "Wizink Bank",
    "bankColor": "#00b3ba",
    "bankColors": [
      "#00b3ba",
      "#192a67"
    ],
    "bankCountry": "es",
    "bankSite": "https://www.wizink.es/public/home",
    "bankPhone": "+34 917 87 47 47",
    "formBackgroundColor": "#00b3ba",
    "formBackgroundColors": [
      "#00b3ba",
      "#192a67"
    ],
    "formBackgroundLightness": "light",
    "formTextColor": "#ffffff",
    "formLogoScheme": "inverted",
    "formBorderColor": "#000000"
  },
  "es-bankinter": {
    "bankAlias": "es-bankinter",
    "bankName": "Bankinter",
    "bankLocalName": "Bankinter",
    "bankColor": "#f76900",
    "bankColors": [
      "#f76900",
      "#ffffff"
    ],
    "bankCountry": "es",
    "bankSite": "https://www.bankinter.com/banca/en/home",
    "bankPhone": "91 657 88 00",
    "formBackgroundColor": "#f76900",
    "formBackgroundColors": [
      "#f76900",
      "#e39358"
    ],
    "formBackgroundLightness": "light",
    "formTextColor": "#ffffff",
    "formLogoScheme": "inverted",
    "formBorderColor": "#000000"
  },
  "es-kutxa": {
    "bankAlias": "es-kutxa",
    "bankName": "KutxaBank",
    "bankLocalName": "KutxaBank",
    "bankColor": "#000000",
    "bankColors": [
      "#000000",
      "#ed2f24"
    ],
    "bankCountry": "es",
    "bankSite": "https://portal.kutxabank.es/cs/Satellite/kb/es/particulares",
    "bankPhone": "900 44 55 66.",
    "formBackgroundColor": "#000000",
    "formBackgroundColors": [
      "#000000",
      "#ed2f24"
    ],
    "formBackgroundLightness": "light",
    "formTextColor": "#ffffff",
    "formLogoScheme": "inverted",
    "formBorderColor": "#000000"
  },
  "es-cooperativo": {
    "bankAlias": "es-cooperativo",
    "bankName": "Spanish Cooperative Bank",
    "bankLocalName": "Banco Cooperativo Español",
    "bankColor": "#ffcd00",
    "bankColors": [
      "#ffcd00",
      "#007a5e"
    ],
    "bankCountry": "es",
    "bankSite": "https://www.bancocooperativo.es/es",
    "bankPhone": "+34 915 95 67 00",
    "formBackgroundColor": "#ffcd00",
    "formBackgroundColors": [
      "#ffcd00",
      "#007a5e"
    ],
    "formBackgroundLightness": "light",
    "formTextColor": "#000000",
    "formLogoScheme": "inverted",
    "formBorderColor": "#000000"
  },
  "es-ibercaja": {
    "bankAlias": "es-ibercaja",
    "bankName": "Ibercaja Bank",
    "bankLocalName": "Ibercaja Banco",
    "bankColor": "#0062ad",
    "bankColors": [
      "#0062ad",
      "#e73232"
    ],
    "bankCountry": "es",
    "bankSite": "https://www.ibercaja.com/",
    "bankPhone": "-",
    "formBackgroundColor": "#0062ad",
    "formBackgroundColors": [
      "#0062ad",
      "#e73232"
    ],
    "formBackgroundLightness": "light",
    "formTextColor": "#ffffff",
    "formLogoScheme": "inverted",
    "formBorderColor": "#000000"
  },
  "es-liberbank": {
    "bankAlias": "es-liberbank",
    "bankName": "Liberbank",
    "bankLocalName": "Liberbank",
    "bankColor": "#14856f",
    "bankColors": [
      "#14856f",
      "#000000"
    ],
    "bankCountry": "es",
    "bankSite": "https://www.liberbank.es/",
    "bankPhone": "+34 932 70 17 50",
    "formBackgroundColor": "#14856f",
    "formBackgroundColors": [
      "#14856f",
      "#000000"
    ],
    "formBackgroundLightness": "light",
    "formTextColor": "#ffffff",
    "formLogoScheme": "inverted",
    "formBorderColor": "#000000"
  }
}