{
  "jp-resona": {
    "bankAlias": "jp-resona",
    "bankName": "Resona Holdings",
    "bankLocalName": "りそなホールディングス",
    "bankColor": "#009b63",
    "bankColors": [
      "#009b63"
    ],
    "bankCountry": "jp",
    "bankSite": "https://www.resona-gr.co.jp/",
    "bankPhone": "+81 3 6704 3111",
    "formBackgroundColor": "#009b63",
    "formBackgroundColors": [
      "#0ba971",
      "#009b63"
    ],
    "formBackgroundLightness": "dark",
    "formTextColor": "#ffffff",
    "formLogoScheme": "inverted",
    "formBorderColor": "#ffffff"
  },
  "jp-fukuoka": {
    "bankAlias": "jp-fukuoka",
    "bankName": "Fukuoka Financial Group",
    "bankLocalName": "ふくおかフィナンシャルグループ",
    "bankColor": "#004098",
    "bankColors": [
      "#004098",
      "#008fda"
    ],
    "bankCountry": "jp",
    "bankSite": "https://www.fukuoka-fg.com/",
    "bankPhone": "",
    "formBackgroundColor": "#004098",
    "formBackgroundColors": [
      "#0057d2",
      "#004098"
    ],
    "formBackgroundLightness": "dark",
    "formTextColor": "#ffffff",
    "formLogoScheme": "inverted",
    "formBorderColor": "#ffffff"
  },
  "jp-mizuho": {
    "bankAlias": "jp-mizuho",
    "bankName": "Mizuho Financial Group",
    "bankLocalName": "Mizuho Financial Group",
    "bankColor": "#37358e",
    "bankColors": [
      "#37358e",
      "#e92e29"
    ],
    "bankCountry": "jp",
    "bankSite": "https://www.mizuhogroup.com/",
    "bankPhone": "03–6838–7391",
    "formBackgroundColor": "#f4f3fe",
    "formBackgroundColors": [
      "#f4f3fe",
      "#c7c2ec"
    ],
    "formBackgroundLightness": "light",
    "formTextColor": "#000000",
    "formLogoScheme": "original",
    "formBorderColor": "#37358e"
  },
  "jp-sumitomo": {
    "bankAlias": "jp-sumitomo",
    "bankName": "Sumitomo Mitsui Financial Group",
    "bankLocalName": "三井住友フィナンシャルグループ",
    "bankColor": "#b6cf48",
    "bankColors": [
      "#b6cf48",
      "#005e44"
    ],
    "bankCountry": "jp",
    "bankSite": "https://www.smfg.co.jp/",
    "bankPhone": "03-3282-8111",
    "formBackgroundColor": "#b6cf48",
    "formBackgroundColors": [
      "#b6cf48",
      "#005e44"
    ],
    "formBackgroundLightness": "dark",
    "formTextColor": "#ffffff",
    "formLogoScheme": "inverted",
    "formBorderColor": "#ffffff"
  },
  "jp-post": {
    "bankAlias": "jp-post",
    "bankName": "Japan Post Bank",
    "bankLocalName": "ゆうちょ銀行",
    "bankColor": "#009042",
    "bankColors": [
      "#009042"
    ],
    "bankCountry": "jp",
    "bankSite": "https://www.jp-bank.japanpost.jp/",
    "bankPhone": "03-3477-0111",
    "formBackgroundColor": "#009042",
    "formBackgroundColors": [
      "#10dd71",
      "#058a43",
      "#009042"
    ],
    "formBackgroundLightness": "dark",
    "formTextColor": "#ffffff",
    "formLogoScheme": "inverted",
    "formBorderColor": "#ffffff"
  },
  "jp-mitsubishi": {
    "bankAlias": "jp-mitsubishi",
    "bankName": "Mitsubishi UFJ Financial Group",
    "bankLocalName": "Mitsubishi UFJ Financial Group",
    "bankColor": "#d62427",
    "bankColors": [
      "#d62427",
      "#595a5a"
    ],
    "bankCountry": "jp",
    "bankSite": "https://www.mufg.jp/",
    "bankPhone": "+81 3 3984 7311",
    "formBackgroundColor": "#dae2e2",
    "formBackgroundColors": [
      "#fbfbfb",
      "#dae2e2"
    ],
    "formBackgroundLightness": "light",
    "formTextColor": "#000000",
    "formLogoScheme": "original",
    "formBorderColor": "#595a5a"
  }
}