{
  "pt-millennium": {
    "bankAlias": "pt-millennium",
    "bankName": "Millennium",
    "bankLocalName": "Millennium",
    "bankColor": "#d1005d",
    "bankColors": [
      "#d1005d"
    ],
    "bankCountry": "pt",
    "bankSite": "https://ind.millenniumbcp.pt/",
    "bankPhone": "8-10 48 22 598 40 40",
    "formBackgroundColor": "#d1005d",
    "formBackgroundColors": [
      "#d1005d",
      "#bc3d71"
    ],
    "formBackgroundLightness": "dark",
    "formTextColor": "#ffffff",
    "formLogoScheme": "inverted",
    "formBorderColor": "#ffffff"
  },
  "pt-bancobest": {
    "bankAlias": "pt-bancobest",
    "bankName": "Best Bank",
    "bankLocalName": "Best Bank",
    "bankColor": "#5a5fbd",
    "bankColors": [
      "#ebc3c9"
    ],
    "bankCountry": "pt",
    "bankSite": "https://www.bancobest.pt/",
    "bankPhone": "(+351) 218 505 775",
    "formBackgroundColor": "#000099",
    "formBackgroundColors": [
      "#000099",
      "#4949e5"
    ],
    "formBackgroundLightness": "dark",
    "formTextColor": "#fefefe",
    "formLogoScheme": "inverted",
    "formBorderColor": "#ffffff"
  },
  "pt-bancomontepio": {
    "bankAlias": "pt-bancomontepio",
    "bankName": "Banco Montepio",
    "bankLocalName": "Banco Montepio",
    "bankColor": "#ffd100",
    "bankColors": [
      "#0f145b"
    ],
    "bankCountry": "pt",
    "bankSite": "https://www.bancomontepio.pt/",
    "bankPhone": "21 724 16 24",
    "formBackgroundColor": "#fefdd6",
    "formBackgroundColors": [
      "#fefdd6",
      "#fffef2"
    ],
    "formBackgroundLightness": "light",
    "formTextColor": "#0f145b",
    "formLogoScheme": "original",
    "formBorderColor": "#0f145b"
  },
  "pt-creditoagricola": {
    "bankAlias": "pt-creditoagricola",
    "bankName": "Credito Agricola",
    "bankLocalName": "Crédito Agrícola",
    "bankColor": "#007968",
    "bankColors": [
      "#f78f34"
    ],
    "bankCountry": "pt",
    "bankSite": "https://www.creditoagricola.pt/",
    "bankPhone": "(00) 800 11 17 11 17",
    "formBackgroundColor": "#f78f34",
    "formBackgroundColors": [
      "#f78f34",
      "#f7a934"
    ],
    "formBackgroundLightness": "dark",
    "formTextColor": "#ffffff",
    "formLogoScheme": "inverted",
    "formBorderColor": "#ffffff"
  },
  "pt-bancobpi": {
    "bankAlias": "pt-bancobpi",
    "bankName": "Banco BPI",
    "bankLocalName": "Banco BPI",
    "bankColor": "#ff6600",
    "bankColors": [
      "#ff6600"
    ],
    "bankCountry": "pt",
    "bankSite": "https://www.bancobpi.pt/",
    "bankPhone": "+351 21 720 78 78",
    "formBackgroundColor": "#ff6600",
    "formBackgroundColors": [
      "#ee4b2d",
      "#ff6600"
    ],
    "formBackgroundLightness": "dark",
    "formTextColor": "#ffffff",
    "formLogoScheme": "inverted",
    "formBorderColor": "#ffffff"
  },
  "pt-novobanco": {
    "bankAlias": "pt-novobanco",
    "bankName": "Novobanco",
    "bankLocalName": "Novobanco",
    "bankColor": "#009f98",
    "bankColors": [
      "#009f98"
    ],
    "bankCountry": "pt",
    "bankSite": "https://www.novobanco.pt/",
    "bankPhone": "21 883 77 00",
    "formBackgroundColor": "#009f98",
    "formBackgroundColors": [
      "#009f98",
      "#35fff8"
    ],
    "formBackgroundLightness": "dark",
    "formTextColor": "#ffffff",
    "formLogoScheme": "inverted",
    "formBorderColor": "#ffffff"
  },
  "pt-santander": {
    "bankAlias": "pt-santander",
    "bankName": "Santander",
    "bankLocalName": "Santander",
    "bankColor": "#ec0000",
    "bankColors": [
      "#ec0000"
    ],
    "bankCountry": "pt",
    "bankSite": "https://www.santander.pt/",
    "bankPhone": "+351 217 807 364",
    "formBackgroundColor": "#ec0000",
    "formBackgroundColors": [
      "#ec0000",
      "#f3693b"
    ],
    "formBackgroundLightness": "dark",
    "formTextColor": "#ffffff",
    "formLogoScheme": "inverted",
    "formBorderColor": "#ffffff"
  },
  "pt-cgd": {
    "bankAlias": "pt-cgd",
    "bankName": "Caixa Geral de Depósitos",
    "bankLocalName": "Caixa Geral de Depósitos",
    "bankColor": "#0071ce",
    "bankColors": [
      "#0071ce"
    ],
    "bankCountry": "pt",
    "bankSite": "https://www.cgd.pt/",
    "bankPhone": "217 900 790",
    "formBackgroundColor": "#cbecfc",
    "formBackgroundColors": [
      "#cbecfc",
      "#e7f0f4"
    ],
    "formBackgroundLightness": "light",
    "formTextColor": "#041c2e",
    "formLogoScheme": "original",
    "formBorderColor": "#064678"
  }
}