{
  "ae-citibank": {
    "bankAlias": "ae-citibank",
    "bankName": "CITI",
    "bankLocalName": "CITI",
    "bankColor": "#002d72",
    "bankColors": [
      "#002d72"
    ],
    "bankCountry": "ae",
    "bankSite": "https://www1.citibank.ae/",
    "bankPhone": "+971 4 311 4000",
    "formBackgroundColor": "#c8daf6",
    "formBackgroundColors": [
      "#c9ddfd",
      "#edf3ff"
    ],
    "formBackgroundLightness": "light",
    "formTextColor": "#051226",
    "formLogoScheme": "original",
    "formBorderColor": "#082952"
  },
  "ae-hsbc": {
    "bankAlias": "ae-hsbc",
    "bankName": "HSBC",
    "bankLocalName": "HSBC",
    "bankColor": "#db0011",
    "bankColors": [
      "#000000"
    ],
    "bankCountry": "ae",
    "bankSite": "https://www.hsbc.ae/",
    "bankPhone": "+9714 2288007",
    "formBackgroundColor": "#db0011",
    "formBackgroundColors": [
      "#db0011",
      "#f22736"
    ],
    "formBackgroundLightness": "dark",
    "formTextColor": "#ffffff",
    "formLogoScheme": "inverted",
    "formBorderColor": "#ffffff"
  },
  "ae-fab": {
    "bankAlias": "ae-fab",
    "bankName": "First Abu Dhabi Bank",
    "bankLocalName": "بنك أبوظبي الأول",
    "bankColor": "#00468c",
    "bankColors": [
      "#ef2e24"
    ],
    "bankCountry": "ae",
    "bankSite": "https://www.bankfab.com/",
    "bankPhone": "+971(2)6811511",
    "formBackgroundColor": "#e6f2ff",
    "formBackgroundColors": [
      "#e6f2ff",
      "#f1f7fe"
    ],
    "formBackgroundLightness": "light",
    "formTextColor": "#062341",
    "formLogoScheme": "original",
    "formBorderColor": "#062d54"
  },
  "ae-rakbank": {
    "bankAlias": "ae-rakbank",
    "bankName": "RAKBANK",
    "bankLocalName": "RAKBANK",
    "bankColor": "#e30613",
    "bankColors": [
      "#e30613"
    ],
    "bankCountry": "ae",
    "bankSite": "https://rakbank.ae/wps/portal/retail-banking",
    "bankPhone": "",
    "formBackgroundColor": "#e30613",
    "formBackgroundColors": [
      "#e30613",
      "#fe4d59"
    ],
    "formBackgroundLightness": "dark",
    "formTextColor": "#ffffff",
    "formLogoScheme": "inverted",
    "formBorderColor": "#ffffff"
  },
  "ae-sib": {
    "bankAlias": "ae-sib",
    "bankName": "Sharjah Islamic Bank",
    "bankLocalName": "مصرف الشارقة الاسلامي",
    "bankColor": "#071689",
    "bankColors": [
      "#ff8200"
    ],
    "bankCountry": "ae",
    "bankSite": "https://www.sib.ae/",
    "bankPhone": "+97165999999",
    "formBackgroundColor": "#071689",
    "formBackgroundColors": [
      "#071689",
      "#071689",
      "#374be3"
    ],
    "formBackgroundLightness": "dark",
    "formTextColor": "#f9f9f9",
    "formLogoScheme": "inverted",
    "formBorderColor": "#ffffff"
  },
  "ae-cbd": {
    "bankAlias": "ae-cbd",
    "bankName": "Commercial Bank of Dubai",
    "bankLocalName": "بنك دبي التجاري",
    "bankColor": "#29b9e6",
    "bankColors": [
      "#c8d419"
    ],
    "bankCountry": "ae",
    "bankSite": "https://www.cbd.ae/",
    "bankPhone": "+971 4 211 28​18 ",
    "formBackgroundColor": "#d2f2ff",
    "formBackgroundColors": [
      "#d2f2ff",
      "#f2f8fc"
    ],
    "formBackgroundLightness": "light",
    "formTextColor": "#0c232e",
    "formLogoScheme": "original",
    "formBorderColor": "#16586a"
  },
  "ae-adib": {
    "bankAlias": "ae-adib",
    "bankName": "Abu Dhabi Islamic Bank",
    "bankLocalName": "مصرف أبوظبي الإسلامي",
    "bankColor": "#21aae2",
    "bankColors": [
      "#06679a"
    ],
    "bankCountry": "ae",
    "bankSite": "https://www.adib.ae/",
    "bankPhone": "600543216",
    "formBackgroundColor": "#b9e6f8",
    "formBackgroundColors": [
      "#b9e6f8",
      "#eff9ff"
    ],
    "formBackgroundLightness": "light",
    "formTextColor": "#072d3f",
    "formLogoScheme": "original",
    "formBorderColor": "#06679a"
  },
  "ae-mashreqbank": {
    "bankAlias": "ae-mashreqbank",
    "bankName": "mashreq ",
    "bankLocalName": "المشرق",
    "bankColor": "#ea5423",
    "bankColors": [
      "#076eb6"
    ],
    "bankCountry": "ae",
    "bankSite": "http://mashreqbank.com/",
    "bankPhone": "+971 4 4244763",
    "formBackgroundColor": "#cde4fa",
    "formBackgroundColors": [
      "#cde4fa",
      "#e1edf8"
    ],
    "formBackgroundLightness": "light",
    "formTextColor": "#021e30",
    "formLogoScheme": "original",
    "formBorderColor": "#021e30"
  },
  "ae-dubaiislamicbank": {
    "bankAlias": "ae-dubaiislamicbank",
    "bankName": "Dubai Islamic Bank",
    "bankLocalName": "Dubai Islamic Bank",
    "bankColor": "#0d8450",
    "bankColors": [
      "#973a42"
    ],
    "bankCountry": "ae",
    "bankSite": "https://www.dib.ae/",
    "bankPhone": "",
    "formBackgroundColor": "#d5faed",
    "formBackgroundColors": [
      "#d5faed",
      "#f9fffc"
    ],
    "formBackgroundLightness": "light",
    "formTextColor": "#5b0000",
    "formLogoScheme": "original",
    "formBorderColor": "#ffffff"
  },
  "ae-adcb": {
    "bankAlias": "ae-adcb",
    "bankName": "ADCB",
    "bankLocalName": "ADCB",
    "bankColor": "#cd2026",
    "bankColors": [
      "#273239"
    ],
    "bankCountry": "ae",
    "bankSite": "https://www.adcb.com/en/about-us/",
    "bankPhone": "+9712 6962222",
    "formBackgroundColor": "#cd2026",
    "formBackgroundColors": [
      "#cd2026",
      "#f3030d"
    ],
    "formBackgroundLightness": "dark",
    "formTextColor": "#ffffff",
    "formLogoScheme": "inverted",
    "formBorderColor": "#ffffff"
  },
  "ae-emiratesnbd": {
    "bankAlias": "ae-emiratesnbd",
    "bankName": "Emirates NBD",
    "bankLocalName": "Emirates NBD",
    "bankColor": "#182f7c",
    "bankColors": [
      "#182f7c"
    ],
    "bankCountry": "ae",
    "bankSite": "https://www.emiratesnbd.com/en",
    "bankPhone": "+971 600 54 0000",
    "formBackgroundColor": "#d6e0ef",
    "formBackgroundColors": [
      "#d6e0ef",
      "#d3dce4"
    ],
    "formBackgroundLightness": "light",
    "formTextColor": "#040b25",
    "formLogoScheme": "original",
    "formBorderColor": "#182f7c"
  }
}