{
  "230117": "ae-citibank",
  "356210": "ae-hsbc",
  "360038": "ae-citibank",
  "361311": "ae-citibank",
  "362312": "ae-citibank",
  "363452": "ae-citibank",
  "364814": "ae-citibank",
  "364815": "ae-citibank",
  "364826": "ae-citibank",
  "367034": "ae-citibank",
  "369116": "ae-citibank",
  "374344": "ae-citibank",
  "374345": "ae-citibank",
  "374350": "ae-citibank",
  "374360": "ae-citibank",
  "374372": "ae-citibank",
  "374384": "ae-citibank",
  "381610": "ae-citibank",
  "386002": "ae-citibank",
  "386009": "ae-citibank",
  "388979": "ae-citibank",
  "400208": "ae-fab",
  "400212": "ae-citibank",
  "400291": "ae-fab",
  "400448": "ae-citibank",
  "400449": "ae-citibank",
  "400536": "ae-emiratesnbd",
  "400558": "ae-citibank",
  "400661": "ae-citibank",
  "400669": "ae-citibank",
  "400844": "ae-citibank",
  "400898": "ae-citibank",
  "400899": "ae-citibank",
  "400926": "ae-citibank",
  "400927": "ae-citibank",
  "400944": "ae-citibank",
  "400961": "ae-citibank",
  "401134": "ae-citibank",
  "401349": "ae-citibank",
  "401391": "ae-citibank",
  "401696": "ae-citibank",
  "401706": "ae-citibank",
  "401751": "ae-fab",
  "401753": "ae-citibank",
  "401804": "ae-citibank",
  "401845": "ae-citibank",
  "402016": "ae-dubaiislamicbank",
  "402120": "ae-citibank",
  "402146": "ae-citibank",
  "402149": "ae-citibank",
  "402251": "ae-adib",
  "402264": "ae-citibank",
  "402317": "ae-citibank",
  "402336": "ae-citibank",
  "402382": "ae-citibank",
  "402455": "ae-citibank",
  "402558": "ae-hsbc",
  "402568": "ae-citibank",
  "402572": "ae-citibank",
  "402809": "ae-citibank",
  "402817": "ae-citibank",
  "402818": "ae-citibank",
  "402866": "ae-citibank",
  "402878": "ae-citibank",
  "402906": "ae-citibank",
  "402971": "ae-citibank",
  "403034": "ae-citibank",
  "403050": "ae-citibank",
  "403338": "ae-citibank",
  "403346": "ae-citibank",
  "403418": "ae-citibank",
  "403419": "ae-citibank",
  "403504": "ae-citibank",
  "403551": "ae-citibank",
  "403564": "ae-citibank",
  "403984": "ae-citibank",
  "404003": "ae-citibank",
  "404036": "ae-dubaiislamicbank",
  "404135": "ae-hsbc",
  "404674": "ae-fab",
  "405450": "ae-citibank",
  "405451": "ae-citibank",
  "405904": "ae-citibank",
  "405905": "ae-citibank",
  "405948": "ae-citibank",
  "405949": "ae-citibank",
  "406072": "ae-citibank",
  "406242": "ae-citibank",
  "406327": "ae-dubaiislamicbank",
  "406329": "ae-dubaiislamicbank",
  "406357": "ae-citibank",
  "406785": "ae-adib",
  "406786": "ae-adib",
  "406787": "ae-adib",
  "407423": "ae-citibank",
  "407441": "ae-citibank",
  "407444": "ae-citibank",
  "407445": "ae-citibank",
  "407453": "ae-citibank",
  "407524": "ae-citibank",
  "407606": "ae-citibank",
  "407707": "ae-citibank",
  "407708": "ae-citibank",
  "408565": "ae-mashreqbank",
  "408630": "ae-cbd",
  "409303": "ae-citibank",
  "409307": "ae-adcb",
  "409319": "ae-adcb",
  "409770": "ae-fab",
  "410036": "ae-fab",
  "410037": "ae-fab",
  "410038": "ae-fab",
  "410039": "ae-citibank",
  "410040": "ae-citibank",
  "410109": "ae-citibank",
  "410155": "ae-dubaiislamicbank",
  "410156": "ae-dubaiislamicbank",
  "410157": "ae-adib",
  "410521": "ae-dubaiislamicbank",
  "410684": "ae-emiratesnbd",
  "410685": "ae-emiratesnbd",
  "410848": "ae-citibank",
  "410849": "ae-citibank",
  "410927": "ae-hsbc",
  "411030": "ae-citibank",
  "411075": "ae-citibank",
  "411891": "ae-fab",
  "411939": "ae-hsbc",
  "412150": "ae-citibank",
  "412153": "ae-citibank",
  "412253": "ae-citibank",
  "412299": "ae-citibank",
  "412300": "ae-citibank",
  "412540": "ae-hsbc",
  "412541": "ae-citibank",
  "412565": "ae-adcb",
  "412800": "ae-citibank",
  "412831": "ae-citibank",
  "412925": "ae-citibank",
  "412927": "ae-citibank",
  "412929": "ae-citibank",
  "412931": "ae-citibank",
  "412932": "ae-citibank",
  "413155": "ae-adcb",
  "414009": "ae-citibank",
  "414160": "ae-citibank",
  "414254": "ae-citibank",
  "414308": "ae-citibank",
  "414619": "ae-citibank",
  "414705": "ae-citibank",
  "414711": "ae-citibank",
  "414746": "ae-citibank",
  "414748": "ae-citibank",
  "414822": "ae-adib",
  "414965": "ae-fab",
  "414966": "ae-fab",
  "414977": "ae-citibank",
  "415439": "ae-cbd",
  "415483": "ae-mashreqbank",
  "415487": "ae-citibank",
  "415499": "ae-mashreqbank",
  "415763": "ae-citibank",
  "415764": "ae-citibank",
  "415765": "ae-citibank",
  "415771": "ae-fab",
  "415845": "ae-citibank",
  "415979": "ae-citibank",
  "416505": "ae-citibank",
  "416506": "ae-citibank",
  "416511": "ae-citibank",
  "416512": "ae-hsbc",
  "416818": "ae-citibank",
  "416986": "ae-cbd",
  "417285": "ae-mashreqbank",
  "417286": "ae-mashreqbank",
  "417326": "ae-fab",
  "417327": "ae-fab",
  "417328": "ae-fab",
  "417329": "ae-fab",
  "417330": "ae-fab",
  "417652": "ae-fab",
  "417653": "ae-fab",
  "417714": "ae-adcb",
  "417892": "ae-emiratesnbd",
  "417893": "ae-emiratesnbd",
  "417894": "ae-emiratesnbd",
  "418346": "ae-hsbc",
  "418347": "ae-hsbc",
  "418348": "ae-hsbc",
  "418349": "ae-hsbc",
  "418661": "ae-citibank",
  "418833": "ae-citibank",
  "418886": "ae-emiratesnbd",
  "418887": "ae-emiratesnbd",
  "418888": "ae-emiratesnbd",
  "418889": "ae-emiratesnbd",
  "419016": "ae-citibank",
  "419017": "ae-citibank",
  "419018": "ae-citibank",
  "419019": "ae-citibank",
  "419114": "ae-citibank",
  "419115": "ae-citibank",
  "419116": "ae-citibank",
  "419117": "ae-citibank",
  "419118": "ae-citibank",
  "419119": "ae-citibank",
  "419120": "ae-citibank",
  "419121": "ae-citibank",
  "419122": "ae-citibank",
  "419286": "ae-mashreqbank",
  "419287": "ae-mashreqbank",
  "419288": "ae-mashreqbank",
  "419647": "ae-hsbc",
  "419648": "ae-hsbc",
  "419649": "ae-hsbc",
  "419797": "ae-mashreqbank",
  "419864": "ae-mashreqbank",
  "419865": "ae-mashreqbank",
  "419867": "ae-mashreqbank",
  "419868": "ae-mashreqbank",
  "419869": "ae-mashreqbank",
  "420186": "ae-emiratesnbd",
  "420209": "ae-emiratesnbd",
  "421175": "ae-citibank",
  "421428": "ae-citibank",
  "421429": "ae-citibank",
  "421435": "ae-citibank",
  "421489": "ae-fab",
  "421536": "ae-mashreqbank",
  "421537": "ae-mashreqbank",
  "421612": "ae-citibank",
  "421613": "ae-citibank",
  "421723": "ae-citibank",
  "421908": "ae-mashreqbank",
  "422243": "ae-citibank",
  "422395": "ae-citibank",
  "422397": "ae-citibank",
  "422398": "ae-citibank",
  "422598": "ae-mashreqbank",
  "422727": "ae-citibank",
  "422761": "ae-citibank",
  "423139": "ae-citibank",
  "423209": "ae-hsbc",
  "423210": "ae-hsbc",
  "423211": "ae-hsbc",
  "423302": "ae-citibank",
  "423303": "ae-citibank",
  "423349": "ae-citibank",
  "423367": "ae-citibank",
  "423640": "ae-citibank",
  "423945": "ae-citibank",
  "424160": "ae-fab",
  "424286": "ae-fab",
  "424287": "ae-fab",
  "424343": "ae-emiratesnbd",
  "424433": "ae-citibank",
  "424971": "ae-hsbc",
  "424972": "ae-hsbc",
  "424984": "ae-dubaiislamicbank",
  "424985": "ae-dubaiislamicbank",
  "424986": "ae-dubaiislamicbank",
  "425864": "ae-citibank",
  "425878": "ae-cbd",
  "425880": "ae-adcb",
  "425893": "ae-adib",
  "426103": "ae-dubaiislamicbank",
  "426104": "ae-dubaiislamicbank",
  "426105": "ae-dubaiislamicbank",
  "426106": "ae-dubaiislamicbank",
  "426107": "ae-dubaiislamicbank",
  "426223": "ae-citibank",
  "426315": "ae-citibank",
  "426316": "ae-citibank",
  "426394": "ae-hsbc",
  "426505": "ae-citibank",
  "426937": "ae-citibank",
  "426938": "ae-citibank",
  "427111": "ae-citibank",
  "427112": "ae-citibank",
  "427138": "ae-citibank",
  "427277": "ae-adcb",
  "427299": "ae-mashreqbank",
  "427800": "ae-citibank",
  "427866": "ae-fab",
  "428107": "ae-citibank",
  "428324": "ae-mashreqbank",
  "428327": "ae-hsbc",
  "428345": "ae-mashreqbank",
  "428373": "ae-citibank",
  "428654": "ae-mashreqbank",
  "428681": "ae-hsbc",
  "428682": "ae-hsbc",
  "428683": "ae-hsbc",
  "428684": "ae-hsbc",
  "428685": "ae-hsbc",
  "428686": "ae-hsbc",
  "428687": "ae-hsbc",
  "428688": "ae-hsbc",
  "428689": "ae-hsbc",
  "428948": "ae-sib",
  "428969": "ae-mashreqbank",
  "429011": "ae-mashreqbank",
  "429407": "ae-citibank",
  "429408": "ae-citibank",
  "429954": "ae-citibank",
  "430145": "ae-dubaiislamicbank",
  "430255": "ae-emiratesnbd",
  "430271": "ae-citibank",
  "430280": "ae-fab",
  "430281": "ae-fab",
  "430287": "ae-emiratesnbd",
  "430397": "ae-hsbc",
  "430398": "ae-hsbc",
  "430463": "ae-citibank",
  "430531": "ae-citibank",
  "430596": "ae-citibank",
  "430597": "ae-citibank",
  "430599": "ae-hsbc",
  "431229": "ae-citibank",
  "431230": "ae-citibank",
  "431248": "ae-fab",
  "431249": "ae-fab",
  "431356": "ae-cbd",
  "431490": "ae-citibank",
  "431505": "ae-citibank",
  "431506": "ae-citibank",
  "431921": "ae-citibank",
  "431922": "ae-citibank",
  "431990": "ae-citibank",
  "432060": "ae-hsbc",
  "432061": "ae-hsbc",
  "432062": "ae-hsbc",
  "432063": "ae-hsbc",
  "432064": "ae-hsbc",
  "432140": "ae-citibank",
  "432234": "ae-fab",
  "432235": "ae-fab",
  "432236": "ae-fab",
  "432237": "ae-fab",
  "432238": "ae-fab",
  "433025": "ae-adcb",
  "433026": "ae-adcb",
  "433329": "ae-citibank",
  "433330": "ae-citibank",
  "433331": "ae-citibank",
  "433342": "ae-citibank",
  "433344": "ae-citibank",
  "433349": "ae-citibank",
  "433350": "ae-citibank",
  "433351": "ae-citibank",
  "433352": "ae-citibank",
  "433353": "ae-citibank",
  "433354": "ae-citibank",
  "433355": "ae-citibank",
  "433356": "ae-citibank",
  "433357": "ae-citibank",
  "433358": "ae-citibank",
  "433359": "ae-citibank",
  "433367": "ae-adib",
  "433380": "ae-citibank",
  "433381": "ae-citibank",
  "433382": "ae-citibank",
  "433393": "ae-citibank",
  "433394": "ae-citibank",
  "433395": "ae-citibank",
  "433398": "ae-citibank",
  "433399": "ae-citibank",
  "433462": "ae-citibank",
  "433847": "ae-citibank",
  "433900": "ae-citibank",
  "433901": "ae-citibank",
  "433902": "ae-citibank",
  "433903": "ae-citibank",
  "433904": "ae-citibank",
  "433905": "ae-citibank",
  "433954": "ae-fab",
  "433955": "ae-fab",
  "433956": "ae-fab",
  "434143": "ae-fab",
  "434346": "ae-citibank",
  "434347": "ae-citibank",
  "434348": "ae-citibank",
  "435311": "ae-adib",
  "435322": "ae-adib",
  "436337": "ae-citibank",
  "436404": "ae-citibank",
  "436499": "ae-hsbc",
  "436584": "ae-citibank",
  "436585": "ae-citibank",
  "436796": "ae-citibank",
  "436797": "ae-citibank",
  "436798": "ae-citibank",
  "436799": "ae-citibank",
  "437373": "ae-citibank",
  "437374": "ae-citibank",
  "437375": "ae-citibank",
  "437382": "ae-citibank",
  "437383": "ae-citibank",
  "437384": "ae-citibank",
  "437385": "ae-citibank",
  "437386": "ae-citibank",
  "437387": "ae-citibank",
  "437425": "ae-hsbc",
  "437426": "ae-hsbc",
  "437427": "ae-hsbc",
  "437804": "ae-citibank",
  "437808": "ae-citibank",
  "438411": "ae-hsbc",
  "438430": "ae-hsbc",
  "438431": "ae-hsbc",
  "438436": "ae-hsbc",
  "438438": "ae-hsbc",
  "438439": "ae-hsbc",
  "438440": "ae-hsbc",
  "438443": "ae-hsbc",
  "438446": "ae-hsbc",
  "438448": "ae-hsbc",
  "438449": "ae-hsbc",
  "438455": "ae-hsbc",
  "438456": "ae-hsbc",
  "438457": "ae-hsbc",
  "438458": "ae-hsbc",
  "438468": "ae-hsbc",
  "438479": "ae-hsbc",
  "438587": "ae-citibank",
  "438628": "ae-citibank",
  "438679": "ae-citibank",
  "438743": "ae-citibank",
  "438843": "ae-citibank",
  "438929": "ae-adcb",
  "438958": "ae-cbd",
  "438959": "ae-cbd",
  "439179": "ae-citibank",
  "439190": "ae-citibank",
  "439950": "ae-fab",
  "440415": "ae-citibank",
  "440445": "ae-citibank",
  "440446": "ae-citibank",
  "440447": "ae-citibank",
  "440448": "ae-citibank",
  "440671": "ae-citibank",
  "440672": "ae-citibank",
  "441195": "ae-fab",
  "441196": "ae-fab",
  "441703": "ae-citibank",
  "442077": "ae-citibank",
  "442164": "ae-fab",
  "442165": "ae-fab",
  "442166": "ae-fab",
  "442178": "ae-mashreqbank",
  "442179": "ae-mashreqbank",
  "442180": "ae-mashreqbank",
  "442445": "ae-adib",
  "442473": "ae-fab",
  "442603": "ae-citibank",
  "443281": "ae-citibank",
  "443282": "ae-citibank",
  "443284": "ae-citibank",
  "443287": "ae-citibank",
  "443288": "ae-citibank",
  "443959": "ae-emiratesnbd",
  "444030": "ae-fab",
  "444031": "ae-fab",
  "444032": "ae-fab",
  "444591": "ae-citibank",
  "444592": "ae-citibank",
  "444593": "ae-citibank",
  "444595": "ae-citibank",
  "444596": "ae-citibank",
  "444597": "ae-citibank",
  "444700": "ae-citibank",
  "444780": "ae-citibank",
  "444784": "ae-citibank",
  "445083": "ae-citibank",
  "445133": "ae-cbd",
  "445134": "ae-cbd",
  "445135": "ae-cbd",
  "445136": "ae-cbd",
  "445137": "ae-cbd",
  "445138": "ae-cbd",
  "445450": "ae-citibank",
  "445541": "ae-adib",
  "445542": "ae-adib",
  "445543": "ae-adib",
  "445576": "ae-adcb",
  "445577": "ae-adcb",
  "445578": "ae-adcb",
  "445579": "ae-adcb",
  "445813": "ae-hsbc",
  "445814": "ae-hsbc",
  "446343": "ae-citibank",
  "446344": "ae-citibank",
  "446345": "ae-citibank",
  "446346": "ae-citibank",
  "446347": "ae-citibank",
  "446545": "ae-citibank",
  "446998": "ae-mashreqbank",
  "447376": "ae-citibank",
  "447377": "ae-citibank",
  "447625": "ae-mashreqbank",
  "447653": "ae-hsbc",
  "448156": "ae-citibank",
  "448492": "ae-citibank",
  "448502": "ae-citibank",
  "448577": "ae-citibank",
  "448722": "ae-citibank",
  "448734": "ae-citibank",
  "448736": "ae-citibank",
  "448741": "ae-citibank",
  "448742": "ae-citibank",
  "448751": "ae-citibank",
  "448784": "ae-adib",
  "448785": "ae-adib",
  "448795": "ae-citibank",
  "449227": "ae-citibank",
  "449441": "ae-citibank",
  "450151": "ae-citibank",
  "450900": "ae-citibank",
  "450905": "ae-emiratesnbd",
  "450929": "ae-citibank",
  "451247": "ae-citibank",
  "451383": "ae-citibank",
  "451449": "ae-citibank",
  "451450": "ae-citibank",
  "452334": "ae-adib",
  "452335": "ae-adib",
  "452378": "ae-citibank",
  "452442": "ae-citibank",
  "453210": "ae-citibank",
  "453248": "ae-citibank",
  "453919": "ae-citibank",
  "453927": "ae-hsbc",
  "453928": "ae-hsbc",
  "453930": "ae-hsbc",
  "453931": "ae-hsbc",
  "453932": "ae-hsbc",
  "453933": "ae-hsbc",
  "453934": "ae-citibank",
  "453936": "ae-citibank",
  "453971": "ae-citibank",
  "453972": "ae-citibank",
  "454178": "ae-citibank",
  "454179": "ae-citibank",
  "454325": "ae-citibank",
  "454370": "ae-citibank",
  "454613": "ae-adcb",
  "454636": "ae-adcb",
  "454639": "ae-adcb",
  "454649": "ae-dubaiislamicbank",
  "454654": "ae-dubaiislamicbank",
  "454687": "ae-citibank",
  "454899": "ae-mashreqbank",
  "455038": "ae-citibank",
  "455208": "ae-hsbc",
  "455244": "ae-mashreqbank",
  "455364": "ae-emiratesnbd",
  "455390": "ae-citibank",
  "455391": "ae-hsbc",
  "455393": "ae-hsbc",
  "455588": "ae-citibank",
  "455595": "ae-citibank",
  "455596": "ae-citibank",
  "455604": "ae-citibank",
  "455638": "ae-citibank",
  "455767": "ae-dubaiislamicbank",
  "455768": "ae-dubaiislamicbank",
  "455987": "ae-citibank",
  "455988": "ae-citibank",
  "456095": "ae-citibank",
  "456096": "ae-citibank",
  "456097": "ae-citibank",
  "456098": "ae-citibank",
  "456387": "ae-citibank",
  "456397": "ae-citibank",
  "456407": "ae-citibank",
  "456452": "ae-citibank",
  "456488": "ae-citibank",
  "456523": "ae-fab",
  "456524": "ae-fab",
  "456822": "ae-citibank",
  "456833": "ae-dubaiislamicbank",
  "456834": "ae-dubaiislamicbank",
  "456835": "ae-dubaiislamicbank",
  "456873": "ae-citibank",
  "457221": "ae-fab",
  "457228": "ae-adib",
  "457250": "ae-fab",
  "457251": "ae-fab",
  "457252": "ae-fab",
  "457268": "ae-emiratesnbd",
  "457269": "ae-emiratesnbd",
  "457375": "ae-adcb",
  "457539": "ae-citibank",
  "457568": "ae-citibank",
  "457608": "ae-citibank",
  "457820": "ae-fab",
  "457826": "ae-dubaiislamicbank",
  "457903": "ae-hsbc",
  "457904": "ae-hsbc",
  "457908": "ae-mashreqbank",
  "457909": "ae-mashreqbank",
  "458102": "ae-citibank",
  "458205": "ae-fab",
  "458243": "ae-citibank",
  "458244": "ae-citibank",
  "458245": "ae-citibank",
  "458252": "ae-citibank",
  "458253": "ae-citibank",
  "458254": "ae-citibank",
  "458255": "ae-citibank",
  "458256": "ae-citibank",
  "458257": "ae-citibank",
  "458258": "ae-citibank",
  "458263": "ae-emiratesnbd",
  "458267": "ae-citibank",
  "458268": "ae-citibank",
  "458269": "ae-citibank",
  "458596": "ae-cbd",
  "458775": "ae-citibank",
  "458860": "ae-fab",
  "458861": "ae-fab",
  "458862": "ae-fab",
  "459042": "ae-dubaiislamicbank",
  "459222": "ae-citibank",
  "459466": "ae-citibank",
  "459467": "ae-citibank",
  "460030": "ae-mashreqbank",
  "460031": "ae-mashreqbank",
  "461251": "ae-sib",
  "461252": "ae-sib",
  "461253": "ae-sib",
  "461254": "ae-sib",
  "461657": "ae-citibank",
  "461669": "ae-citibank",
  "461778": "ae-citibank",
  "461795": "ae-citibank",
  "461796": "ae-citibank",
  "461797": "ae-citibank",
  "461938": "ae-citibank",
  "462120": "ae-citibank",
  "462122": "ae-citibank",
  "462209": "ae-fab",
  "462210": "ae-fab",
  "462890": "ae-citibank",
  "462930": "ae-citibank",
  "463834": "ae-dubaiislamicbank",
  "464099": "ae-fab",
  "464100": "ae-fab",
  "464101": "ae-fab",
  "464532": "ae-citibank",
  "464558": "ae-citibank",
  "464849": "ae-fab",
  "464850": "ae-fab",
  "464993": "ae-hsbc",
  "465479": "ae-citibank",
  "465888": "ae-citibank",
  "466133": "ae-adib",
  "466253": "ae-citibank",
  "466331": "ae-hsbc",
  "466507": "ae-citibank",
  "466516": "ae-citibank",
  "467092": "ae-citibank",
  "467130": "ae-citibank",
  "467131": "ae-citibank",
  "467744": "ae-emiratesnbd",
  "467745": "ae-emiratesnbd",
  "467913": "ae-hsbc",
  "467957": "ae-citibank",
  "468226": "ae-adib",
  "468573": "ae-citibank",
  "468780": "ae-citibank",
  "468781": "ae-citibank",
  "468782": "ae-citibank",
  "469340": "ae-citibank",
  "469359": "ae-citibank",
  "469361": "ae-citibank",
  "469724": "ae-hsbc",
  "469725": "ae-hsbc",
  "469874": "ae-hsbc",
  "470544": "ae-citibank",
  "470586": "ae-citibank",
  "470592": "ae-citibank",
  "470685": "ae-fab",
  "471355": "ae-emiratesnbd",
  "471363": "ae-adib",
  "471364": "ae-adib",
  "471365": "ae-adib",
  "471366": "ae-adib",
  "471367": "ae-adib",
  "471368": "ae-adib",
  "471390": "ae-adcb",
  "471460": "ae-fab",
  "471510": "ae-citibank",
  "472292": "ae-fab",
  "472293": "ae-fab",
  "472294": "ae-fab",
  "472420": "ae-hsbc",
  "472443": "ae-fab",
  "472444": "ae-fab",
  "472455": "ae-adib",
  "472873": "ae-fab",
  "472874": "ae-fab",
  "472883": "ae-citibank",
  "472902": "ae-fab",
  "472903": "ae-fab",
  "472905": "ae-fab",
  "472923": "ae-dubaiislamicbank",
  "472949": "ae-dubaiislamicbank",
  "472959": "ae-dubaiislamicbank",
  "474111": "ae-citibank",
  "474360": "ae-citibank",
  "474361": "ae-citibank",
  "476031": "ae-hsbc",
  "476032": "ae-hsbc",
  "476134": "ae-hsbc",
  "476530": "ae-citibank",
  "476555": "ae-citibank",
  "476556": "ae-citibank",
  "476877": "ae-fab",
  "476878": "ae-fab",
  "477570": "ae-hsbc",
  "477795": "ae-citibank",
  "477914": "ae-hsbc",
  "477944": "ae-citibank",
  "478275": "ae-fab",
  "478300": "ae-citibank",
  "478306": "ae-citibank",
  "478355": "ae-citibank",
  "478358": "ae-citibank",
  "478360": "ae-citibank",
  "478380": "ae-citibank",
  "478405": "ae-citibank",
  "478455": "ae-citibank",
  "478460": "ae-citibank",
  "478480": "ae-citibank",
  "478745": "ae-mashreqbank",
  "478746": "ae-mashreqbank",
  "478747": "ae-mashreqbank",
  "478754": "ae-hsbc",
  "479149": "ae-citibank",
  "479150": "ae-citibank",
  "479340": "ae-citibank",
  "479745": "ae-adcb",
  "479746": "ae-adcb",
  "479747": "ae-adcb",
  "480151": "ae-citibank",
  "480152": "ae-citibank",
  "480154": "ae-citibank",
  "480156": "ae-citibank",
  "480158": "ae-citibank",
  "480414": "ae-citibank",
  "480448": "ae-citibank",
  "480465": "ae-citibank",
  "480852": "ae-citibank",
  "480860": "ae-citibank",
  "480874": "ae-fab",
  "480877": "ae-fab",
  "480926": "ae-emiratesnbd",
  "480928": "ae-hsbc",
  "481600": "ae-citibank",
  "481651": "ae-citibank",
  "481652": "ae-citibank",
  "481653": "ae-citibank",
  "481654": "ae-citibank",
  "481655": "ae-citibank",
  "481656": "ae-citibank",
  "481657": "ae-citibank",
  "481658": "ae-citibank",
  "481659": "ae-citibank",
  "481869": "ae-citibank",
  "481870": "ae-citibank",
  "483431": "ae-adib",
  "483585": "ae-hsbc",
  "484130": "ae-fab",
  "484131": "ae-fab",
  "484190": "ae-cbd",
  "484832": "ae-hsbc",
  "484833": "ae-hsbc",
  "484834": "ae-hsbc",
  "484835": "ae-hsbc",
  "484836": "ae-hsbc",
  "484837": "ae-hsbc",
  "485801": "ae-citibank",
  "485903": "ae-citibank",
  "485940": "ae-citibank",
  "485981": "ae-citibank",
  "485985": "ae-citibank",
  "485989": "ae-citibank",
  "485996": "ae-citibank",
  "486075": "ae-dubaiislamicbank",
  "486373": "ae-citibank",
  "486431": "ae-citibank",
  "486458": "ae-citibank",
  "486506": "ae-citibank",
  "486518": "ae-citibank",
  "486541": "ae-citibank",
  "486566": "ae-citibank",
  "486637": "ae-citibank",
  "486638": "ae-citibank",
  "486639": "ae-citibank",
  "486651": "ae-citibank",
  "486667": "ae-citibank",
  "486675": "ae-cbd",
  "487056": "ae-citibank",
  "488925": "ae-citibank",
  "488960": "ae-citibank",
  "489092": "ae-fab",
  "489168": "ae-adib",
  "489306": "ae-adib",
  "489424": "ae-citibank",
  "490140": "ae-citibank",
  "490236": "ae-citibank",
  "490696": "ae-citibank",
  "490698": "ae-citibank",
  "490930": "ae-citibank",
  "490931": "ae-citibank",
  "490932": "ae-citibank",
  "490933": "ae-citibank",
  "491160": "ae-hsbc",
  "491208": "ae-hsbc",
  "491223": "ae-hsbc",
  "491236": "ae-hsbc",
  "491237": "ae-hsbc",
  "491651": "ae-cbd",
  "491652": "ae-emiratesnbd",
  "491773": "ae-emiratesnbd",
  "491807": "ae-mashreqbank",
  "491832": "ae-citibank",
  "491833": "ae-citibank",
  "492053": "ae-citibank",
  "492067": "ae-cbd",
  "492075": "ae-citibank",
  "492082": "ae-citibank",
  "492087": "ae-citibank",
  "492091": "ae-emiratesnbd",
  "492092": "ae-emiratesnbd",
  "492096": "ae-hsbc",
  "492097": "ae-hsbc",
  "492111": "ae-hsbc",
  "492200": "ae-citibank",
  "492411": "ae-citibank",
  "492413": "ae-citibank",
  "493137": "ae-citibank",
  "493138": "ae-citibank",
  "493139": "ae-citibank",
  "493714": "ae-citibank",
  "493789": "ae-hsbc",
  "494110": "ae-mashreqbank",
  "494111": "ae-mashreqbank",
  "494114": "ae-fab",
  "494115": "ae-fab",
  "494122": "ae-citibank",
  "494123": "ae-citibank",
  "494373": "ae-mashreqbank",
  "496036": "ae-citibank",
  "496604": "ae-hsbc",
  "496635": "ae-mashreqbank",
  "498509": "ae-citibank",
  "498513": "ae-citibank",
  "498514": "ae-citibank",
  "498522": "ae-citibank",
  "498524": "ae-citibank",
  "498525": "ae-citibank",
  "498526": "ae-citibank",
  "498532": "ae-citibank",
  "498533": "ae-citibank",
  "498537": "ae-citibank",
  "498538": "ae-citibank",
  "498539": "ae-citibank",
  "498540": "ae-citibank",
  "498543": "ae-citibank",
  "498546": "ae-citibank",
  "498547": "ae-citibank",
  "498548": "ae-citibank",
  "498561": "ae-citibank",
  "498562": "ae-citibank",
  "498563": "ae-citibank",
  "498564": "ae-citibank",
  "498565": "ae-citibank",
  "498566": "ae-citibank",
  "498567": "ae-citibank",
  "498569": "ae-citibank",
  "498570": "ae-citibank",
  "498571": "ae-citibank",
  "498572": "ae-citibank",
  "498573": "ae-citibank",
  "498574": "ae-citibank",
  "498575": "ae-citibank",
  "498576": "ae-citibank",
  "498577": "ae-citibank",
  "498578": "ae-citibank",
  "498579": "ae-citibank",
  "498584": "ae-citibank",
  "498585": "ae-citibank",
  "498586": "ae-citibank",
  "498597": "ae-citibank",
  "498598": "ae-citibank",
  "498599": "ae-citibank",
  "498778": "ae-emiratesnbd",
  "508127": "ae-citibank",
  "508229": "ae-citibank",
  "508246": "ae-citibank",
  "510081": "ae-fab",
  "510097": "ae-fab",
  "510487": "ae-emiratesnbd",
  "510990": "ae-citibank",
  "511240": "ae-citibank",
  "511350": "ae-citibank",
  "511437": "ae-citibank",
  "511455": "ae-citibank",
  "511456": "ae-citibank",
  "511457": "ae-citibank",
  "511458": "ae-citibank",
  "511474": "ae-citibank",
  "511475": "ae-citibank",
  "511499": "ae-fab",
  "511501": "ae-citibank",
  "511527": "ae-citibank",
  "511528": "ae-citibank",
  "511590": "ae-citibank",
  "511879": "ae-rakbank",
  "512066": "ae-mashreqbank",
  "512068": "ae-citibank",
  "512077": "ae-hsbc",
  "512107": "ae-citibank",
  "512108": "ae-citibank",
  "512160": "ae-fab",
  "512253": "ae-fab",
  "512304": "ae-rakbank",
  "512383": "ae-fab",
  "512403": "ae-rakbank",
  "512480": "ae-adcb",
  "512525": "ae-citibank",
  "512670": "ae-emiratesnbd",
  "512703": "ae-citibank",
  "512717": "ae-emiratesnbd",
  "512850": "ae-dubaiislamicbank",
  "512970": "ae-sib",
  "513146": "ae-citibank",
  "513486": "ae-citibank",
  "513896": "ae-adib",
  "514035": "ae-citibank",
  "514054": "ae-citibank",
  "514059": "ae-citibank",
  "514060": "ae-citibank",
  "514064": "ae-citibank",
  "514080": "ae-citibank",
  "514095": "ae-citibank",
  "514469": "ae-citibank",
  "514504": "ae-citibank",
  "514543": "ae-citibank",
  "514685": "ae-citibank",
  "514731": "ae-fab",
  "514740": "ae-dubaiislamicbank",
  "515212": "ae-rakbank",
  "515341": "ae-mashreqbank",
  "515491": "ae-emiratesnbd",
  "515515": "ae-sib",
  "515557": "ae-citibank",
  "515564": "ae-fab",
  "515566": "ae-citibank",
  "515625": "ae-citibank",
  "515690": "ae-citibank",
  "515719": "ae-citibank",
  "515735": "ae-citibank",
  "515782": "ae-rakbank",
  "516012": "ae-mashreqbank",
  "516100": "ae-fab",
  "516108": "ae-citibank",
  "516178": "ae-fab",
  "516981": "ae-citibank",
  "517208": "ae-hsbc",
  "517251": "ae-rakbank",
  "517524": "ae-fab",
  "517554": "ae-fab",
  "517565": "ae-adib",
  "517620": "ae-dubaiislamicbank",
  "517700": "ae-citibank",
  "517715": "ae-emiratesnbd",
  "517722": "ae-hsbc",
  "517723": "ae-emiratesnbd",
  "517734": "ae-emiratesnbd",
  "517736": "ae-fab",
  "517738": "ae-mashreqbank",
  "517742": "ae-emiratesnbd",
  "517745": "ae-hsbc",
  "517773": "ae-emiratesnbd",
  "517783": "ae-emiratesnbd",
  "517904": "ae-citibank",
  "517940": "ae-citibank",
  "517949": "ae-citibank",
  "518119": "ae-citibank",
  "518130": "ae-citibank",
  "518145": "ae-citibank",
  "518159": "ae-citibank",
  "518285": "ae-fab",
  "518292": "ae-adib",
  "518368": "ae-dubaiislamicbank",
  "518390": "ae-citibank",
  "518429": "ae-citibank",
  "518436": "ae-adib",
  "518478": "ae-emiratesnbd",
  "518520": "ae-fab",
  "518548": "ae-fab",
  "518728": "ae-citibank",
  "518752": "ae-citibank",
  "518857": "ae-fab",
  "518870": "ae-emiratesnbd",
  "518871": "ae-emiratesnbd",
  "518872": "ae-emiratesnbd",
  "518895": "ae-fab",
  "518910": "ae-fab",
  "518932": "ae-citibank",
  "518936": "ae-citibank",
  "518938": "ae-citibank",
  "519251": "ae-fab",
  "519305": "ae-adcb",
  "519505": "ae-citibank",
  "519785": "ae-citibank",
  "519855": "ae-fab",
  "519860": "ae-citibank",
  "519875": "ae-fab",
  "519969": "ae-sib",
  "520336": "ae-citibank",
  "520386": "ae-citibank",
  "520764": "ae-hsbc",
  "520767": "ae-hsbc",
  "520954": "ae-citibank",
  "521048": "ae-citibank",
  "521052": "ae-citibank",
  "521070": "ae-rakbank",
  "521149": "ae-citibank",
  "521314": "ae-fab",
  "521315": "ae-fab",
  "521380": "ae-dubaiislamicbank",
  "521389": "ae-fab",
  "521401": "ae-sib",
  "521440": "ae-citibank",
  "521532": "ae-emiratesnbd",
  "521551": "ae-citibank",
  "521761": "ae-mashreqbank",
  "521852": "ae-citibank",
  "521858": "ae-mashreqbank",
  "521876": "ae-citibank",
  "521891": "ae-citibank",
  "522039": "ae-citibank",
  "522334": "ae-dubaiislamicbank",
  "522338": "ae-citibank",
  "522527": "ae-citibank",
  "522529": "ae-citibank",
  "522533": "ae-dubaiislamicbank",
  "522707": "ae-rakbank",
  "522785": "ae-rakbank",
  "522873": "ae-emiratesnbd",
  "522962": "ae-hsbc",
  "522968": "ae-rakbank",
  "523404": "ae-citibank",
  "523645": "ae-fab",
  "523926": "ae-rakbank",
  "523963": "ae-emiratesnbd",
  "523978": "ae-adib",
  "523997": "ae-dubaiislamicbank",
  "524092": "ae-cbd",
  "524133": "ae-citibank",
  "524136": "ae-mashreqbank",
  "524137": "ae-mashreqbank",
  "524139": "ae-fab",
  "524158": "ae-mashreqbank",
  "524159": "ae-mashreqbank",
  "524179": "ae-mashreqbank",
  "524198": "ae-sib",
  "524200": "ae-fab",
  "524204": "ae-fab",
  "524211": "ae-citibank",
  "524243": "ae-fab",
  "524257": "ae-fab",
  "524372": "ae-hsbc",
  "524399": "ae-adcb",
  "524475": "ae-emiratesnbd",
  "524504": "ae-mashreqbank",
  "524524": "ae-adib",
  "524884": "ae-citibank",
  "525424": "ae-citibank",
  "525601": "ae-adcb",
  "525602": "ae-citibank",
  "525604": "ae-citibank",
  "525605": "ae-citibank",
  "525606": "ae-citibank",
  "525607": "ae-citibank",
  "525608": "ae-citibank",
  "525609": "ae-citibank",
  "525645": "ae-mashreqbank",
  "525649": "ae-adcb",
  "525650": "ae-citibank",
  "525697": "ae-citibank",
  "526039": "ae-rakbank",
  "526079": "ae-citibank",
  "526113": "ae-adcb",
  "526195": "ae-hsbc",
  "526218": "ae-citibank",
  "526219": "ae-citibank",
  "526221": "ae-citibank",
  "526222": "ae-citibank",
  "526223": "ae-citibank",
  "526224": "ae-citibank",
  "526225": "ae-citibank",
  "526226": "ae-citibank",
  "526227": "ae-citibank",
  "526228": "ae-citibank",
  "526229": "ae-citibank",
  "526277": "ae-fab",
  "526298": "ae-hsbc",
  "526371": "ae-hsbc",
  "526408": "ae-adcb",
  "526421": "ae-citibank",
  "526835": "ae-citibank",
  "526844": "ae-fab",
  "526885": "ae-hsbc",
  "526908": "ae-citibank",
  "527208": "ae-citibank",
  "527214": "ae-citibank",
  "527224": "ae-citibank",
  "527231": "ae-citibank",
  "527234": "ae-citibank",
  "527237": "ae-citibank",
  "527239": "ae-citibank",
  "527241": "ae-citibank",
  "527243": "ae-citibank",
  "527326": "ae-dubaiislamicbank",
  "527385": "ae-sib",
  "527480": "ae-citibank",
  "527484": "ae-citibank",
  "527639": "ae-sib",
  "527755": "ae-dubaiislamicbank",
  "528156": "ae-citibank",
  "528203": "ae-rakbank",
  "528295": "ae-citibank",
  "528297": "ae-citibank",
  "528428": "ae-rakbank",
  "528547": "ae-citibank",
  "528549": "ae-citibank",
  "528558": "ae-mashreqbank",
  "528757": "ae-citibank",
  "529105": "ae-citibank",
  "529117": "ae-citibank",
  "529120": "ae-citibank",
  "529251": "ae-citibank",
  "529252": "ae-citibank",
  "529495": "ae-citibank",
  "529509": "ae-dubaiislamicbank",
  "529546": "ae-rakbank",
  "529549": "ae-rakbank",
  "529562": "ae-dubaiislamicbank",
  "529582": "ae-mashreqbank",
  "529606": "ae-rakbank",
  "529758": "ae-citibank",
  "529764": "ae-citibank",
  "529766": "ae-citibank",
  "529792": "ae-adib",
  "529892": "ae-citibank",
  "530008": "ae-dubaiislamicbank",
  "530466": "ae-mashreqbank",
  "530560": "ae-fab",
  "530563": "ae-fab",
  "530644": "ae-rakbank",
  "530815": "ae-citibank",
  "530828": "ae-fab",
  "530878": "ae-citibank",
  "530890": "ae-citibank",
  "530891": "ae-citibank",
  "530892": "ae-citibank",
  "530893": "ae-citibank",
  "530894": "ae-citibank",
  "530895": "ae-citibank",
  "530896": "ae-citibank",
  "530897": "ae-citibank",
  "530898": "ae-citibank",
  "530899": "ae-citibank",
  "530902": "ae-citibank",
  "530904": "ae-citibank",
  "530908": "ae-citibank",
  "531074": "ae-fab",
  "531275": "ae-dubaiislamicbank",
  "531662": "ae-citibank",
  "531677": "ae-adib",
  "531712": "ae-citibank",
  "532129": "ae-fab",
  "532425": "ae-sib",
  "532660": "ae-adcb",
  "532662": "ae-citibank",
  "532663": "ae-citibank",
  "532665": "ae-adcb",
  "532667": "ae-dubaiislamicbank",
  "532671": "ae-fab",
  "532688": "ae-adcb",
  "532689": "ae-adcb",
  "532719": "ae-cbd",
  "532723": "ae-sib",
  "532951": "ae-sib",
  "532958": "ae-citibank",
  "532959": "ae-citibank",
  "532960": "ae-citibank",
  "532970": "ae-citibank",
  "532971": "ae-citibank",
  "532989": "ae-citibank",
  "533104": "ae-sib",
  "533113": "ae-fab",
  "533191": "ae-fab",
  "533539": "ae-sib",
  "533574": "ae-dubaiislamicbank",
  "533605": "ae-rakbank",
  "533754": "ae-dubaiislamicbank",
  "533767": "ae-rakbank",
  "533777": "ae-adib",
  "533890": "ae-citibank",
  "533909": "ae-citibank",
  "533948": "ae-citibank",
  "534159": "ae-adcb",
  "534248": "ae-citibank",
  "534360": "ae-hsbc",
  "534784": "ae-sib",
  "535139": "ae-citibank",
  "535377": "ae-rakbank",
  "535392": "ae-rakbank",
  "535414": "ae-citibank",
  "535954": "ae-adib",
  "535987": "ae-fab",
  "535996": "ae-fab",
  "536061": "ae-citibank",
  "536081": "ae-citibank",
  "536218": "ae-citibank",
  "536219": "ae-citibank",
  "536221": "ae-citibank",
  "536222": "ae-citibank",
  "536223": "ae-citibank",
  "536224": "ae-citibank",
  "536225": "ae-citibank",
  "536226": "ae-citibank",
  "536227": "ae-citibank",
  "536228": "ae-citibank",
  "536229": "ae-citibank",
  "536272": "ae-rakbank",
  "536295": "ae-adcb",
  "536317": "ae-rakbank",
  "536534": "ae-citibank",
  "536573": "ae-dubaiislamicbank",
  "536627": "ae-fab",
  "536987": "ae-citibank",
  "536988": "ae-citibank",
  "536989": "ae-citibank",
  "537097": "ae-citibank",
  "537104": "ae-citibank",
  "537116": "ae-citibank",
  "537124": "ae-citibank",
  "537152": "ae-citibank",
  "537154": "ae-citibank",
  "537156": "ae-citibank",
  "537618": "ae-citibank",
  "537631": "ae-citibank",
  "537641": "ae-citibank",
  "537657": "ae-citibank",
  "537667": "ae-citibank",
  "537700": "ae-citibank",
  "537707": "ae-adib",
  "537746": "ae-citibank",
  "537752": "ae-citibank",
  "537758": "ae-citibank",
  "537792": "ae-citibank",
  "537808": "ae-fab",
  "537814": "ae-adcb",
  "537983": "ae-rakbank",
  "538180": "ae-mashreqbank",
  "538415": "ae-emiratesnbd",
  "538425": "ae-cbd",
  "538434": "ae-dubaiislamicbank",
  "538609": "ae-dubaiislamicbank",
  "538817": "ae-citibank",
  "538898": "ae-citibank",
  "538906": "ae-citibank",
  "538913": "ae-citibank",
  "538935": "ae-citibank",
  "539013": "ae-citibank",
  "539147": "ae-citibank",
  "539156": "ae-citibank",
  "539207": "ae-adib",
  "539610": "ae-citibank",
  "539611": "ae-citibank",
  "539620": "ae-citibank",
  "539624": "ae-dubaiislamicbank",
  "539628": "ae-dubaiislamicbank",
  "539640": "ae-citibank",
  "539641": "ae-citibank",
  "539642": "ae-citibank",
  "539643": "ae-citibank",
  "539644": "ae-citibank",
  "539646": "ae-citibank",
  "539647": "ae-citibank",
  "539652": "ae-citibank",
  "539655": "ae-citibank",
  "539656": "ae-citibank",
  "539680": "ae-citibank",
  "539681": "ae-citibank",
  "539682": "ae-citibank",
  "539810": "ae-citibank",
  "539813": "ae-citibank",
  "539820": "ae-citibank",
  "539821": "ae-citibank",
  "539822": "ae-citibank",
  "539830": "ae-hsbc",
  "539840": "ae-citibank",
  "539841": "ae-citibank",
  "539842": "ae-citibank",
  "539843": "ae-citibank",
  "539844": "ae-citibank",
  "539846": "ae-citibank",
  "539855": "ae-citibank",
  "539856": "ae-citibank",
  "539857": "ae-citibank",
  "539860": "ae-citibank",
  "539870": "ae-citibank",
  "539871": "ae-citibank",
  "539880": "ae-citibank",
  "539882": "ae-citibank",
  "539883": "ae-citibank",
  "539888": "ae-adcb",
  "539939": "ae-cbd",
  "539987": "ae-fab",
  "539999": "ae-dubaiislamicbank",
  "540090": "ae-adib",
  "540121": "ae-adib",
  "540165": "ae-citibank",
  "540175": "ae-citibank",
  "540184": "ae-citibank",
  "540302": "ae-citibank",
  "540309": "ae-citibank",
  "540335": "ae-citibank",
  "540350": "ae-citibank",
  "540356": "ae-citibank",
  "540357": "ae-citibank",
  "540369": "ae-citibank",
  "540385": "ae-citibank",
  "540396": "ae-citibank",
  "540432": "ae-citibank",
  "540502": "ae-citibank",
  "540531": "ae-citibank",
  "540550": "ae-citibank",
  "540598": "ae-citibank",
  "540672": "ae-emiratesnbd",
  "540702": "ae-hsbc",
  "540739": "ae-hsbc",
  "540742": "ae-hsbc",
  "540749": "ae-hsbc",
  "540750": "ae-emiratesnbd",
  "540751": "ae-citibank",
  "540908": "ae-hsbc",
  "540909": "ae-hsbc",
  "540910": "ae-hsbc",
  "540911": "ae-hsbc",
  "540914": "ae-hsbc",
  "540924": "ae-citibank",
  "540938": "ae-citibank",
  "540975": "ae-citibank",
  "540977": "ae-mashreqbank",
  "540978": "ae-emiratesnbd",
  "540999": "ae-citibank",
  "541043": "ae-hsbc",
  "541065": "ae-citibank",
  "541195": "ae-citibank",
  "541242": "ae-citibank",
  "541299": "ae-citibank",
  "541484": "ae-citibank",
  "541497": "ae-citibank",
  "541505": "ae-citibank",
  "541521": "ae-adcb",
  "541526": "ae-citibank",
  "541572": "ae-citibank",
  "541610": "ae-citibank",
  "541655": "ae-citibank",
  "541672": "ae-sib",
  "541705": "ae-citibank",
  "541887": "ae-citibank",
  "541906": "ae-citibank",
  "541907": "ae-citibank",
  "541931": "ae-citibank",
  "541942": "ae-citibank",
  "541972": "ae-citibank",
  "541992": "ae-citibank",
  "541993": "ae-citibank",
  "542019": "ae-citibank",
  "542092": "ae-citibank",
  "542139": "ae-citibank",
  "542177": "ae-citibank",
  "542303": "ae-citibank",
  "542306": "ae-citibank",
  "542379": "ae-citibank",
  "542415": "ae-citibank",
  "542418": "ae-citibank",
  "542456": "ae-citibank",
  "542463": "ae-citibank",
  "542471": "ae-citibank",
  "542472": "ae-citibank",
  "542476": "ae-citibank",
  "542483": "ae-citibank",
  "542484": "ae-citibank",
  "542485": "ae-citibank",
  "542490": "ae-citibank",
  "542491": "ae-citibank",
  "542494": "ae-citibank",
  "542531": "ae-citibank",
  "542536": "ae-fab",
  "542556": "ae-citibank",
  "542618": "ae-fab",
  "542655": "ae-citibank",
  "542785": "ae-citibank",
  "542816": "ae-mashreqbank",
  "542830": "ae-hsbc",
  "542933": "ae-adcb",
  "542947": "ae-citibank",
  "542984": "ae-adcb",
  "543030": "ae-hsbc",
  "543041": "ae-hsbc",
  "543072": "ae-mashreqbank",
  "543195": "ae-hsbc",
  "543196": "ae-hsbc",
  "543198": "ae-hsbc",
  "543240": "ae-citibank",
  "543449": "ae-citibank",
  "543466": "ae-hsbc",
  "543594": "ae-citibank",
  "543666": "ae-citibank",
  "543667": "ae-citibank",
  "543676": "ae-emiratesnbd",
  "543681": "ae-fab",
  "543688": "ae-dubaiislamicbank",
  "543729": "ae-mashreqbank",
  "543757": "ae-emiratesnbd",
  "543780": "ae-citibank",
  "543860": "ae-adcb",
  "543889": "ae-mashreqbank",
  "543903": "ae-hsbc",
  "543945": "ae-emiratesnbd",
  "544083": "ae-sib",
  "544129": "ae-citibank",
  "544152": "ae-fab",
  "544170": "ae-citibank",
  "544282": "ae-citibank",
  "544339": "ae-citibank",
  "544627": "ae-mashreqbank",
  "544628": "ae-mashreqbank",
  "544664": "ae-citibank",
  "544666": "ae-fab",
  "544700": "ae-citibank",
  "544782": "ae-emiratesnbd",
  "544815": "ae-adib",
  "545137": "ae-citibank",
  "545150": "ae-fab",
  "545169": "ae-fab",
  "545434": "ae-citibank",
  "545531": "ae-hsbc",
  "545532": "ae-hsbc",
  "545542": "ae-sib",
  "545594": "ae-hsbc",
  "545626": "ae-hsbc",
  "545643": "ae-hsbc",
  "545644": "ae-hsbc",
  "545715": "ae-citibank",
  "545716": "ae-citibank",
  "545825": "ae-emiratesnbd",
  "545836": "ae-adcb",
  "545844": "ae-citibank",
  "545987": "ae-citibank",
  "546068": "ae-citibank",
  "546294": "ae-citibank",
  "546296": "ae-citibank",
  "546416": "ae-citibank",
  "546425": "ae-citibank",
  "546433": "ae-citibank",
  "546527": "ae-citibank",
  "546529": "ae-citibank",
  "546613": "ae-citibank",
  "546616": "ae-citibank",
  "546619": "ae-citibank",
  "546627": "ae-citibank",
  "546628": "ae-citibank",
  "546646": "ae-citibank",
  "546648": "ae-citibank",
  "546653": "ae-citibank",
  "546750": "ae-rakbank",
  "547102": "ae-citibank",
  "547105": "ae-sib",
  "547111": "ae-fab",
  "547112": "ae-adib",
  "547147": "ae-hsbc",
  "547148": "ae-hsbc",
  "547218": "ae-citibank",
  "547233": "ae-citibank",
  "547297": "ae-citibank",
  "547362": "ae-adcb",
  "547401": "ae-hsbc",
  "547443": "ae-mashreqbank",
  "547641": "ae-citibank",
  "547658": "ae-adcb",
  "547704": "ae-mashreqbank",
  "547786": "ae-citibank",
  "547787": "ae-citibank",
  "548036": "ae-citibank",
  "548068": "ae-citibank",
  "548082": "ae-mashreqbank",
  "548127": "ae-hsbc",
  "548128": "ae-hsbc",
  "548139": "ae-hsbc",
  "548161": "ae-citibank",
  "548162": "ae-hsbc",
  "548193": "ae-hsbc",
  "548457": "ae-adib",
  "548537": "ae-rakbank",
  "548642": "ae-adib",
  "548670": "ae-fab",
  "548760": "ae-adcb",
  "548880": "ae-citibank",
  "548891": "ae-emiratesnbd",
  "549102": "ae-citibank",
  "549113": "ae-citibank",
  "549114": "ae-citibank",
  "549137": "ae-citibank",
  "549143": "ae-citibank",
  "549149": "ae-citibank",
  "549177": "ae-citibank",
  "549284": "ae-fab",
  "549305": "ae-dubaiislamicbank",
  "549458": "ae-dubaiislamicbank",
  "549460": "ae-citibank",
  "549566": "ae-rakbank",
  "549755": "ae-fab",
  "549777": "ae-citibank",
  "549778": "ae-citibank",
  "549779": "ae-citibank",
  "549838": "ae-cbd",
  "549852": "ae-citibank",
  "549990": "ae-sib",
  "550126": "ae-mashreqbank",
  "550412": "ae-hsbc",
  "550594": "ae-citibank",
  "551034": "ae-sib",
  "551070": "ae-citibank",
  "552006": "ae-adcb",
  "552042": "ae-citibank",
  "552067": "ae-hsbc",
  "552081": "ae-citibank",
  "552093": "ae-citibank",
  "552102": "ae-hsbc",
  "552104": "ae-hsbc",
  "552105": "ae-hsbc",
  "552107": "ae-hsbc",
  "552137": "ae-citibank",
  "552191": "ae-emiratesnbd",
  "552255": "ae-citibank",
  "552340": "ae-fab",
  "552370": "ae-sib",
  "552435": "ae-fab",
  "552469": "ae-emiratesnbd",
  "552479": "ae-citibank",
  "552480": "ae-citibank",
  "552512": "ae-hsbc",
  "552563": "ae-hsbc",
  "552577": "ae-fab",
  "552639": "ae-citibank",
  "552728": "ae-hsbc",
  "552778": "ae-mashreqbank",
  "552790": "ae-citibank",
  "552815": "ae-citibank",
  "552900": "ae-citibank",
  "552913": "ae-hsbc",
  "552918": "ae-citibank",
  "552919": "ae-citibank",
  "552921": "ae-citibank",
  "552922": "ae-citibank",
  "552923": "ae-citibank",
  "552926": "ae-citibank",
  "552930": "ae-citibank",
  "552933": "ae-citibank",
  "553013": "ae-citibank",
  "553014": "ae-citibank",
  "553085": "ae-citibank",
  "553117": "ae-rakbank",
  "553137": "ae-hsbc",
  "553384": "ae-citibank",
  "553410": "ae-citibank",
  "553533": "ae-adcb",
  "553682": "ae-citibank",
  "553683": "ae-citibank",
  "553684": "ae-citibank",
  "553772": "ae-citibank",
  "554162": "ae-adcb",
  "554166": "ae-adcb",
  "554219": "ae-citibank",
  "554305": "ae-citibank",
  "554338": "ae-citibank",
  "554352": "ae-citibank",
  "554359": "ae-citibank",
  "554368": "ae-citibank",
  "554379": "ae-hsbc",
  "554426": "ae-citibank",
  "554576": "ae-citibank",
  "554619": "ae-citibank",
  "554637": "ae-citibank",
  "554740": "ae-rakbank",
  "554907": "ae-fab",
  "555004": "ae-hsbc",
  "555007": "ae-hsbc",
  "555010": "ae-citibank",
  "555011": "ae-citibank",
  "555013": "ae-hsbc",
  "555015": "ae-citibank",
  "555018": "ae-citibank",
  "555024": "ae-citibank",
  "555027": "ae-citibank",
  "555035": "ae-citibank",
  "555041": "ae-hsbc",
  "555044": "ae-fab",
  "555157": "ae-citibank",
  "555163": "ae-citibank",
  "555225": "ae-citibank",
  "555265": "ae-adcb",
  "555322": "ae-hsbc",
  "555355": "ae-hsbc",
  "555370": "ae-citibank",
  "555377": "ae-hsbc",
  "555544": "ae-hsbc",
  "555888": "ae-hsbc",
  "556043": "ae-citibank",
  "556303": "ae-citibank",
  "556304": "ae-citibank",
  "556613": "ae-hsbc",
  "556680": "ae-citibank",
  "556709": "ae-citibank",
  "556800": "ae-citibank",
  "556801": "ae-citibank",
  "556802": "ae-citibank",
  "556803": "ae-citibank",
  "556804": "ae-citibank",
  "556806": "ae-citibank",
  "556807": "ae-citibank",
  "556808": "ae-citibank",
  "556809": "ae-citibank",
  "556870": "ae-citibank",
  "556871": "ae-citibank",
  "556872": "ae-citibank",
  "556873": "ae-citibank",
  "556874": "ae-citibank",
  "556876": "ae-citibank",
  "556877": "ae-citibank",
  "556878": "ae-citibank",
  "556879": "ae-citibank",
  "556900": "ae-citibank",
  "556924": "ae-citibank",
  "557125": "ae-citibank",
  "557126": "ae-citibank",
  "557127": "ae-citibank",
  "557129": "ae-citibank",
  "557130": "ae-citibank",
  "557131": "ae-citibank",
  "557132": "ae-citibank",
  "557133": "ae-citibank",
  "557134": "ae-citibank",
  "557135": "ae-citibank",
  "557136": "ae-citibank",
  "557281": "ae-citibank",
  "557587": "ae-citibank",
  "557652": "ae-adcb",
  "557661": "ae-fab",
  "557813": "ae-rakbank",
  "558101": "ae-citibank",
  "558592": "ae-emiratesnbd",
  "558720": "ae-citibank",
  "558724": "ae-citibank",
  "558800": "ae-citibank",
  "558802": "ae-citibank",
  "558828": "ae-citibank",
  "558832": "ae-citibank",
  "558837": "ae-citibank",
  "558857": "ae-citibank",
  "558858": "ae-citibank",
  "558859": "ae-citibank",
  "558861": "ae-citibank",
  "558862": "ae-citibank",
  "558863": "ae-citibank",
  "558871": "ae-hsbc",
  "558872": "ae-hsbc",
  "558879": "ae-citibank",
  "558955": "ae-citibank",
  "559234": "ae-adcb",
  "559254": "ae-adib",
  "559418": "ae-citibank",
  "559535": "ae-adcb",
  "559544": "ae-fab",
  "559552": "ae-citibank",
  "559560": "ae-fab",
  "559580": "ae-rakbank",
  "559742": "ae-citibank",
  "559745": "ae-citibank",
  "559909": "ae-citibank",
  "559912": "ae-citibank",
  "559925": "ae-citibank",
  "559929": "ae-citibank",
  "585210": "ae-citibank",
  "588700": "ae-hsbc",
  "594041": "ae-hsbc",
  "600909": "ae-citibank",
  "601576": "ae-hsbc",
  "603049": "ae-citibank",
  "603232": "ae-citibank",
  "603312": "ae-citibank",
  "603325": "ae-hsbc",
  "603527": "ae-citibank",
  "603529": "ae-citibank",
  "603568": "ae-citibank",
  "620079": "ae-cbd",
  "621442": "ae-hsbc",
  "621443": "ae-hsbc",
  "625034": "ae-hsbc",
  "625074": "ae-citibank",
  "625075": "ae-citibank",
  "625091": "ae-citibank",
  "625098": "ae-hsbc",
  "666006": "ae-citibank",
  "940060": "ae-citibank",
  "940388": "ae-citibank"
}