{
  "374421": "tr-garantibbva",
  "374422": "tr-garantibbva",
  "374424": "tr-garantibbva",
  "374425": "tr-garantibbva",
  "374426": "tr-garantibbva",
  "374427": "tr-garantibbva",
  "375557": "tr-akbank",
  "375622": "tr-garantibbva",
  "375623": "tr-garantibbva",
  "375624": "tr-garantibbva",
  "375625": "tr-garantibbva",
  "375626": "tr-garantibbva",
  "375627": "tr-garantibbva",
  "375628": "tr-garantibbva",
  "375629": "tr-garantibbva",
  "375631": "tr-garantibbva",
  "377137": "tr-garantibbva",
  "400684": "tr-ing",
  "401622": "tr-yapikredi",
  "401738": "tr-garantibbva",
  "402142": "tr-teb",
  "402277": "tr-qnbfinansbank",
  "402278": "tr-qnbfinansbank",
  "402458": "tr-teb",
  "402459": "tr-teb",
  "402526": "tr-halkbank",
  "402563": "tr-qnbfinansbank",
  "402770": "tr-denizbank",
  "402940": "tr-vakifbank",
  "403082": "tr-qnbfinansbank",
  "403134": "tr-denizbank",
  "403280": "tr-garantibbva",
  "403666": "tr-garantibbva",
  "403836": "tr-sekerbank",
  "404308": "tr-garantibbva",
  "404315": "tr-teb",
  "404809": "tr-yapikredi",
  "404990": "tr-denizbank",
  "405051": "tr-garantibbva",
  "405090": "tr-garantibbva",
  "406015": "tr-teb",
  "406281": "tr-yapikredi",
  "406386": "tr-qnbfinansbank",
  "406456": "tr-isbank",
  "407814": "tr-ziraat",
  "408578": "tr-ing",
  "408581": "tr-ing",
  "408593": "tr-ing",
  "408625": "tr-denizbank",
  "409021": "tr-yapikredi",
  "409022": "tr-yapikredi",
  "409070": "tr-denizbank",
  "409084": "tr-vakifbank",
  "409219": "tr-garantibbva",
  "409364": "tr-qnbfinansbank",
  "410141": "tr-garantibbva",
  "410147": "tr-qnbfinansbank",
  "411156": "tr-sekerbank",
  "411157": "tr-sekerbank",
  "411158": "tr-sekerbank",
  "411159": "tr-sekerbank",
  "411724": "tr-vakifbank",
  "411924": "tr-denizbank",
  "411942": "tr-vakifbank",
  "411943": "tr-vakifbank",
  "411944": "tr-vakifbank",
  "411979": "tr-vakifbank",
  "413226": "tr-ziraat",
  "413252": "tr-akbank",
  "413382": "tr-yapikredi",
  "413528": "tr-teb",
  "413583": "tr-qnbfinansbank",
  "413836": "tr-garantibbva",
  "414070": "tr-ing",
  "414291": "tr-yapikredi",
  "414388": "tr-qnbfinansbank",
  "414391": "tr-yapikredi",
  "414392": "tr-yapikredi",
  "415514": "tr-halkbank",
  "415515": "tr-halkbank",
  "415565": "tr-qnbfinansbank",
  "415792": "tr-vakifbank",
  "415956": "tr-qnbfinansbank",
  "416757": "tr-vakifbank",
  "418342": "tr-isbank",
  "418343": "tr-isbank",
  "418344": "tr-isbank",
  "418345": "tr-isbank",
  "420092": "tr-qnbfinansbank",
  "420322": "tr-ing",
  "420323": "tr-ing",
  "420324": "tr-ing",
  "420342": "tr-yapikredi",
  "420343": "tr-yapikredi",
  "420344": "tr-yapikredi",
  "420556": "tr-garantibbva",
  "420557": "tr-garantibbva",
  "421030": "tr-halkbank",
  "421086": "tr-sekerbank",
  "422376": "tr-qnbfinansbank",
  "423277": "tr-qnbfinansbank",
  "423398": "tr-qnbfinansbank",
  "423667": "tr-denizbank",
  "423833": "tr-sekerbank",
  "424360": "tr-denizbank",
  "424361": "tr-denizbank",
  "425669": "tr-akbank",
  "426886": "tr-garantibbva",
  "426887": "tr-garantibbva",
  "426888": "tr-garantibbva",
  "426889": "tr-garantibbva",
  "427292": "tr-isbank",
  "427308": "tr-teb",
  "427311": "tr-qnbfinansbank",
  "427314": "tr-garantibbva",
  "427315": "tr-garantibbva",
  "427707": "tr-teb",
  "428220": "tr-garantibbva",
  "428221": "tr-garantibbva",
  "428945": "tr-vakifbank",
  "431379": "tr-qnbfinansbank",
  "432071": "tr-akbank",
  "432072": "tr-akbank",
  "432154": "tr-garantibbva",
  "433383": "tr-sekerbank",
  "433384": "tr-sekerbank",
  "435508": "tr-akbank",
  "435509": "tr-akbank",
  "435653": "tr-qnbfinansbank",
  "437838": "tr-ziraat",
  "438040": "tr-teb",
  "440247": "tr-teb",
  "440273": "tr-teb",
  "440274": "tr-teb",
  "440293": "tr-teb",
  "440294": "tr-teb",
  "440295": "tr-teb",
  "440776": "tr-halkbank",
  "441007": "tr-qnbfinansbank",
  "441139": "tr-denizbank",
  "442106": "tr-yapikredi",
  "442395": "tr-qnbfinansbank",
  "442671": "tr-vakifbank",
  "444028": "tr-vakifbank",
  "444029": "tr-qnbfinansbank",
  "444676": "tr-ziraat",
  "444677": "tr-ziraat",
  "444678": "tr-ziraat",
  "446212": "tr-yapikredi",
  "447502": "tr-ing",
  "447503": "tr-teb",
  "447504": "tr-ziraat",
  "447505": "tr-halkbank",
  "448472": "tr-garantibbva",
  "450634": "tr-yapikredi",
  "450803": "tr-isbank",
  "450918": "tr-teb",
  "451454": "tr-halkbank",
  "453955": "tr-ziraat",
  "453956": "tr-ziraat",
  "454314": "tr-isbank",
  "454318": "tr-isbank",
  "454358": "tr-isbank",
  "454359": "tr-isbank",
  "454360": "tr-isbank",
  "454671": "tr-ziraat",
  "454672": "tr-ziraat",
  "454673": "tr-ziraat",
  "454674": "tr-ziraat",
  "454894": "tr-ziraat",
  "455359": "tr-yapikredi",
  "455360": "tr-yapikredi",
  "455571": "tr-ing",
  "455645": "tr-teb",
  "456372": "tr-akbank",
  "456373": "tr-akbank",
  "456507": "tr-garantibbva",
  "459026": "tr-teb",
  "459068": "tr-sekerbank",
  "459252": "tr-vakifbank",
  "459268": "tr-sekerbank",
  "459332": "tr-qnbfinansbank",
  "459333": "tr-qnbfinansbank",
  "459582": "tr-denizbank",
  "460345": "tr-denizbank",
  "460346": "tr-denizbank",
  "460347": "tr-denizbank",
  "461668": "tr-garantibbva",
  "462274": "tr-garantibbva",
  "462276": "tr-denizbank",
  "462448": "tr-denizbank",
  "462449": "tr-denizbank",
  "465574": "tr-denizbank",
  "466260": "tr-halkbank",
  "467293": "tr-garantibbva",
  "467295": "tr-garantibbva",
  "468791": "tr-odeabank",
  "468793": "tr-odeabank",
  "468794": "tr-odeabank",
  "468795": "tr-odeabank",
  "468796": "tr-odeabank",
  "468797": "tr-odeabank",
  "469180": "tr-odeabank",
  "469181": "tr-odeabank",
  "469183": "tr-odeabank",
  "469184": "tr-odeabank",
  "469188": "tr-teb",
  "469884": "tr-ziraat",
  "472914": "tr-denizbank",
  "472915": "tr-denizbank",
  "473130": "tr-garantibbva",
  "474151": "tr-garantibbva",
  "474823": "tr-ing",
  "474853": "tr-akbank",
  "474854": "tr-akbank",
  "476619": "tr-ziraat",
  "476626": "tr-yapikredi",
  "476662": "tr-denizbank",
  "476867": "tr-isbank",
  "477901": "tr-vakifbank",
  "477959": "tr-yapikredi",
  "479227": "tr-teb",
  "479610": "tr-isbank",
  "479682": "tr-garantibbva",
  "479794": "tr-yapikredi",
  "479795": "tr-yapikredi",
  "479908": "tr-vakifbank",
  "479909": "tr-vakifbank",
  "480296": "tr-ing",
  "482489": "tr-garantibbva",
  "482490": "tr-garantibbva",
  "482491": "tr-garantibbva",
  "483602": "tr-isbank",
  "483747": "tr-denizbank",
  "486567": "tr-garantibbva",
  "487074": "tr-garantibbva",
  "487075": "tr-garantibbva",
  "489401": "tr-sekerbank",
  "489455": "tr-garantibbva",
  "489456": "tr-denizbank",
  "489457": "tr-denizbank",
  "489458": "tr-denizbank",
  "489477": "tr-garantibbva",
  "489478": "tr-garantibbva",
  "489479": "tr-garantibbva",
  "489494": "tr-teb",
  "489495": "tr-teb",
  "489496": "tr-teb",
  "490175": "tr-garantibbva",
  "490740": "tr-akbank",
  "490805": "tr-ing",
  "490806": "tr-ing",
  "490807": "tr-ing",
  "490808": "tr-ing",
  "490983": "tr-yapikredi",
  "491005": "tr-vakifbank",
  "491205": "tr-yapikredi",
  "491206": "tr-yapikredi",
  "492094": "tr-halkbank",
  "492095": "tr-halkbank",
  "492128": "tr-yapikredi",
  "492129": "tr-yapikredi",
  "492130": "tr-yapikredi",
  "492131": "tr-yapikredi",
  "492186": "tr-garantibbva",
  "492187": "tr-garantibbva",
  "492192": "tr-denizbank",
  "492193": "tr-garantibbva",
  "493837": "tr-akbank",
  "493840": "tr-vakifbank",
  "493841": "tr-vakifbank",
  "493845": "tr-garantibbva",
  "493846": "tr-vakifbank",
  "494063": "tr-sekerbank",
  "494064": "tr-sekerbank",
  "494314": "tr-yapikredi",
  "498749": "tr-qnbfinansbank",
  "498852": "tr-halkbank",
  "499821": "tr-halkbank",
  "499850": "tr-qnbfinansbank",
  "499851": "tr-qnbfinansbank",
  "499852": "tr-qnbfinansbank",
  "499853": "tr-qnbfinansbank",
  "499956": "tr-yapikredi",
  "499958": "tr-yapikredi",
  "501774": "tr-vakifbank",
  "508129": "tr-denizbank",
  "510010": "tr-sekerbank",
  "510054": "tr-yapikredi",
  "510056": "tr-halkbank",
  "510063": "tr-denizbank",
  "510106": "tr-akbank",
  "510118": "tr-denizbank",
  "510119": "tr-denizbank",
  "510138": "tr-teb",
  "510139": "tr-teb",
  "510151": "tr-ing",
  "510152": "tr-isbank",
  "510221": "tr-teb",
  "510238": "tr-vakifbank",
  "511885": "tr-ziraat",
  "512017": "tr-denizbank",
  "512117": "tr-denizbank",
  "512440": "tr-ziraat",
  "512446": "tr-denizbank",
  "512753": "tr-teb",
  "512754": "tr-akbank",
  "512803": "tr-teb",
  "513045": "tr-sekerbank",
  "513662": "tr-ziraat",
  "514140": "tr-ing",
  "514915": "tr-garantibbva",
  "514924": "tr-denizbank",
  "515755": "tr-ing",
  "515865": "tr-denizbank",
  "516308": "tr-garantibbva",
  "516458": "tr-garantibbva",
  "516657": "tr-garantibbva",
  "516731": "tr-denizbank",
  "516733": "tr-qnbfinansbank",
  "516740": "tr-denizbank",
  "516741": "tr-denizbank",
  "516742": "tr-teb",
  "516835": "tr-qnbfinansbank",
  "516840": "tr-akbank",
  "516841": "tr-akbank",
  "516843": "tr-qnbfinansbank",
  "516846": "tr-sekerbank",
  "516888": "tr-yapikredi",
  "516912": "tr-denizbank",
  "516914": "tr-denizbank",
  "516932": "tr-ziraat",
  "516943": "tr-garantibbva",
  "516944": "tr-odeabank",
  "516961": "tr-garantibbva",
  "516962": "tr-denizbank",
  "517040": "tr-garantibbva",
  "517041": "tr-garantibbva",
  "517042": "tr-garantibbva",
  "517047": "tr-denizbank",
  "517048": "tr-garantibbva",
  "517049": "tr-garantibbva",
  "517946": "tr-ing",
  "519007": "tr-odeabank",
  "519261": "tr-odeabank",
  "519324": "tr-qnbfinansbank",
  "519753": "tr-sekerbank",
  "519780": "tr-teb",
  "520017": "tr-vakifbank",
  "520019": "tr-denizbank",
  "520097": "tr-garantibbva",
  "520303": "tr-denizbank",
  "520527": "tr-qnbfinansbank",
  "520653": "tr-isbank",
  "520909": "tr-denizbank",
  "520922": "tr-garantibbva",
  "520932": "tr-akbank",
  "520940": "tr-garantibbva",
  "520988": "tr-garantibbva",
  "521022": "tr-qnbfinansbank",
  "521378": "tr-halkbank",
  "521394": "tr-sekerbank",
  "521584": "tr-qnbfinansbank",
  "521775": "tr-ziraat",
  "521807": "tr-akbank",
  "521824": "tr-garantibbva",
  "521825": "tr-garantibbva",
  "521827": "tr-sekerbank",
  "521836": "tr-qnbfinansbank",
  "521942": "tr-akbank",
  "522204": "tr-garantibbva",
  "522221": "tr-garantibbva",
  "522347": "tr-odeabank",
  "522356": "tr-odeabank",
  "522362": "tr-odeabank",
  "522517": "tr-denizbank",
  "523416": "tr-odeabank",
  "523515": "tr-denizbank",
  "523529": "tr-ziraat",
  "523759": "tr-denizbank",
  "524346": "tr-teb",
  "524347": "tr-akbank",
  "524659": "tr-garantibbva",
  "524677": "tr-odeabank",
  "524839": "tr-teb",
  "524840": "tr-teb",
  "525314": "tr-teb",
  "525404": "tr-sekerbank",
  "525864": "tr-yapikredi",
  "526289": "tr-halkbank",
  "526290": "tr-halkbank",
  "526911": "tr-qnbfinansbank",
  "526952": "tr-odeabank",
  "526955": "tr-garantibbva",
  "526973": "tr-ing",
  "526975": "tr-ing",
  "526995": "tr-denizbank",
  "527369": "tr-odeabank",
  "527383": "tr-odeabank",
  "527396": "tr-odeabank",
  "527657": "tr-sekerbank",
  "527682": "tr-ziraat",
  "528064": "tr-odeabank",
  "528208": "tr-ziraat",
  "528823": "tr-teb",
  "528825": "tr-teb",
  "528920": "tr-teb",
  "528939": "tr-garantibbva",
  "528956": "tr-garantibbva",
  "529435": "tr-ziraat",
  "529545": "tr-denizbank",
  "529572": "tr-qnbfinansbank",
  "529876": "tr-denizbank",
  "530818": "tr-qnbfinansbank",
  "530853": "tr-teb",
  "530866": "tr-sekerbank",
  "530905": "tr-ziraat",
  "531102": "tr-ziraat",
  "531157": "tr-qnbfinansbank",
  "531401": "tr-ing",
  "531531": "tr-teb",
  "532443": "tr-ing",
  "532581": "tr-teb",
  "533154": "tr-ziraat",
  "533169": "tr-garantibbva",
  "533293": "tr-denizbank",
  "533330": "tr-denizbank",
  "533803": "tr-isbank",
  "533913": "tr-yapikredi",
  "534253": "tr-akbank",
  "534261": "tr-garantibbva",
  "534538": "tr-teb",
  "534981": "tr-ziraat",
  "535137": "tr-ing",
  "535176": "tr-qnbfinansbank",
  "535177": "tr-qnbfinansbank",
  "535209": "tr-ziraat",
  "535210": "tr-ziraat",
  "535217": "tr-teb",
  "535248": "tr-ziraat",
  "535280": "tr-akbank",
  "535355": "tr-vakifbank",
  "535429": "tr-garantibbva",
  "535435": "tr-yapikredi",
  "535446": "tr-odeabank",
  "535449": "tr-akbank",
  "535488": "tr-garantibbva",
  "535514": "tr-isbank",
  "535576": "tr-vakifbank",
  "535601": "tr-yapikredi",
  "535602": "tr-yapikredi",
  "536255": "tr-odeabank",
  "537475": "tr-isbank",
  "537546": "tr-ziraat",
  "537833": "tr-yapikredi",
  "539605": "tr-denizbank",
  "539703": "tr-sekerbank",
  "540024": "tr-ing",
  "540025": "tr-ing",
  "540036": "tr-garantibbva",
  "540037": "tr-garantibbva",
  "540045": "tr-vakifbank",
  "540046": "tr-vakifbank",
  "540061": "tr-yapikredi",
  "540062": "tr-yapikredi",
  "540063": "tr-yapikredi",
  "540118": "tr-garantibbva",
  "540122": "tr-yapikredi",
  "540129": "tr-yapikredi",
  "540130": "tr-ziraat",
  "540134": "tr-ziraat",
  "540435": "tr-halkbank",
  "540667": "tr-isbank",
  "540668": "tr-isbank",
  "540669": "tr-garantibbva",
  "540709": "tr-garantibbva",
  "541001": "tr-ziraat",
  "541865": "tr-garantibbva",
  "542029": "tr-ing",
  "542030": "tr-garantibbva",
  "542110": "tr-akbank",
  "542117": "tr-yapikredi",
  "542119": "tr-vakifbank",
  "542259": "tr-teb",
  "542374": "tr-ziraat",
  "542404": "tr-qnbfinansbank",
  "542605": "tr-ing",
  "542798": "tr-vakifbank",
  "542804": "tr-vakifbank",
  "542965": "tr-ing",
  "542967": "tr-ing",
  "543081": "tr-halkbank",
  "543358": "tr-denizbank",
  "543400": "tr-denizbank",
  "543427": "tr-denizbank",
  "543738": "tr-garantibbva",
  "543771": "tr-isbank",
  "543943": "tr-denizbank",
  "543944": "tr-denizbank",
  "544048": "tr-denizbank",
  "544078": "tr-garantibbva",
  "544294": "tr-garantibbva",
  "544836": "tr-garantibbva",
  "545103": "tr-yapikredi",
  "545120": "tr-qnbfinansbank",
  "545124": "tr-teb",
  "545148": "tr-teb",
  "545616": "tr-qnbfinansbank",
  "545771": "tr-garantibbva",
  "545783": "tr-yapikredi",
  "545847": "tr-qnbfinansbank",
  "546764": "tr-denizbank",
  "546957": "tr-ziraat",
  "547244": "tr-vakifbank",
  "547287": "tr-ziraat",
  "547302": "tr-garantibbva",
  "547311": "tr-sekerbank",
  "547466": "tr-yapikredi",
  "547567": "tr-qnbfinansbank",
  "547680": "tr-denizbank",
  "547765": "tr-ing",
  "547800": "tr-qnbfinansbank",
  "547985": "tr-teb",
  "548202": "tr-denizbank",
  "548237": "tr-isbank",
  "548375": "tr-vakifbank",
  "548434": "tr-denizbank",
  "548819": "tr-ing",
  "548935": "tr-garantibbva",
  "549208": "tr-sekerbank",
  "549394": "tr-sekerbank",
  "549449": "tr-ziraat",
  "549520": "tr-denizbank",
  "549938": "tr-denizbank",
  "549998": "tr-teb",
  "550074": "tr-ing",
  "550291": "tr-vakifbank",
  "550383": "tr-akbank",
  "550449": "tr-teb",
  "552095": "tr-garantibbva",
  "552096": "tr-isbank",
  "552101": "tr-vakifbank",
  "552207": "tr-teb",
  "552547": "tr-sekerbank",
  "552608": "tr-akbank",
  "552609": "tr-akbank",
  "552645": "tr-yapikredi",
  "552659": "tr-yapikredi",
  "552679": "tr-denizbank",
  "552879": "tr-halkbank",
  "553056": "tr-akbank",
  "553058": "tr-isbank",
  "553090": "tr-teb",
  "553130": "tr-garantibbva",
  "554034": "tr-denizbank",
  "554253": "tr-garantibbva",
  "554254": "tr-garantibbva",
  "554297": "tr-ing",
  "554422": "tr-yapikredi",
  "554483": "tr-denizbank",
  "554548": "tr-vakifbank",
  "554566": "tr-denizbank",
  "554570": "tr-ing",
  "554796": "tr-garantibbva",
  "554960": "tr-garantibbva",
  "557023": "tr-garantibbva",
  "557113": "tr-akbank",
  "557400": "tr-isbank",
  "557829": "tr-akbank",
  "558379": "tr-denizbank",
  "558399": "tr-garantibbva",
  "558443": "tr-denizbank",
  "558446": "tr-denizbank",
  "558448": "tr-denizbank",
  "558451": "tr-vakifbank",
  "558460": "tr-denizbank",
  "558485": "tr-garantibbva",
  "558502": "tr-isbank",
  "558514": "tr-denizbank",
  "558699": "tr-garantibbva",
  "559289": "tr-isbank",
  "561056": "tr-yapikredi",
  "588691": "tr-yapikredi",
  "588843": "tr-halkbank",
  "588992": "tr-yapikredi",
  "589004": "tr-akbank",
  "589117": "tr-yapikredi",
  "589283": "tr-isbank",
  "589311": "tr-vakifbank",
  "589318": "tr-garantibbva",
  "600208": "tr-garantibbva",
  "601050": "tr-qnbfinansbank",
  "601354": "tr-ziraat",
  "601881": "tr-yapikredi",
  "601912": "tr-denizbank",
  "602676": "tr-yapikredi",
  "602678": "tr-yapikredi",
  "602908": "tr-yapikredi",
  "602970": "tr-garantibbva",
  "602981": "tr-yapikredi",
  "603098": "tr-yapikredi",
  "603125": "tr-isbank",
  "603480": "tr-garantibbva",
  "603492": "tr-garantibbva",
  "603614": "tr-garantibbva",
  "603649": "tr-yapikredi",
  "603797": "tr-yapikredi",
  "605036": "tr-garantibbva",
  "606329": "tr-teb",
  "636689": "tr-yapikredi",
  "637074": "tr-garantibbva",
  "639001": "tr-halkbank",
  "639004": "tr-yapikredi",
  "642011": "tr-garantibbva",
  "642012": "tr-garantibbva",
  "670544": "tr-vakifbank",
  "670586": "tr-ziraat",
  "670606": "tr-garantibbva",
  "670610": "tr-denizbank",
  "670640": "tr-denizbank",
  "670670": "tr-garantibbva",
  "670868": "tr-odeabank",
  "676123": "tr-ziraat",
  "676124": "tr-ziraat",
  "676166": "tr-yapikredi",
  "676170": "tr-ing",
  "676206": "tr-ing",
  "676255": "tr-garantibbva",
  "676258": "tr-halkbank",
  "676283": "tr-garantibbva",
  "676366": "tr-ing",
  "676402": "tr-ing",
  "676406": "tr-teb",
  "676429": "tr-vakifbank",
  "676578": "tr-teb",
  "676651": "tr-garantibbva",
  "676827": "tr-garantibbva",
  "676832": "tr-sekerbank",
  "677047": "tr-denizbank",
  "677056": "tr-akbank",
  "677238": "tr-qnbfinansbank",
  "724365": "tr-garantibbva",
  "730727": "tr-akbank",
  "979208": "tr-akbank",
  "990015": "tr-vakifbank"
}