{
  "kz-atf": {
    "bankAlias": "kz-atf",
    "bankName": "ATFBank",
    "bankLocalName": "ATFBank",
    "bankColor": "#113e74",
    "bankColors": [
      "#113e74",
      "#f36627"
    ],
    "bankCountry": "kz",
    "bankSite": " www.atfbank.kz",
    "bankPhone": "+7 7272 58 30 00",
    "formBackgroundColor": "#113e74",
    "formBackgroundColors": [
      "#113e74",
      "#f36627"
    ],
    "formBackgroundLightness": "light",
    "formTextColor": "#ffffff",
    "formLogoScheme": "inverted",
    "formBorderColor": "#000000"
  },
  "kz-centercredit": {
    "bankAlias": "kz-centercredit",
    "bankName": "CenterCredit",
    "bankLocalName": "CenterCredit",
    "bankColor": "#00a755",
    "bankColors": [
      "#00a755",
      "#daab6b"
    ],
    "bankCountry": "kz",
    "bankSite": "https://www.bcc.kz/",
    "bankPhone": "+7 7112 50 88 54",
    "formBackgroundColor": "#00a755",
    "formBackgroundColors": [
      "#00a755",
      "#daab6b"
    ],
    "formBackgroundLightness": "light",
    "formTextColor": "#ffffff",
    "formLogoScheme": "inverted",
    "formBorderColor": "#000000"
  },
  "kz-halyk": {
    "bankAlias": "kz-halyk",
    "bankName": "Halyk Bank",
    "bankLocalName": "Halyk Bank",
    "bankColor": "#00805f",
    "bankColors": [
      "#00805f",
      "#faae17"
    ],
    "bankCountry": "kz",
    "bankSite": "https://halykbank.kz/",
    "bankPhone": "8 (800) 080-00-59",
    "formBackgroundColor": "#00805f",
    "formBackgroundColors": [
      "#00805f",
      "#faae17"
    ],
    "formBackgroundLightness": "light",
    "formTextColor": "#ffffff",
    "formLogoScheme": "inverted",
    "formBorderColor": "#000000"
  },
  "kz-eurasian": {
    "bankAlias": "kz-eurasian",
    "bankName": "Eurasian Bank JSC",
    "bankLocalName": "Eurasian Bank JSC",
    "bankColor": "#ff006d",
    "bankColors": [
      "#ff006d",
      "#0d213a"
    ],
    "bankCountry": "kz",
    "bankSite": "https://eubank.kz/",
    "bankPhone": "+7 (727) 259-95-99",
    "formBackgroundColor": "#ff006d",
    "formBackgroundColors": [
      "#ff006d",
      "#0d213a"
    ],
    "formBackgroundLightness": "light",
    "formTextColor": "#ffffff",
    "formLogoScheme": "inverted",
    "formBorderColor": "#000000"
  },
  "kz-forte": {
    "bankAlias": "kz-forte",
    "bankName": "ForteBank",
    "bankLocalName": "ForteBank",
    "bankColor": "#05aebf",
    "bankColors": [
      "#05aebf",
      "#96134b"
    ],
    "bankCountry": "kz",
    "bankSite": "https://forte.kz/",
    "bankPhone": "7575",
    "formBackgroundColor": "#05aebf",
    "formBackgroundColors": [
      "#05aebf",
      "#96134b"
    ],
    "formBackgroundLightness": "light",
    "formTextColor": "#ffffff",
    "formLogoScheme": "inverted",
    "formBorderColor": "#000000"
  },
  "kz-sberbank": {
    "bankAlias": "kz-sberbank",
    "bankName": "Sberbank JSC",
    "bankLocalName": "Sberbank JSC",
    "bankColor": "#148f2b",
    "bankColors": [
      "#148f2b",
      "#0c8acb"
    ],
    "bankCountry": "kz",
    "bankSite": "https://www.sberbank.kz/",
    "bankPhone": "900",
    "formBackgroundColor": "#148f2b",
    "formBackgroundColors": [
      "#148f2b",
      "#0c8acb"
    ],
    "formBackgroundLightness": "light",
    "formTextColor": "#ffffff",
    "formLogoScheme": "inverted",
    "formBorderColor": "#000000"
  },
  "kz-kaspi": {
    "bankAlias": "kz-kaspi",
    "bankName": "Kaspi Bank JSC",
    "bankLocalName": "Kaspi Bank JSC",
    "bankColor": "#ef4635",
    "bankColors": [
      "#ef4635",
      "#000000"
    ],
    "bankCountry": "kz",
    "bankSite": "https://kaspi.kz/",
    "bankPhone": "+7(727)258 59 89",
    "formBackgroundColor": "#ef4635",
    "formBackgroundColors": [
      "#ef4635",
      "#000000"
    ],
    "formBackgroundLightness": "light",
    "formTextColor": "#ffffff",
    "formLogoScheme": "inverted",
    "formBorderColor": "#000000"
  },
  "kz-nurbank": {
    "bankAlias": "kz-nurbank",
    "bankName": "JSC Nurbank",
    "bankLocalName": "JSC Nurbank",
    "bankColor": "#0066b3",
    "bankColors": [
      "#0066b3",
      "#fecc04"
    ],
    "bankCountry": "kz",
    "bankSite": "https://www.nurbank.kz/en/",
    "bankPhone": "+7 7112 54 46 32",
    "formBackgroundColor": "#0066b3",
    "formBackgroundColors": [
      "#0066b3",
      "#fecc04"
    ],
    "formBackgroundLightness": "light",
    "formTextColor": "#ffffff",
    "formLogoScheme": "inverted",
    "formBorderColor": "#000000"
  },
  "kz-alfa": {
    "bankAlias": "kz-alfa",
    "bankName": " Alfa Bank",
    "bankLocalName": "Альфа-Банк",
    "bankColor": "#ef002f",
    "bankColors": [
      "#ef3124",
      "#ffffff"
    ],
    "bankCountry": "kz",
    "bankSite": "https://alfabank.kz/",
    "bankPhone": "8 (800) 200-00-00",
    "formBackgroundColor": "#ef3124",
    "formBackgroundColors": [
      "#ef3124",
      "#ffffff"
    ],
    "formBackgroundLightness": "light",
    "formTextColor": "#ffffff",
    "formLogoScheme": "inverted",
    "formBorderColor": "#ef3124"
  },
  "kz-vtb": {
    "bankAlias": "kz-vtb",
    "bankName": "VTB Bank",
    "bankLocalName": "VTB Bank",
    "bankColor": "#0a2896",
    "bankColors": [
      "#0a2896",
      "#009fdf"
    ],
    "bankCountry": "kz",
    "bankSite": "https://en.vtb-bank.kz/",
    "bankPhone": "8 (800) 100-24-24",
    "formBackgroundColor": "#0a2896",
    "formBackgroundColors": [
      "#0a2896",
      "#009fdf"
    ],
    "formBackgroundLightness": "light",
    "formTextColor": "#ffffff",
    "formLogoScheme": "inverted",
    "formBorderColor": "#000000"
  },
  "kz-altyn": {
    "bankAlias": "kz-altyn",
    "bankName": "Altyn Bank",
    "bankLocalName": "Altyn Bank",
    "bankColor": "#e31e24",
    "bankColors": [
      "#e31e24",
      "#d7b56d"
    ],
    "bankCountry": "kz",
    "bankSite": "https://altyn-i.kz/",
    "bankPhone": "+77273565777",
    "formBackgroundColor": "#e31e24",
    "formBackgroundColors": [
      "#e31e24",
      "#d7b56d"
    ],
    "formBackgroundLightness": "light",
    "formTextColor": "#ffffff",
    "formLogoScheme": "inverted",
    "formBorderColor": "#000000"
  },
  "kz-bta": {
    "bankAlias": "kz-bta",
    "bankName": "BTA Bank",
    "bankLocalName": "BTA Bank",
    "bankColor": "#d93718",
    "bankColors": [
      "#d93718",
      "#8ac100"
    ],
    "bankCountry": "kz",
    "bankSite": "https://bta.kz/",
    "bankPhone": "+375 17 25 777 25",
    "formBackgroundColor": "#d93718",
    "formBackgroundColors": [
      "#d93718",
      "#8ac100"
    ],
    "formBackgroundLightness": "light",
    "formTextColor": "#ffffff",
    "formLogoScheme": "inverted",
    "formBorderColor": "#000000"
  }
}