{
  "by-belarusbank": {
    "bankAlias": "by-belarusbank",
    "bankName": "Belarusbank",
    "bankLocalName": "Беларусбанк",
    "bankColor": "#147e4b",
    "bankColors": [
      "#147e4b",
      "#ffffff"
    ],
    "bankCountry": "by",
    "bankSite": "https://belarusbank.by/",
    "bankPhone": "+375 17 218 84 31",
    "formBackgroundColor": "#147e4b",
    "formBackgroundColors": [
      "#147e4b",
      "#1ac372"
    ],
    "formBackgroundLightness": "light",
    "formTextColor": "#ffffff",
    "formLogoScheme": "inverted",
    "formBorderColor": "#ffffff"
  },
  "by-belagroprombank": {
    "bankAlias": "by-belagroprombank",
    "bankName": "Belagroprombank",
    "bankLocalName": "Белагропромбанк",
    "bankColor": "#fbb034",
    "bankColors": [
      "#fbb034",
      "#ffffff"
    ],
    "bankCountry": "by",
    "bankSite": "https://www.belapb.by/",
    "bankPhone": "+375(17)2185777",
    "formBackgroundColor": "#fbb034",
    "formBackgroundColors": [
      "#fbb034",
      "#edc47c"
    ],
    "formBackgroundLightness": "dark",
    "formTextColor": "#000000",
    "formLogoScheme": "inverted",
    "formBorderColor": "#511414"
  },
  "by-sberbank": {
    "bankAlias": "by-sberbank",
    "bankName": "BPS-Sberbank",
    "bankLocalName": "БПС-Сбербанк",
    "bankColor": "#0d8523",
    "bankColors": [
      "#0d8523",
      "#ffffff"
    ],
    "bankCountry": "by",
    "bankSite": "https://www.bps-sberbank.by/",
    "bankPhone": "5-148-148",
    "formBackgroundColor": "#0d8523",
    "formBackgroundColors": [
      "#0d8523",
      "#11b52f"
    ],
    "formBackgroundLightness": "light",
    "formTextColor": "#ffffff",
    "formLogoScheme": "inverted",
    "formBorderColor": "#ffffff"
  },
  "by-belveb": {
    "bankAlias": "by-belveb",
    "bankName": "Bank BelVEB",
    "bankLocalName": "Банк БелВЭБ",
    "bankColor": "#48484c",
    "bankColors": [
      "#48484c",
      "#5b78fb"
    ],
    "bankCountry": "by",
    "bankSite": "https://www.belveb.by/",
    "bankPhone": "+375 (17) 215-61-15",
    "formBackgroundColor": "#5b78fb",
    "formBackgroundColors": [
      "#5b78fb",
      "#48484c"
    ],
    "formBackgroundLightness": "light",
    "formTextColor": "#ffffff",
    "formLogoScheme": "inverted",
    "formBorderColor": "#030303"
  },
  "by-belgazprombank": {
    "bankAlias": "by-belgazprombank",
    "bankName": "Belgazprombank",
    "bankLocalName": "Белгазпромбанк",
    "bankColor": "#005caa",
    "bankColors": [
      "#005caa",
      "#ffffff"
    ],
    "bankCountry": "by",
    "bankSite": "https://belgazprombank.by/",
    "bankPhone": "(44)76-66-120",
    "formBackgroundColor": "#005caa",
    "formBackgroundColors": [
      "#005caa",
      "#177acd"
    ],
    "formBackgroundLightness": "light",
    "formTextColor": "#ffffff",
    "formLogoScheme": "inverted",
    "formBorderColor": "#000000"
  },
  "by-priorbank": {
    "bankAlias": "by-priorbank",
    "bankName": "Priorbank",
    "bankLocalName": "Приорбанк",
    "bankColor": "#fff500",
    "bankColors": [
      "#fff500",
      "#000000"
    ],
    "bankCountry": "by",
    "bankSite": "https://www.priorbank.by/",
    "bankPhone": "+37517 289 90 90",
    "formBackgroundColor": "#fff500",
    "formBackgroundColors": [
      "#fff500",
      "#000000"
    ],
    "formBackgroundLightness": "dark",
    "formTextColor": "#000000",
    "formLogoScheme": "original",
    "formBorderColor": "#000000"
  },
  "by-belinvestbank": {
    "bankAlias": "by-belinvestbank",
    "bankName": "Belinvestbank",
    "bankLocalName": "Белинвестбанк",
    "bankColor": "#009f88",
    "bankColors": [
      "#009f88",
      "#ffffff"
    ],
    "bankCountry": "by",
    "bankSite": "https://belinvestbank.by/individual",
    "bankPhone": "+375 17 239-02-39",
    "formBackgroundColor": "#009f88",
    "formBackgroundColors": [
      "#009f88",
      "#12d7bb"
    ],
    "formBackgroundLightness": "light",
    "formTextColor": "#ffffff",
    "formLogoScheme": "inverted",
    "formBorderColor": "#000000"
  },
  "by-alfa": {
    "bankAlias": "by-alfa",
    "bankName": "Alfa Bank",
    "bankLocalName": "Альфа-Банк",
    "bankColor": "#f03226",
    "bankColors": [
      "#f03226",
      "#ffffff"
    ],
    "bankCountry": "by",
    "bankSite": "https://www.alfabank.by/",
    "bankPhone": "733-33-32",
    "formBackgroundColor": "#f03226",
    "formBackgroundColors": [
      "#f03226",
      "#f26e65"
    ],
    "formBackgroundLightness": "light",
    "formTextColor": "#ffffff",
    "formLogoScheme": "inverted",
    "formBorderColor": "#000000"
  },
  "by-vtb": {
    "bankAlias": "by-vtb",
    "bankName": "VTB Bank",
    "bankLocalName": "Банк ВТБ ",
    "bankColor": "#002476",
    "bankColors": [
      "#002476",
      "#00aaff"
    ],
    "bankCountry": "by",
    "bankSite": "https://www.vtb.by/",
    "bankPhone": "+375 (17/33/29) 309 15 15",
    "formBackgroundColor": "#002476",
    "formBackgroundColors": [
      "#002476",
      "#00aaff"
    ],
    "formBackgroundLightness": "light",
    "formTextColor": "#ffffff",
    "formLogoScheme": "inverted",
    "formBorderColor": "#000000"
  },
  "by-mtbank": {
    "bankAlias": "by-mtbank",
    "bankName": "MTBank",
    "bankLocalName": "МТБанк",
    "bankColor": "#1b74fd",
    "bankColors": [
      "#1b74fd",
      "#e32213"
    ],
    "bankCountry": "by",
    "bankSite": "https://www.mtbank.by/",
    "bankPhone": "+375 29 509 99 99",
    "formBackgroundColor": "#1b74fd",
    "formBackgroundColors": [
      "#1b74fd",
      "#5295fd"
    ],
    "formBackgroundLightness": "light",
    "formTextColor": "#fffbfb",
    "formLogoScheme": "inverted",
    "formBorderColor": "#000000"
  },
  "by-paritetbank": {
    "bankAlias": "by-paritetbank",
    "bankName": "Paritetbank",
    "bankLocalName": "Паритетбанк",
    "bankColor": "#2c4395",
    "bankColors": [
      "#2c4395",
      "#007bc4"
    ],
    "bankCountry": "by",
    "bankSite": "https://www.paritetbank.by/private/",
    "bankPhone": "171",
    "formBackgroundColor": "#2c4395",
    "formBackgroundColors": [
      "#007bc4",
      "#2c4395"
    ],
    "formBackgroundLightness": "dark",
    "formTextColor": "#ffffff",
    "formLogoScheme": "inverted",
    "formBorderColor": "#000000"
  },
  "by-bta": {
    "bankAlias": "by-bta",
    "bankName": "BTA Bank",
    "bankLocalName": "БТА Банк",
    "bankColor": "#d93718",
    "bankColors": [
      "#d93718",
      "#8ac100"
    ],
    "bankCountry": "by",
    "bankSite": "https://btabank.by/",
    "bankPhone": "80(17)2577725",
    "formBackgroundColor": "#d93718",
    "formBackgroundColors": [
      "#d93718",
      "#f15031"
    ],
    "formBackgroundLightness": "light",
    "formTextColor": "#ffffff",
    "formLogoScheme": "inverted",
    "formBorderColor": "#000000"
  },
  "by-bsb": {
    "bankAlias": "by-bsb",
    "bankName": " BSB Bank",
    "bankLocalName": "БСБ Банк",
    "bankColor": "#ff010b",
    "bankColors": [
      "#ff010b",
      "#ffffff"
    ],
    "bankCountry": "by",
    "bankSite": "https://www.bsb.by/",
    "bankPhone": "+375293062040",
    "formBackgroundColor": "#ff010b",
    "formBackgroundColors": [
      "#ff010b",
      "#f8979a"
    ],
    "formBackgroundLightness": "light",
    "formTextColor": "#ffffff",
    "formLogoScheme": "inverted",
    "formBorderColor": "#000000"
  },
  "by-idea": {
    "bankAlias": "by-idea",
    "bankName": "Idea Bank",
    "bankLocalName": "Идея Банк",
    "bankColor": "#0490cd",
    "bankColors": [
      "#0490cd",
      "#0484bc"
    ],
    "bankCountry": "by",
    "bankSite": "https://www.ideabank.by/",
    "bankPhone": "+375 17 306-33-14",
    "formBackgroundColor": "#0490cd",
    "formBackgroundColors": [
      "#0490cd",
      "#0484bc"
    ],
    "formBackgroundLightness": "light",
    "formTextColor": "#ffffff",
    "formLogoScheme": "inverted",
    "formBorderColor": "#000000"
  },
  "by-delta": {
    "bankAlias": "by-delta",
    "bankName": " Delta Bank",
    "bankLocalName": "Дельта Банк",
    "bankColor": "#e31818",
    "bankColors": [
      "#e31818",
      "#ffffff"
    ],
    "bankCountry": "by",
    "bankSite": "http://deltabank.by/",
    "bankPhone": "+375 17 279 0 279",
    "formBackgroundColor": "#e31818",
    "formBackgroundColors": [
      "#e31818",
      "#e84242"
    ],
    "formBackgroundLightness": "light",
    "formTextColor": "#ffffff",
    "formLogoScheme": "inverted",
    "formBorderColor": "#000000"
  },
  "by-credexbank": {
    "bankAlias": "by-credexbank",
    "bankName": "Credexbank",
    "bankLocalName": "Кредэксбанк",
    "bankColor": "#f5781e",
    "bankColors": [
      "#f5781e",
      "#00468c"
    ],
    "bankCountry": "by",
    "bankSite": "https://credexbank.by/",
    "bankPhone": "8-801-100-6000",
    "formBackgroundColor": "#f5781e",
    "formBackgroundColors": [
      "#f5781e",
      "#00468c"
    ],
    "formBackgroundLightness": "light",
    "formTextColor": "#ffffff",
    "formLogoScheme": "inverted",
    "formBorderColor": "#000000"
  }
}