{
  "am-ameriabank": {
    "bankAlias": "am-ameriabank",
    "bankName": "Ameriabank",
    "bankLocalName": "Ամերիաբանկ",
    "bankColor": "#72bf44",
    "bankColors": [
      "#72bf44"
    ],
    "bankCountry": "am",
    "bankSite": "https://ameriabank.am/",
    "bankPhone": "+374 10 56 11 11",
    "formBackgroundColor": "#72bf44",
    "formBackgroundColors": [
      "#99e76d",
      "#77c447"
    ],
    "formBackgroundLightness": "dark",
    "formTextColor": "#ffffff",
    "formLogoScheme": "inverted",
    "formBorderColor": "#ffffff"
  },
  "am-araratbank": {
    "bankAlias": "am-araratbank",
    "bankName": "Araratbank",
    "bankLocalName": "Արարատբանկ",
    "bankColor": "#fcba21",
    "bankColors": [
      "#fcba21"
    ],
    "bankCountry": "am",
    "bankSite": "https://www.araratbank.am/",
    "bankPhone": "+ 374 10 59 23 23",
    "formBackgroundColor": "#fcba21",
    "formBackgroundColors": [
      "#ffd888",
      "#fcba21"
    ],
    "formBackgroundLightness": "dark",
    "formTextColor": "#ffffff",
    "formLogoScheme": "inverted",
    "formBorderColor": "#ffffff"
  },
  "am-abb": {
    "bankAlias": "am-abb",
    "bankName": "Armbusinessbank",
    "bankLocalName": "ՀԱՅԲԻԶՆԵՍԲԱՆԿ",
    "bankColor": "#ff0000",
    "bankColors": [
      "#ff0000"
    ],
    "bankCountry": "am",
    "bankSite": "http://www.armbusinessbank.am/",
    "bankPhone": "+374 (10) 59 20 20",
    "formBackgroundColor": "#ff0000",
    "formBackgroundColors": [
      "#e16868",
      "#ff0000"
    ],
    "formBackgroundLightness": "dark",
    "formTextColor": "#ffffff",
    "formLogoScheme": "inverted",
    "formBorderColor": "#ffffff"
  },
  "am-ardshinbank": {
    "bankAlias": "am-ardshinbank",
    "bankName": "Ardshinbank",
    "bankLocalName": "Արդշինբանկ",
    "bankColor": "#183794",
    "bankColors": [
      "#183794"
    ],
    "bankCountry": "am",
    "bankSite": "https://www.ardshinbank.am/",
    "bankPhone": "+374 12 222222",
    "formBackgroundColor": "#183794",
    "formBackgroundColors": [
      "#183794",
      "#304b9f"
    ],
    "formBackgroundLightness": "dark",
    "formTextColor": "#ffffff",
    "formLogoScheme": "inverted",
    "formBorderColor": "#ffffff"
  },
  "am-aeb": {
    "bankAlias": "am-aeb",
    "bankName": "Armeconombank",
    "bankLocalName": "ՀԱՅԷԿՈՆՈՄԲԱՆԿ",
    "bankColor": "#004785",
    "bankColors": [
      "#004785",
      "#81c31a"
    ],
    "bankCountry": "am",
    "bankSite": "https://www.aeb.am/",
    "bankPhone": "+374 8000 8686",
    "formBackgroundColor": "#004785",
    "formBackgroundColors": [
      "#1c81d5",
      "#004785"
    ],
    "formBackgroundLightness": "dark",
    "formTextColor": "#ffffff",
    "formLogoScheme": "inverted",
    "formBorderColor": "#ffffff"
  },
  "am-acba": {
    "bankAlias": "am-acba",
    "bankName": "ACBA",
    "bankLocalName": "ԱԿԲԱ",
    "bankColor": "#00a789",
    "bankColors": [
      "#00a789"
    ],
    "bankCountry": "am",
    "bankSite": "https://www.acba.am/",
    "bankPhone": "010 31 88 88",
    "formBackgroundColor": "#00a789",
    "formBackgroundColors": [
      "#3effdc",
      "#00a789"
    ],
    "formBackgroundLightness": "dark",
    "formTextColor": "#ffffff",
    "formLogoScheme": "inverted",
    "formBorderColor": "#ffffff"
  },
  "am-inecobank": {
    "bankAlias": "am-inecobank",
    "bankName": "Inecobank",
    "bankLocalName": "Ինեկոբանկ",
    "bankColor": "#48a74a",
    "bankColors": [
      "#48a74a"
    ],
    "bankCountry": "am",
    "bankSite": "https://www.inecobank.am",
    "bankPhone": "+374 (10) 510 510",
    "formBackgroundColor": "#48a74a",
    "formBackgroundColors": [
      "#77d079",
      "#48a74a"
    ],
    "formBackgroundLightness": "dark",
    "formTextColor": "#ffffff",
    "formLogoScheme": "inverted",
    "formBorderColor": "#ffffff"
  },
  "am-vtb": {
    "bankAlias": "am-vtb",
    "bankName": "VTB",
    "bankLocalName": "ՎՏԲ-Հայաստան Բանկ",
    "bankColor": "#0a2896",
    "bankColors": [
      "#0a2896",
      "#00aaff"
    ],
    "bankCountry": "am",
    "bankSite": "https://www.vtb.am/",
    "bankPhone": "+374 8000 87 87",
    "formBackgroundColor": "#0a2896",
    "formBackgroundColors": [
      "#0a2896",
      "#00aaff"
    ],
    "formBackgroundLightness": "dark",
    "formTextColor": "#ffffff",
    "formLogoScheme": "inverted",
    "formBorderColor": "#ffffff"
  },
  "am-unibank": {
    "bankAlias": "am-unibank",
    "bankName": "Unibank",
    "bankLocalName": "Յունիբանկ",
    "bankColor": "#1e3c7d",
    "bankColors": [
      "#1e3c7d",
      "#ffc300"
    ],
    "bankCountry": "am",
    "bankSite": "https://www.unibank.am/hy/",
    "bankPhone": "+374 10 59 55 55",
    "formBackgroundColor": "#1e3c7d",
    "formBackgroundColors": [
      "#487ff9",
      "#1e3c7d"
    ],
    "formBackgroundLightness": "dark",
    "formTextColor": "#ffffff",
    "formLogoScheme": "inverted",
    "formBorderColor": "#ffffff"
  },
  "am-idbank": {
    "bankAlias": "am-idbank",
    "bankName": "IDBank",
    "bankLocalName": "IDBank",
    "bankColor": "#f88224",
    "bankColors": [
      "#f88224",
      "#f88224"
    ],
    "bankCountry": "am",
    "bankSite": "https://www.idbank.am/",
    "bankPhone": "+374 10 59 33 33",
    "formBackgroundColor": "#f88224",
    "formBackgroundColors": [
      "#fcbb86",
      "#f88224"
    ],
    "formBackgroundLightness": "dark",
    "formTextColor": "#ffffff",
    "formLogoScheme": "inverted",
    "formBorderColor": "#ffffff"
  },
  "am-hsbc": {
    "bankAlias": "am-hsbc",
    "bankName": "HSBC Armenia",
    "bankLocalName": "Էյչ-Էս-Բի-Սի Բանկ Հայաստան",
    "bankColor": "#db0011",
    "bankColors": [
      "#db0011"
    ],
    "bankCountry": "am",
    "bankSite": "https://www.hsbc.am/en-am/",
    "bankPhone": "+374 60 655 000",
    "formBackgroundColor": "#db0011",
    "formBackgroundColors": [
      "#fc3b4a",
      "#db0011"
    ],
    "formBackgroundLightness": "dark",
    "formTextColor": "#ffffff",
    "formLogoScheme": "inverted",
    "formBorderColor": "#ffffff"
  },
  "am-conversebank": {
    "bankAlias": "am-conversebank",
    "bankName": "ConverseBank",
    "bankLocalName": "Կոնվերս Բանկ",
    "bankColor": "#007fc3",
    "bankColors": [
      "#007fc3",
      "#f78f1e"
    ],
    "bankCountry": "am",
    "bankSite": "https://www.conversebank.am/hy/",
    "bankPhone": "+37410 511 211",
    "formBackgroundColor": "#007fc3",
    "formBackgroundColors": [
      "#007fc3",
      "#f78f1e"
    ],
    "formBackgroundLightness": "dark",
    "formTextColor": "#ffffff",
    "formLogoScheme": "inverted",
    "formBorderColor": "#ffffff"
  }
}