{
  "ua-raiffeisen": {
    "bankAlias": "ua-raiffeisen",
    "bankName": "Raiffeisen Bank Aval",
    "bankLocalName": "Райффайзен банк Аваль",
    "bankColor": "#fff000",
    "bankColors": [
      "#fff000",
      "#000000"
    ],
    "bankCountry": "ua",
    "bankSite": "https://raiffeisen.ua/",
    "bankPhone": "0 800 500 500",
    "formBackgroundColor": "#fff000",
    "formBackgroundColors": [
      "#fff000",
      "#f8ee62"
    ],
    "formBackgroundLightness": "dark",
    "formTextColor": "#000000",
    "formLogoScheme": "inverted",
    "formBorderColor": "#000000"
  },
  "ua-agricol": {
    "bankAlias": "ua-agricol",
    "bankName": "Credit Agricole Bank",
    "bankLocalName": "Креди Агриколь Банк",
    "bankColor": "#006446",
    "bankColors": [
      "#006446",
      "#008d97",
      "#f80106"
    ],
    "bankCountry": "ua",
    "bankSite": "https://credit-agricole.ua/",
    "bankPhone": "0 800 30 5555",
    "formBackgroundColor": "#006446",
    "formBackgroundColors": [
      "#006446",
      "#008d97"
    ],
    "formBackgroundLightness": "dark",
    "formTextColor": "#ffffff",
    "formLogoScheme": "inverted",
    "formBorderColor": "#000000"
  },
  "ua-ukrsibbank": {
    "bankAlias": "ua-ukrsibbank",
    "bankName": "Ukrsibbank",
    "bankLocalName": "Укрсиббанк",
    "bankColor": "#01935d",
    "bankColors": [
      "#01935d"
    ],
    "bankCountry": "ua",
    "bankSite": "https://my.ukrsibbank.com/",
    "bankPhone": " 729",
    "formBackgroundColor": "#01935d",
    "formBackgroundColors": [
      "#01935d",
      "#00ab7b"
    ],
    "formBackgroundLightness": "dark",
    "formTextColor": "#ffffff",
    "formLogoScheme": "inverted",
    "formBorderColor": "#000000"
  },
  "ua-oschad": {
    "bankAlias": "ua-oschad",
    "bankName": "Oschadbank",
    "bankLocalName": "Ощадбанк",
    "bankColor": "#06503c",
    "bankColors": [
      "#06503c",
      "#dcdf3c"
    ],
    "bankCountry": "ua",
    "bankSite": "https://oschadbank.ua/",
    "bankPhone": "0 800 210 800",
    "formBackgroundColor": "#06503c",
    "formBackgroundColors": [
      "#06503c",
      "#dcdf3c"
    ],
    "formBackgroundLightness": "dark",
    "formTextColor": "#ffffff",
    "formLogoScheme": "inverted",
    "formBorderColor": "#000000"
  },
  "ua-ukrgasbank": {
    "bankAlias": "ua-ukrgasbank",
    "bankName": "Ukrgasbank",
    "bankLocalName": "Укргазбанк",
    "bankColor": "#005596",
    "bankColors": [
      "#005596"
    ],
    "bankCountry": "ua",
    "bankSite": "https://www.ukrgasbank.com/",
    "bankPhone": "0 800 309 000",
    "formBackgroundColor": "#005596",
    "formBackgroundColors": [
      "#005596",
      "#289ffa"
    ],
    "formBackgroundLightness": "dark",
    "formTextColor": "#ffffff",
    "formLogoScheme": "inverted",
    "formBorderColor": "#000000"
  },
  "ua-ukrexim": {
    "bankAlias": "ua-ukrexim",
    "bankName": "Ukreximbank",
    "bankLocalName": "Укрэксимбанк",
    "bankColor": "#214696",
    "bankColors": [
      "#214696"
    ],
    "bankCountry": "ua",
    "bankSite": "https://www.eximb.com/",
    "bankPhone": "0-800-50-44-50",
    "formBackgroundColor": "#214696",
    "formBackgroundColors": [
      "#214696",
      "#5187fa"
    ],
    "formBackgroundLightness": "dark",
    "formTextColor": "#ffffff",
    "formLogoScheme": "inverted",
    "formBorderColor": "#000000"
  },
  "ua-privat": {
    "bankAlias": "ua-privat",
    "bankName": "PrivatBank",
    "bankLocalName": "ПриватБанк",
    "bankColor": "#5a9310",
    "bankColors": [
      "#5a9310",
      "#000000"
    ],
    "bankCountry": "ua",
    "bankSite": "https://privatbank.ua/",
    "bankPhone": "+38 056 716 11 31",
    "formBackgroundColor": "#5a9310",
    "formBackgroundColors": [
      "#5a9310",
      "#7ecf15"
    ],
    "formBackgroundLightness": "dark",
    "formTextColor": "#ffffff",
    "formLogoScheme": "inverted",
    "formBorderColor": "#000000"
  },
  "ua-citi": {
    "bankAlias": "ua-citi",
    "bankName": "Citi",
    "bankLocalName": "Ситибанк",
    "bankColor": "#014785",
    "bankColors": [
      "#014785",
      "#ed262c"
    ],
    "bankCountry": "ua",
    "bankSite": "https://www.citibank.ru/",
    "bankPhone": " 8 (800) 700-38-38 ",
    "formBackgroundColor": "#014785",
    "formBackgroundColors": [
      "#014785",
      "#2980cc"
    ],
    "formBackgroundLightness": "dark",
    "formTextColor": "#ffffff",
    "formLogoScheme": "inverted",
    "formBorderColor": "#000000"
  },
  "ua-otp": {
    "bankAlias": "ua-otp",
    "bankName": "OTP bank",
    "bankLocalName": "ОТП Банк",
    "bankColor": "#006648",
    "bankColors": [
      "#006648",
      "#52ae30"
    ],
    "bankCountry": "ua",
    "bankSite": "https://www.otpbank.com.ua/",
    "bankPhone": "+38 044 490 05 00",
    "formBackgroundColor": "#006648",
    "formBackgroundColors": [
      "#006648",
      "#52ae30"
    ],
    "formBackgroundLightness": "dark",
    "formTextColor": "#ffffff",
    "formLogoScheme": "inverted",
    "formBorderColor": "#000000"
  },
  "ua-kredo": {
    "bankAlias": "ua-kredo",
    "bankName": "Kredobank",
    "bankLocalName": "Кредобанк",
    "bankColor": "#04519f",
    "bankColors": [
      "#04519f",
      "#f18b00"
    ],
    "bankCountry": "ua",
    "bankSite": "https://kredobank.com.ua/",
    "bankPhone": "0-800-500-850",
    "formBackgroundColor": "#04519f",
    "formBackgroundColors": [
      "#04519f",
      "#1e79d6"
    ],
    "formBackgroundLightness": "dark",
    "formTextColor": "#ffffff",
    "formLogoScheme": "inverted",
    "formBorderColor": "#000000"
  },
  "ua-alfa": {
    "bankAlias": "ua-alfa",
    "bankName": "Alfa-Bank",
    "bankLocalName": "Альфа-Банк",
    "bankColor": "#ef002f",
    "bankColors": [
      "#ef002f"
    ],
    "bankCountry": "ua",
    "bankSite": "https://alfabank.ua/",
    "bankPhone": "0 800 50 20 50",
    "formBackgroundColor": "#ef002f",
    "formBackgroundColors": [
      "#ef002f",
      "#fa5576"
    ],
    "formBackgroundLightness": "dark",
    "formTextColor": "#ffffff",
    "formLogoScheme": "inverted",
    "formBorderColor": "#000000"
  },
  "ua-ing": {
    "bankAlias": "ua-ing",
    "bankName": "ING Bank Ukraine",
    "bankLocalName": "ИНГ Банк Украина",
    "bankColor": "#15366f",
    "bankColors": [
      "#15366f",
      "#f25d1d"
    ],
    "bankCountry": "ua",
    "bankSite": "https://www.ingbankukraine.com/ua/home",
    "bankPhone": "+380 44 230 30 30",
    "formBackgroundColor": "#15366f",
    "formBackgroundColors": [
      "#15366f",
      "#f25d1d"
    ],
    "formBackgroundLightness": "dark",
    "formTextColor": "#ffffff",
    "formLogoScheme": "inverted",
    "formBorderColor": "#000000"
  },
  "ua-pravex": {
    "bankAlias": "ua-pravex",
    "bankName": "Pravex Bank",
    "bankLocalName": "Правэкс-банк",
    "bankColor": "#ff700d",
    "bankColors": [
      "#ff700d",
      "#096d3c"
    ],
    "bankCountry": "ua",
    "bankSite": "https://www.pravex.com.ua/",
    "bankPhone": " 0 800 500 450",
    "formBackgroundColor": "#ff700d",
    "formBackgroundColors": [
      "#ff700d",
      "#f4904b"
    ],
    "formBackgroundLightness": "dark",
    "formTextColor": "#ffffff",
    "formLogoScheme": "inverted",
    "formBorderColor": "#000000"
  },
  "ua-sber": {
    "bankAlias": "ua-sber",
    "bankName": "Sberbank",
    "bankLocalName": "Сбербанк",
    "bankColor": "#21a038",
    "bankColors": [
      "#21a038",
      "#ffffff"
    ],
    "bankCountry": "ua",
    "bankSite": "https://www.sbrf.com.ua/",
    "bankPhone": "+380 (44) 354 15 15",
    "formBackgroundColor": "#21a038",
    "formBackgroundColors": [
      "#21a038",
      "#2acf48"
    ],
    "formBackgroundLightness": "dark",
    "formTextColor": "#ffffff",
    "formLogoScheme": "inverted",
    "formBorderColor": "#000000"
  },
  "ua-prominvest": {
    "bankAlias": "ua-prominvest",
    "bankName": "Prominvestbank",
    "bankLocalName": "Проминвестбанк",
    "bankColor": "#ab7b3d",
    "bankColors": [
      "#ab7b3d"
    ],
    "bankCountry": "ua",
    "bankSite": "https://www.pib.ua/",
    "bankPhone": "0-800-21-51-61",
    "formBackgroundColor": "#ab7b3d",
    "formBackgroundColors": [
      "#ab7b3d",
      "#e1a14e"
    ],
    "formBackgroundLightness": "dark",
    "formTextColor": "#ffffff",
    "formLogoScheme": "inverted",
    "formBorderColor": "#000000"
  },
  "ua-pivdenny": {
    "bankAlias": "ua-pivdenny",
    "bankName": "Pivdenny",
    "bankLocalName": "Пивденный",
    "bankColor": "#2f4961",
    "bankColors": [
      "#00b5a0",
      "#2f4961"
    ],
    "bankCountry": "ua",
    "bankSite": "https://bank.com.ua/",
    "bankPhone": "+380 482 30 70 30",
    "formBackgroundColor": "#2f4961",
    "formBackgroundColors": [
      "#2f4961",
      "#00b5a0"
    ],
    "formBackgroundLightness": "dark",
    "formTextColor": "#ffffff",
    "formLogoScheme": "inverted",
    "formBorderColor": "#000000"
  },
  "ua-universal": {
    "bankAlias": "ua-universal",
    "bankName": " Universal bank",
    "bankLocalName": "Универсал банк\t",
    "bankColor": "#031f70",
    "bankColors": [
      "#031f70",
      "#de1e23"
    ],
    "bankCountry": "ua",
    "bankSite": "https://www.universalbank.com.ua/",
    "bankPhone": "0 800 300 200",
    "formBackgroundColor": "#031f70",
    "formBackgroundColors": [
      "#031f70",
      "#1a45bd"
    ],
    "formBackgroundLightness": "dark",
    "formTextColor": "#ffffff",
    "formLogoScheme": "inverted",
    "formBorderColor": "#000000"
  },
  "ua-tascom": {
    "bankAlias": "ua-tascom",
    "bankName": "Tascombank",
    "bankLocalName": "Таскомбанк",
    "bankColor": "#373f5f",
    "bankColors": [
      "#373f5f",
      "#c64d4f"
    ],
    "bankCountry": "ua",
    "bankSite": "https://tascombank.ua/",
    "bankPhone": "0 800 503 580",
    "formBackgroundColor": "#373f5f",
    "formBackgroundColors": [
      "#373f5f",
      "#6070ae"
    ],
    "formBackgroundLightness": "dark",
    "formTextColor": "#ffffff",
    "formLogoScheme": "inverted",
    "formBorderColor": "#000000"
  }
}