{
  "mx-bajio": {
    "bankAlias": "mx-bajio",
    "bankName": "Banco del Bajio",
    "bankLocalName": "Banco del Bajio",
    "bankColor": "#6b40b4",
    "bankColors": [
      "#6b40b4",
      "#f80301"
    ],
    "bankCountry": "mx",
    "bankSite": "https://www.bb.com.mx/",
    "bankPhone": "477 710 46 99",
    "formBackgroundColor": "#eee1fe",
    "formBackgroundColors": [
      "#eee1fe",
      "#b781fe"
    ],
    "formBackgroundLightness": "light",
    "formTextColor": "#281842",
    "formLogoScheme": "original",
    "formBorderColor": "#6b40b4"
  },
  "mx-banorte": {
    "bankAlias": "mx-banorte",
    "bankName": "Banorte",
    "bankLocalName": "Banorte",
    "bankColor": "#eb0029",
    "bankColors": [
      "#eb0029"
    ],
    "bankCountry": "mx",
    "bankSite": "https://www.banorte.com/",
    "bankPhone": "",
    "formBackgroundColor": "#eb0029",
    "formBackgroundColors": [
      "#f33252",
      "#eb0029"
    ],
    "formBackgroundLightness": "dark",
    "formTextColor": "#ffffff",
    "formLogoScheme": "inverted",
    "formBorderColor": "#ffffff"
  },
  "mx-afirme": {
    "bankAlias": "mx-afirme",
    "bankName": "Afirme Grupo Financiero",
    "bankLocalName": "Afirme Grupo Financiero",
    "bankColor": "#00874d",
    "bankColors": [
      "#00874d"
    ],
    "bankCountry": "mx",
    "bankSite": "https://www.afirme.com/afirme",
    "bankPhone": "+52 81 8318 3990",
    "formBackgroundColor": "#00874d",
    "formBackgroundColors": [
      "#0fae67",
      "#00874d"
    ],
    "formBackgroundLightness": "dark",
    "formTextColor": "#ffffff",
    "formLogoScheme": "inverted",
    "formBorderColor": "#ffffff"
  },
  "mx-inbursa": {
    "bankAlias": "mx-inbursa",
    "bankName": "Grupo Financiero Inbursa",
    "bankLocalName": "Grupo Financiero Inbursa",
    "bankColor": "#012148",
    "bankColors": [
      "#ffffff"
    ],
    "bankCountry": "mx",
    "bankSite": "https://www.inbursa.com/Portal/?id_category=1",
    "bankPhone": "+52 55 5447 8000",
    "formBackgroundColor": "#012148",
    "formBackgroundColors": [
      "#0d3c79",
      "#012148"
    ],
    "formBackgroundLightness": "dark",
    "formTextColor": "#ffffff",
    "formLogoScheme": "inverted",
    "formBorderColor": "#ffffff"
  },
  "mx-scotia": {
    "bankAlias": "mx-scotia",
    "bankName": "Scotiabank Mexico",
    "bankLocalName": "Scotiabank Mexico",
    "bankColor": "#ec111a",
    "bankColors": [
      "#ec111a"
    ],
    "bankCountry": "mx",
    "bankSite": "https://www.scotiabank.com.mx/",
    "bankPhone": "+52 55 5728 1900",
    "formBackgroundColor": "#ec111a",
    "formBackgroundColors": [
      "#ff2730",
      "#ec111a"
    ],
    "formBackgroundLightness": "dark",
    "formTextColor": "#ffffff",
    "formLogoScheme": "inverted",
    "formBorderColor": "#ffffff"
  },
  "mx-hsbc": {
    "bankAlias": "mx-hsbc",
    "bankName": "HSBC Mexico",
    "bankLocalName": "HSBC Mexico",
    "bankColor": "#db0011",
    "bankColors": [
      "#db0011"
    ],
    "bankCountry": "mx",
    "bankSite": "https://www.hsbc.com.mx/",
    "bankPhone": "+52 55 5721 5661",
    "formBackgroundColor": "#db0011",
    "formBackgroundColors": [
      "#000000",
      "#db0011"
    ],
    "formBackgroundLightness": "dark",
    "formTextColor": "#ffffff",
    "formLogoScheme": "inverted",
    "formBorderColor": "#ffffff"
  },
  "mx-banamex": {
    "bankAlias": "mx-banamex",
    "bankName": "Banamex",
    "bankLocalName": "Banamex",
    "bankColor": "#30598d",
    "bankColors": [
      "#30598d",
      "#e30b13"
    ],
    "bankCountry": "mx",
    "bankSite": "https://www.banamex.com/",
    "bankPhone": "+1 636-722-6799",
    "formBackgroundColor": "#c9dbf7",
    "formBackgroundColors": [
      "#c9dbf7",
      "#53a7ff"
    ],
    "formBackgroundLightness": "dark",
    "formTextColor": "#10253f",
    "formLogoScheme": "original",
    "formBorderColor": "#30598d"
  },
  "mx-santander": {
    "bankAlias": "mx-santander",
    "bankName": "Santander Mexico ",
    "bankLocalName": "Santander Mexico ",
    "bankColor": "#ea1d25",
    "bankColors": [
      "#ea1d25"
    ],
    "bankCountry": "mx",
    "bankSite": "https://www.santander.com.mx/",
    "bankPhone": "+34 912890000",
    "formBackgroundColor": "#ea1d25",
    "formBackgroundColors": [
      "#f52e39",
      "#ea1d25"
    ],
    "formBackgroundLightness": "dark",
    "formTextColor": "#ffffff",
    "formLogoScheme": "inverted",
    "formBorderColor": "#ffffff"
  },
  "mx-bancomer": {
    "bankAlias": "mx-bancomer",
    "bankName": "BBVA Bancomer",
    "bankLocalName": "BBVA Bancomer",
    "bankColor": "#004580",
    "bankColors": [
      "#004580"
    ],
    "bankCountry": "mx",
    "bankSite": "https://www.bbva.mx/",
    "bankPhone": "+52 55 5226 2663",
    "formBackgroundColor": "#004580",
    "formBackgroundColors": [
      "#065293",
      "#014b8c"
    ],
    "formBackgroundLightness": "dark",
    "formTextColor": "#ffffff",
    "formLogoScheme": "inverted",
    "formBorderColor": "#ffffff"
  }
}