{
  "ru-sberbank": {
    "bankAlias": "ru-sberbank",
    "bankName": "Sberbank",
    "bankLocalName": "Сбербанк",
    "bankColor": "#1a9f29",
    "bankColors": [
      "#1a9f29"
    ],
    "bankCountry": "ru",
    "bankSite": "https://www.sberbank.ru",
    "bankPhone": "8 800 555-55-50",
    "formBackgroundColor": "#1a9f29",
    "formBackgroundColors": [
      "#1a9f29",
      "#0d7518"
    ],
    "formBackgroundLightness": "dark",
    "formTextColor": "#ffffff",
    "formLogoScheme": "inverted",
    "formBorderColor": "#ffffff"
  },
  "ru-rosbank": {
    "bankAlias": "ru-rosbank",
    "bankName": "Rosbank",
    "bankLocalName": "Росбанк",
    "bankColor": "#ff0016",
    "bankColors": [
      "#ff0016",
      "#000000"
    ],
    "bankCountry": "ru",
    "bankSite": "https://www.rosbank.ru",
    "bankPhone": "8 800 200-54-34",
    "formBackgroundColor": "#f0f0f0",
    "formBackgroundColors": [
      "#f0f0f0",
      "#d6d0d0"
    ],
    "formBackgroundLightness": "light",
    "formTextColor": "#000000",
    "formLogoScheme": "original",
    "formBorderColor": "#d6d0d0"
  },
  "ru-atb": {
    "bankAlias": "ru-atb",
    "bankName": "Asian-Pacific Bank",
    "bankLocalName": "Азиатско-Тихоокеанский Банк",
    "bankColor": "#fe5000",
    "bankColors": [
      "#fe5000",
      "#2a2c29"
    ],
    "bankCountry": "ru",
    "bankSite": "https://www.atb.su/",
    "bankPhone": "8 800 775-88-88",
    "formBackgroundColor": "#fe5000",
    "formBackgroundColors": [
      "#ff7740",
      "#fe5000"
    ],
    "formBackgroundLightness": "dark",
    "formTextColor": "#ffffff",
    "formLogoScheme": "inverted",
    "formBorderColor": "#ffffff"
  },
  "ru-avangard": {
    "bankAlias": "ru-avangard",
    "bankName": "Avangard",
    "bankLocalName": "Авангард",
    "bankColor": "#003f20",
    "bankColors": [
      "#003f20"
    ],
    "bankCountry": "ru",
    "bankSite": "https://www.avangard.ru/",
    "bankPhone": "8 800 333-98-98",
    "formBackgroundColor": "#003f20",
    "formBackgroundColors": [
      "#13894f",
      "#003f20"
    ],
    "formBackgroundLightness": "dark",
    "formTextColor": "#ffffff",
    "formLogoScheme": "inverted",
    "formBorderColor": "#ffffff"
  },
  "ru-ren": {
    "bankAlias": "ru-ren",
    "bankName": "Renaissance Capital",
    "bankLocalName": "Ренессанс Кредит",
    "bankColor": "#c70075",
    "bankColors": [
      "#c70075",
      "#323e48"
    ],
    "bankCountry": "ru",
    "bankSite": "https://rencredit.ru/",
    "bankPhone": "8 800 200-09-81",
    "formBackgroundColor": "#c70075",
    "formBackgroundColors": [
      "#e3448a",
      "#d6005e"
    ],
    "formBackgroundLightness": "dark",
    "formTextColor": "#ffffff",
    "formLogoScheme": "inverted",
    "formBorderColor": "#ffffff"
  },
  "ru-novikom": {
    "bankAlias": "ru-novikom",
    "bankName": "Novikombank",
    "bankLocalName": "Новикомбанк",
    "bankColor": "#005596",
    "bankColors": [
      "#005596"
    ],
    "bankCountry": "ru",
    "bankSite": "http://www.novikom.ru/",
    "bankPhone": "8 800 250-70-07",
    "formBackgroundColor": "#005596",
    "formBackgroundColors": [
      "#0060aa",
      "#004276"
    ],
    "formBackgroundLightness": "dark",
    "formTextColor": "#ffffff",
    "formLogoScheme": "inverted",
    "formBorderColor": "#ffffff"
  },
  "ru-vbrr": {
    "bankAlias": "ru-vbrr",
    "bankName": "Russian Regional Development Bank",
    "bankLocalName": "Всероссийский Банк Развития Регионов",
    "bankColor": "#ffcc23",
    "bankColors": [
      "#ffcc23"
    ],
    "bankCountry": "ru",
    "bankSite": "https://www.vbrr.ru/",
    "bankPhone": " 8 800 700-03-49",
    "formBackgroundColor": "#ffcc23",
    "formBackgroundColors": [
      "#ffcc23",
      "#d6a70b"
    ],
    "formBackgroundLightness": "dark",
    "formTextColor": "#000000",
    "formLogoScheme": "inverted",
    "formBorderColor": "#181717"
  },
  "ru-ucb": {
    "bankAlias": "ru-ucb",
    "bankName": "UniCredit Bank",
    "bankLocalName": "ЮниКредит Банк",
    "bankColor": "#e1011a",
    "bankColors": [
      "#e1011a"
    ],
    "bankCountry": "ru",
    "bankSite": "https://www.unicreditbank.ru/",
    "bankPhone": " 8 800 700-10-20",
    "formBackgroundColor": "#e1011a",
    "formBackgroundColors": [
      "#e1011a",
      "#a00015"
    ],
    "formBackgroundLightness": "dark",
    "formTextColor": "#ffffff",
    "formLogoScheme": "inverted",
    "formBorderColor": "#ffffff"
  },
  "ru-zenit": {
    "bankAlias": "ru-zenit",
    "bankName": "Zenit",
    "bankLocalName": "Зенит",
    "bankColor": "#00ccd5",
    "bankColors": [
      "#00ccd5"
    ],
    "bankCountry": "ru",
    "bankSite": "https://www.zenit.ru/",
    "bankPhone": " 8 800 500-66-77",
    "formBackgroundColor": "#00ccd5",
    "formBackgroundColors": [
      "#00ccd5",
      "#009ca3"
    ],
    "formBackgroundLightness": "dark",
    "formTextColor": "#ffffff",
    "formLogoScheme": "inverted",
    "formBorderColor": "#ffffff"
  },
  "ru-absolut": {
    "bankAlias": "ru-absolut",
    "bankName": "Absolut Bank",
    "bankLocalName": "Абсолют Банк",
    "bankColor": "#ff5900",
    "bankColors": [
      "#ff5900"
    ],
    "bankCountry": "ru",
    "bankSite": "http://absolutbank.ru/",
    "bankPhone": "8 800 200-20-05",
    "formBackgroundColor": "#ff6600",
    "formBackgroundColors": [
      "#ff6600",
      "#e15900"
    ],
    "formBackgroundLightness": "light",
    "formTextColor": "#ffffff",
    "formLogoScheme": "inverted",
    "formBorderColor": "#ffffff"
  },
  "ru-otp": {
    "bankAlias": "ru-otp",
    "bankName": "OTP Bank",
    "bankLocalName": "ОТП Банк",
    "bankColor": "#77bc1f",
    "bankColors": [
      "#77bc1f",
      "#006647"
    ],
    "bankCountry": "ru",
    "bankSite": "https://www.otpbank.ru/",
    "bankPhone": " 8 800 100-55-55",
    "formBackgroundColor": "#f0f0ef",
    "formBackgroundColors": [
      "#f0f0ef",
      "#d8d8c8"
    ],
    "formBackgroundLightness": "light",
    "formTextColor": "#006647",
    "formLogoScheme": "original",
    "formBorderColor": "#006647"
  },
  "ru-akbars": {
    "bankAlias": "ru-akbars",
    "bankName": "AK Bars",
    "bankLocalName": "Ак Барс",
    "bankColor": "#009c32",
    "bankColors": [
      "#009c32"
    ],
    "bankCountry": "ru",
    "bankSite": "https://www.akbars.ru/",
    "bankPhone": "8 800 200-53-03",
    "formBackgroundColor": "#009c32",
    "formBackgroundColors": [
      "#009c32",
      "#007524"
    ],
    "formBackgroundLightness": "dark",
    "formTextColor": "#ffffff",
    "formLogoScheme": "inverted",
    "formBorderColor": "#ffffff"
  },
  "ru-rnkb": {
    "bankAlias": "ru-rnkb",
    "bankName": "RNKB Bank",
    "bankLocalName": "РНКБ Банк",
    "bankColor": "#00a3c2",
    "bankColors": [
      "#00a3c2",
      "#343b43"
    ],
    "bankCountry": "ru",
    "bankSite": " https://www.rncb.ru/",
    "bankPhone": " 8 800 234-27-27",
    "formBackgroundColor": "#00a3c2",
    "formBackgroundColors": [
      "#00a3c2",
      "#00849c"
    ],
    "formBackgroundLightness": "dark",
    "formTextColor": "#ffffff",
    "formLogoScheme": "inverted",
    "formBorderColor": "#ffffff"
  },
  "ru-alfa": {
    "bankAlias": "ru-alfa",
    "bankName": "Alfa-Bank",
    "bankLocalName": "Альфа-Банк",
    "bankColor": "#f80000",
    "bankColors": [
      "#f80000"
    ],
    "bankCountry": "ru",
    "bankSite": "https://alfabank.ru/",
    "bankPhone": "+7 495 788-88-78",
    "formBackgroundColor": "#ef3124",
    "formBackgroundColors": [
      "#ef3124",
      "#d6180b"
    ],
    "formBackgroundLightness": "dark",
    "formTextColor": "#ffffff",
    "formLogoScheme": "inverted",
    "formBorderColor": "#ffffff"
  },
  "ru-ceb": {
    "bankAlias": "ru-ceb",
    "bankName": "Credit Europe Bank",
    "bankLocalName": "Кредит Европа Банк",
    "bankColor": "#cb2229",
    "bankColors": [
      "#345ba9",
      "#cb2229"
    ],
    "bankCountry": "ru",
    "bankSite": "https://www.crediteurope.ru/",
    "bankPhone": "8 800 700-77-57",
    "formBackgroundColor": "#cb2229",
    "formBackgroundColors": [
      "#e8444a",
      "#cb2229"
    ],
    "formBackgroundLightness": "dark",
    "formTextColor": "#ffffff",
    "formLogoScheme": "inverted",
    "formBorderColor": "#ffffff"
  },
  "ru-citi": {
    "bankAlias": "ru-citi",
    "bankName": "Citibank",
    "bankLocalName": "Ситибанк",
    "bankColor": "#003b70",
    "bankColors": [
      "#003b70",
      "#d9261c"
    ],
    "bankCountry": "ru",
    "bankSite": "https://www.citibank.ru/",
    "bankPhone": "8 800 700-38-38",
    "formBackgroundColor": "#07bcf2",
    "formBackgroundColors": [
      "#07bcf2",
      "#004987"
    ],
    "formBackgroundLightness": "dark",
    "formTextColor": "#ffffff",
    "formLogoScheme": "inverted",
    "formBorderColor": "#ffffff"
  },
  "ru-sviaz": {
    "bankAlias": "ru-sviaz",
    "bankName": "Sviaz-Bank",
    "bankLocalName": "Связь-Банк",
    "bankColor": "#004987",
    "bankColors": [
      "#549443",
      "#004987"
    ],
    "bankCountry": "ru",
    "bankSite": "https://www.sviaz-bank.ru/",
    "bankPhone": "8 800 500-00-80",
    "formBackgroundColor": "#004987",
    "formBackgroundColors": [
      "#004987",
      "#549443"
    ],
    "formBackgroundLightness": "dark",
    "formTextColor": "#ffffff",
    "formLogoScheme": "inverted",
    "formBorderColor": "#ffffff"
  },
  "ru-domrf": {
    "bankAlias": "ru-domrf",
    "bankName": "Bank DOM.RF",
    "bankLocalName": "Банк ДОМ.РФ",
    "bankColor": "#324049",
    "bankColors": [
      "#324049"
    ],
    "bankCountry": "ru",
    "bankSite": "https://domrfbank.ru/",
    "bankPhone": "+7 495 775-47-40",
    "formBackgroundColor": "#324049",
    "formBackgroundColors": [
      "#324049",
      "#132225"
    ],
    "formBackgroundLightness": "dark",
    "formTextColor": "#ffffff",
    "formLogoScheme": "inverted",
    "formBorderColor": "#ffffff"
  },
  "ru-cetelem": {
    "bankAlias": "ru-cetelem",
    "bankName": "Cetelem Bank",
    "bankLocalName": "Сетелем Банк",
    "bankColor": "#009c30",
    "bankColors": [
      "#009c30",
      "#c1021f"
    ],
    "bankCountry": "ru",
    "bankSite": "https://www.cetelem.ru/",
    "bankPhone": "+7 495 644-33-44",
    "formBackgroundColor": "#23b25c",
    "formBackgroundColors": [
      "#73f170",
      "#23b25c"
    ],
    "formBackgroundLightness": "light",
    "formTextColor": "#ffffff",
    "formLogoScheme": "original",
    "formBorderColor": "#0d7536"
  },
  "ru-rossiya": {
    "bankAlias": "ru-rossiya",
    "bankName": "Rossiya",
    "bankLocalName": "Россия",
    "bankColor": "#063d59",
    "bankColors": [
      "#063d59",
      "#ce1e44"
    ],
    "bankCountry": "ru",
    "bankSite": "http://www.abr.ru/",
    "bankPhone": " 8 800 100-11-11",
    "formBackgroundColor": "#ce1e44",
    "formBackgroundColors": [
      "#024076",
      "#003855"
    ],
    "formBackgroundLightness": "dark",
    "formTextColor": "#ffffff",
    "formLogoScheme": "inverted",
    "formBorderColor": "#ffffff"
  },
  "ru-sovkom": {
    "bankAlias": "ru-sovkom",
    "bankName": "Sovcombank",
    "bankLocalName": "Совкомбанк",
    "bankColor": "#ff4c5f",
    "bankColors": [
      "#ff4c5f",
      "#213a8e"
    ],
    "bankCountry": "ru",
    "bankSite": "https://sovcombank.ru/",
    "bankPhone": "8 800 100-00-06",
    "formBackgroundColor": "#ff4c5f",
    "formBackgroundColors": [
      "#ff4c5f",
      "#ca2134"
    ],
    "formBackgroundLightness": "dark",
    "formTextColor": "#ffffff",
    "formLogoScheme": "inverted",
    "formBorderColor": "#ffffff"
  },
  "ru-trust": {
    "bankAlias": "ru-trust",
    "bankName": "Trust",
    "bankLocalName": "Траст",
    "bankColor": "#241f20",
    "bankColors": [
      "#241f20"
    ],
    "bankCountry": "ru",
    "bankSite": "http://www.trust.ru/",
    "bankPhone": "+7 495 587-90-44",
    "formBackgroundColor": "#231f20",
    "formBackgroundColors": [
      "#403739",
      "#231f20"
    ],
    "formBackgroundLightness": "dark",
    "formTextColor": "#ffffff",
    "formLogoScheme": "inverted",
    "formBorderColor": "#000000"
  },
  "ru-spb": {
    "bankAlias": "ru-spb",
    "bankName": "Bank Saint Petersburg",
    "bankLocalName": "Банк «Санкт-Петербург»",
    "bankColor": "#da1e33",
    "bankColors": [
      "#da1e33",
      "#272425"
    ],
    "bankCountry": "ru",
    "bankSite": "https://www.bspb.ru/",
    "bankPhone": "8 800 222-50-50",
    "formBackgroundColor": "#eeeeee",
    "formBackgroundColors": [
      "#eeeeee",
      "#d7d4d4"
    ],
    "formBackgroundLightness": "light",
    "formTextColor": "#231f20",
    "formLogoScheme": "original",
    "formBorderColor": "#231f20"
  },
  "ru-raiffeisen": {
    "bankAlias": "ru-raiffeisen",
    "bankName": "Raiffeisenbank",
    "bankLocalName": "Райффайзенбанк",
    "bankColor": "#ffed00",
    "bankColors": [
      "#ffed00",
      "#000000"
    ],
    "bankCountry": "ru",
    "bankSite": "https://www.raiffeisen.ru/",
    "bankPhone": "+7 495 721-99-00",
    "formBackgroundColor": "#ffed00",
    "formBackgroundColors": [
      "#ffed00",
      "#dfbb00"
    ],
    "formBackgroundLightness": "light",
    "formTextColor": "#000000",
    "formLogoScheme": "original",
    "formBorderColor": "#000000"
  },
  "ru-hcf": {
    "bankAlias": "ru-hcf",
    "bankName": "HCF Bank",
    "bankLocalName": "Хоум Кредит Банк",
    "bankColor": "#c8102e",
    "bankColors": [
      "#c8102e"
    ],
    "bankCountry": "ru",
    "bankSite": "https://www.homecredit.ru/",
    "bankPhone": "+7 495 785-82-22",
    "formBackgroundColor": "#c8102e",
    "formBackgroundColors": [
      "#de1c3c",
      "#8a051e"
    ],
    "formBackgroundLightness": "dark",
    "formTextColor": "#ffffff",
    "formLogoScheme": "inverted",
    "formBorderColor": "#ffffff"
  },
  "ru-mib": {
    "bankAlias": "ru-mib",
    "bankName": "Mosсow Industrial Bank",
    "bankLocalName": "Московский Индустриальный Банк",
    "bankColor": "#8e0e10",
    "bankColors": [
      "#8e0e10"
    ],
    "bankCountry": "ru",
    "bankSite": "https://www.minbank.ru/",
    "bankPhone": "8 800 100-74-74",
    "formBackgroundColor": "#8e0e10",
    "formBackgroundColors": [
      "#a51c1e",
      "#7a0708"
    ],
    "formBackgroundLightness": "dark",
    "formTextColor": "#ffffff",
    "formLogoScheme": "inverted",
    "formBorderColor": "#ffffff"
  },
  "ru-open": {
    "bankAlias": "ru-open",
    "bankName": "Otkritie FC",
    "bankLocalName": "ФК Открытие",
    "bankColor": "#00b2e1",
    "bankColors": [
      "#00b2e1",
      "#585857"
    ],
    "bankCountry": "ru",
    "bankSite": "https://www.open.ru/",
    "bankPhone": "8 800 700-78-77 ",
    "formBackgroundColor": "#00b2e1",
    "formBackgroundColors": [
      "#11c3f5",
      "#009cc1"
    ],
    "formBackgroundLightness": "dark",
    "formTextColor": "#ffffff",
    "formLogoScheme": "inverted",
    "formBorderColor": "#006796"
  },
  "ru-rgs": {
    "bankAlias": "ru-rgs",
    "bankName": "Rosgosstrakh Bank",
    "bankLocalName": "Росгосстрах Банк",
    "bankColor": "#c29a5b",
    "bankColors": [
      "#941114"
    ],
    "bankCountry": "ru",
    "bankSite": "https://www.rgsbank.ru/",
    "bankPhone": " 8 800 700-40-40",
    "formBackgroundColor": "#941114",
    "formBackgroundColors": [
      "#d93738",
      "#941114"
    ],
    "formBackgroundLightness": "dark",
    "formTextColor": "#ffffff",
    "formLogoScheme": "inverted",
    "formBorderColor": "#ffffff"
  },
  "ru-veb": {
    "bankAlias": "ru-veb",
    "bankName": "Orient Express Bank",
    "bankLocalName": "Восточный Банк",
    "bankColor": "#00559f",
    "bankColors": [
      "#00559f",
      "#ee3224"
    ],
    "bankCountry": "ru",
    "bankSite": "https://www.vostbank.ru/",
    "bankPhone": "8 800 100-71-00",
    "formBackgroundColor": "#00559f",
    "formBackgroundColors": [
      "#00559f",
      "#ee3224"
    ],
    "formBackgroundLightness": "dark",
    "formTextColor": "#ffffff",
    "formLogoScheme": "inverted",
    "formBorderColor": "#ffffff"
  },
  "ru-mob": {
    "bankAlias": "ru-mob",
    "bankName": "Mosoblbank",
    "bankLocalName": "Московский Областной Банк",
    "bankColor": "#e20613",
    "bankColors": [
      "#e20613"
    ],
    "bankCountry": "ru",
    "bankSite": "https://mosoblbank.ru/",
    "bankPhone": "8 800 200-14-15",
    "formBackgroundColor": "#e20613",
    "formBackgroundColors": [
      "#e20613",
      "#900106"
    ],
    "formBackgroundLightness": "dark",
    "formTextColor": "#ffffff",
    "formLogoScheme": "inverted",
    "formBorderColor": "#ffffff"
  },
  "ru-skb": {
    "bankAlias": "ru-skb",
    "bankName": "SKB-Bank",
    "bankLocalName": "СКБ-Банк",
    "bankColor": "#038c73",
    "bankColors": [
      "#038c73",
      "#f65e64"
    ],
    "bankCountry": "ru",
    "bankSite": "httpы://www.skbbank.ru/",
    "bankPhone": "8 800 100-06-00",
    "formBackgroundColor": "#038c73",
    "formBackgroundColors": [
      "#28c1a5",
      "#038c73"
    ],
    "formBackgroundLightness": "dark",
    "formTextColor": "#ffffff",
    "formLogoScheme": "inverted",
    "formBorderColor": "#ffffff"
  },
  "ru-smp": {
    "bankAlias": "ru-smp",
    "bankName": "SMP Bank",
    "bankLocalName": "СМП Банк",
    "bankColor": "#005186",
    "bankColors": [
      "#005186",
      "#009ee2"
    ],
    "bankCountry": "ru",
    "bankSite": "https://smpbank.ru/",
    "bankPhone": "8 800 200-76-46",
    "formBackgroundColor": "#009ee2",
    "formBackgroundColors": [
      "#009ee2",
      "#005186"
    ],
    "formBackgroundLightness": "dark",
    "formTextColor": "#ffffff",
    "formLogoScheme": "inverted",
    "formBorderColor": "#ffffff"
  },
  "ru-mkb": {
    "bankAlias": "ru-mkb",
    "bankName": "Credit Bank of Moscow",
    "bankLocalName": "Московский Кредитный Банк",
    "bankColor": "#bb0032",
    "bankColors": [
      "#bb0032"
    ],
    "bankCountry": "ru",
    "bankSite": "https://mkb.ru/",
    "bankPhone": "8 800 100-48-88",
    "formBackgroundColor": "#bb0032",
    "formBackgroundColors": [
      "#bb0032",
      "#890026"
    ],
    "formBackgroundLightness": "dark",
    "formTextColor": "#ffffff",
    "formLogoScheme": "inverted",
    "formBorderColor": "#ffffff"
  },
  "ru-rshb": {
    "bankAlias": "ru-rshb",
    "bankName": "Rosselkhozbank",
    "bankLocalName": "Россельхозбанк",
    "bankColor": "#00532a",
    "bankColors": [
      "#00532a",
      "#ffcd00"
    ],
    "bankCountry": "ru",
    "bankSite": "https://www.rshb.ru/",
    "bankPhone": "8 800 100-01-00",
    "formBackgroundColor": "#007f2b",
    "formBackgroundColors": [
      "#007f2b",
      "#005026"
    ],
    "formBackgroundLightness": "dark",
    "formTextColor": "#ffcd00",
    "formLogoScheme": "inverted",
    "formBorderColor": "#ffffff"
  },
  "ru-uralsib": {
    "bankAlias": "ru-uralsib",
    "bankName": "Uralsib",
    "bankLocalName": "Банк Уралсиб",
    "bankColor": "#0f3263",
    "bankColors": [
      "#0f3263"
    ],
    "bankCountry": "ru",
    "bankSite": "https://www.uralsib.ru/",
    "bankPhone": "8 800 250-57-57",
    "formBackgroundColor": "#0f3263",
    "formBackgroundColors": [
      "#133a72",
      "#07264e"
    ],
    "formBackgroundLightness": "dark",
    "formTextColor": "#ffffff",
    "formLogoScheme": "inverted",
    "formBorderColor": "#ffffff"
  },
  "ru-rsb": {
    "bankAlias": "ru-rsb",
    "bankName": "Russian Standard Bank",
    "bankLocalName": "Русский Стандарт",
    "bankColor": "#3e3e3d",
    "bankColors": [
      "#3e3e3d"
    ],
    "bankCountry": "ru",
    "bankSite": "https://www.rsb.ru/",
    "bankPhone": "+7 495 748-07-48",
    "formBackgroundColor": "#3e3e3d",
    "formBackgroundColors": [
      "#727270",
      "#3e3e3d"
    ],
    "formBackgroundLightness": "dark",
    "formTextColor": "#ffffff",
    "formLogoScheme": "inverted",
    "formBorderColor": "#ffffff"
  },
  "ru-vozrozhdenie": {
    "bankAlias": "ru-vozrozhdenie",
    "bankName": "Bank Vozrozhdenie",
    "bankLocalName": "Возрождение",
    "bankColor": "#003770",
    "bankColors": [
      "#003770",
      "#c40a2c"
    ],
    "bankCountry": "ru",
    "bankSite": "https://www.vbank.ru/",
    "bankPhone": " 8 800 755-00-05",
    "formBackgroundColor": "#f6f7fb",
    "formBackgroundColors": [
      "#f6f7fb",
      "#dcdeeb"
    ],
    "formBackgroundLightness": "light",
    "formTextColor": "#003770",
    "formLogoScheme": "original",
    "formBorderColor": "#003770"
  },
  "ru-vtb": {
    "bankAlias": "ru-vtb",
    "bankName": "VTB Bank",
    "bankLocalName": "Банк ВТБ",
    "bankColor": "#0a2973",
    "bankColors": [
      "#0a2973",
      "#599ddc"
    ],
    "bankCountry": "ru",
    "bankSite": "https://www.vtb.ru/",
    "bankPhone": "8 800 100-24-24",
    "formBackgroundColor": "#0a2973",
    "formBackgroundColors": [
      "#0a2973",
      "#031649"
    ],
    "formBackgroundLightness": "dark",
    "formTextColor": "#ffffff",
    "formLogoScheme": "inverted",
    "formBorderColor": "#ffffff"
  },
  "ru-tinkoff": {
    "bankAlias": "ru-tinkoff",
    "bankName": "Tinkoff Bank",
    "bankLocalName": "Тинькофф Банк",
    "bankColor": "#1d1d1b",
    "bankColors": [
      "#1d1d1b",
      "#f5e543"
    ],
    "bankCountry": "ru",
    "bankSite": "https://www.tinkoff.ru/",
    "bankPhone": "8 800 555-77-78",
    "formBackgroundColor": "#333333",
    "formBackgroundColors": [
      "#444444",
      "#222222"
    ],
    "formBackgroundLightness": "dark",
    "formTextColor": "#ffffff",
    "formLogoScheme": "inverted",
    "formBorderColor": "#ffffff"
  },
  "ru-gpb": {
    "bankAlias": "ru-gpb",
    "bankName": "Gazprombank",
    "bankLocalName": "Газпромбанк",
    "bankColor": "#1e3262",
    "bankColors": [
      "#1e3262"
    ],
    "bankCountry": "ru",
    "bankSite": "https://www.gazprombank.ru/",
    "bankPhone": "8 800 100-00-89",
    "formBackgroundColor": "#1e3262",
    "formBackgroundColors": [
      "#1e3262",
      "#06122e"
    ],
    "formBackgroundLightness": "dark",
    "formTextColor": "#ffffff",
    "formLogoScheme": "inverted",
    "formBorderColor": "#ffffff"
  },
  "ru-pochta": {
    "bankAlias": "ru-pochta",
    "bankName": "Pochtabank",
    "bankLocalName": "Почта Банк",
    "bankColor": "#011587",
    "bankColors": [
      "#011587",
      "#ae023e"
    ],
    "bankCountry": "ru",
    "bankSite": "https://www.pochtabank.ru/",
    "bankPhone": " 8 800 550-07-70",
    "formBackgroundColor": "#f9f9f9",
    "formBackgroundColors": [
      "#f9f9f9",
      "#ccd1da"
    ],
    "formBackgroundLightness": "light",
    "formTextColor": "#011587",
    "formLogoScheme": "original",
    "formBorderColor": "#011587"
  },
  "ru-psb": {
    "bankAlias": "ru-psb",
    "bankName": "Promsvyazbank",
    "bankLocalName": "Промсвязьбанк",
    "bankColor": "#1b3f91",
    "bankColors": [
      "#1b3f91",
      "#cc5b1b"
    ],
    "bankCountry": "ru",
    "bankSite": "https://www.psbank.ru/",
    "bankPhone": "8 800 333-03-03",
    "formBackgroundColor": "#f7f7f8",
    "formBackgroundColors": [
      "#f7f7f8",
      "#d8d8e2"
    ],
    "formBackgroundLightness": "light",
    "formTextColor": "#1b3f91",
    "formLogoScheme": "original",
    "formBorderColor": "#1b3f91"
  },
  "ru-mts": {
    "bankAlias": "ru-mts",
    "bankName": "MTS Bank",
    "bankLocalName": "МТС Банк",
    "bankColor": "#e20613",
    "bankColors": [
      "#e20613"
    ],
    "bankCountry": "ru",
    "bankSite": "https://www.mtsbank.ru/",
    "bankPhone": "8 800 250-05-20",
    "formBackgroundColor": "#e20613",
    "formBackgroundColors": [
      "#e20613",
      "#a3000a"
    ],
    "formBackgroundLightness": "dark",
    "formTextColor": "#ffffff",
    "formLogoScheme": "inverted",
    "formBorderColor": "#ffffff"
  },
  "ru-tcb": {
    "bankAlias": "ru-tcb",
    "bankName": "Transcapitalbank",
    "bankLocalName": "Транскапиталбанк",
    "bankColor": "#01abaa",
    "bankColors": [
      "#01abaa",
      "#df9b2d",
      "#315695"
    ],
    "bankCountry": "ru",
    "bankSite": "https://www.tkbbank.ru/",
    "bankPhone": "8 800 100-32-00",
    "formBackgroundColor": "#f6f6f6",
    "formBackgroundColors": [
      "#f6f6f6",
      "#dedad7"
    ],
    "formBackgroundLightness": "light",
    "formTextColor": "#005598",
    "formLogoScheme": "original",
    "formBorderColor": "#005598"
  },
  "ru-ubrd": {
    "bankAlias": "ru-ubrd",
    "bankName": "UBRD",
    "bankLocalName": "Уральский Банк Реконструкции и Развития",
    "bankColor": "#d90002",
    "bankColors": [
      "#ca447f",
      "#658fde",
      "#d90002"
    ],
    "bankCountry": "ru",
    "bankSite": "https://www.ubrr.ru/",
    "bankPhone": "8 800 100-02-00",
    "formBackgroundColor": "#f2f4f8",
    "formBackgroundColors": [
      "#f2f4f8",
      "#d0d2df"
    ],
    "formBackgroundLightness": "light",
    "formTextColor": "#000000",
    "formLogoScheme": "original",
    "formBorderColor": "#adaebd"
  },
  "ru-yoomoney": {
    "bankAlias": "ru-yoomoney",
    "bankName": "Yoomoney",
    "bankLocalName": "Юмони",
    "bankColor": "#643ca6",
    "bankColors": [
      "#643ca6"
    ],
    "bankCountry": "ru",
    "bankSite": "https://yoomoney.ru/",
    "bankPhone": "8 800 250-66-99",
    "formBackgroundColor": "#a07cd7",
    "formBackgroundColors": [
      "#a07cd7",
      "#e7d7f8"
    ],
    "formBackgroundLightness": "light",
    "formTextColor": "#0d061c",
    "formLogoScheme": "original",
    "formBorderColor": "#3c0b80"
  },
  "ru-metcom": {
    "bankAlias": "ru-metcom",
    "bankName": "Metcombank",
    "bankLocalName": "МЕТКОМБАНК",
    "bankColor": "#2a1d5b",
    "bankColors": [
      "#2a1d5b"
    ],
    "bankCountry": "ru",
    "bankSite": "https://www.metcom.ru/",
    "bankPhone": "+7 (343) 3 100 111 ",
    "formBackgroundColor": "#2a1d5b",
    "formBackgroundColors": [
      "#2a1d5b",
      "#301a85"
    ],
    "formBackgroundLightness": "dark",
    "formTextColor": "#ffffff",
    "formLogoScheme": "inverted",
    "formBorderColor": "#ffffff"
  }
}