{
  "nl-cooperative-rabobank": {
    "bankAlias": "nl-cooperative-rabobank",
    "bankName": "Cooperative Rabobank UA",
    "bankLocalName": "Cooperative Rabobank UA",
    "bankColor": "#ff6600",
    "bankColors": [
      "#ff6600",
      "#000099"
    ],
    "bankCountry": "nl",
    "bankSite": "https://www.rabobank.com/en/about-rabobank/cooperative/index.html",
    "bankPhone": "+ 31 (0) 88 7226 600",
    "formBackgroundColor": "#ff6600",
    "formBackgroundColors": [
      "#ff6600",
      "#000099"
    ],
    "formBackgroundLightness": "light",
    "formTextColor": "#ffffff",
    "formLogoScheme": "inverted",
    "formBorderColor": "#000000"
  },
  "nl-abn-amro": {
    "bankAlias": "nl-abn-amro",
    "bankName": "ABN AMRO Bank NV",
    "bankLocalName": "ABN AMRO Bank NV",
    "bankColor": "#009286",
    "bankColors": [
      "#009286",
      "#f3c000"
    ],
    "bankCountry": "nl",
    "bankSite": "https://www.abnamro.nl/en/personal/index.html",
    "bankPhone": "0900 - 00 24",
    "formBackgroundColor": "#009286",
    "formBackgroundColors": [
      "#004c4c",
      "#00716b"
    ],
    "formBackgroundLightness": "light",
    "formTextColor": "#ffffff",
    "formLogoScheme": "inverted",
    "formBorderColor": "#000000"
  },
  "nl-de-volksbank": {
    "bankAlias": "nl-de-volksbank",
    "bankName": "De Volksbank NV",
    "bankLocalName": "De Volksbank NV",
    "bankColor": "#009ade",
    "bankColors": [
      "#009ade",
      "#ffffff"
    ],
    "bankCountry": "nl",
    "bankSite": "https://www.devolksbank.nl/",
    "bankPhone": " +31 (0)6 10 11 73 63",
    "formBackgroundColor": "#009ade",
    "formBackgroundColors": [
      "#009ade",
      "#096c97"
    ],
    "formBackgroundLightness": "light",
    "formTextColor": "#ffffff",
    "formLogoScheme": "inverted",
    "formBorderColor": "#000000"
  }
}