{
  "gb-barklays": {
    "bankAlias": "gb-barklays",
    "bankName": "Barclays",
    "bankLocalName": "Barclays",
    "bankColor": "#00aeef",
    "bankColors": [
      "#00aeef"
    ],
    "bankCountry": "gb",
    "bankSite": "https://www.barclays.co.uk/",
    "bankPhone": "0800 400 100",
    "formBackgroundColor": "#00aeef",
    "formBackgroundColors": [
      "#00aeef",
      "#477daa"
    ],
    "formBackgroundLightness": "light",
    "formTextColor": "#ffffff",
    "formLogoScheme": "inverted",
    "formBorderColor": "#ffffff"
  },
  "gb-natwest": {
    "bankAlias": "gb-natwest",
    "bankName": "NatWest",
    "bankLocalName": "NatWest",
    "bankColor": "#3d0964",
    "bankColors": [
      "#3d0964",
      "#c40020"
    ],
    "bankCountry": "gb",
    "bankSite": "https://personal.natwest.com",
    "bankPhone": "0345 3030 299",
    "formBackgroundColor": "#3d0964",
    "formBackgroundColors": [
      "#e00b2f",
      "#b50917"
    ],
    "formBackgroundLightness": "dark",
    "formTextColor": "#ffffff",
    "formLogoScheme": "inverted",
    "formBorderColor": "#ffffff"
  },
  "gb-raphaels": {
    "bankAlias": "gb-raphaels",
    "bankName": "Raphaels Bank",
    "bankLocalName": "Raphaels Bank",
    "bankColor": "#83002f",
    "bankColors": [
      "#83002f",
      "#262524",
      "#e4d86d"
    ],
    "bankCountry": "gb",
    "bankSite": "https://www.raphaelsbank.com/",
    "bankPhone": "0800 561 0058",
    "formBackgroundColor": "#83002f",
    "formBackgroundColors": [
      "#83002f",
      "#650024"
    ],
    "formBackgroundLightness": "dark",
    "formTextColor": "#ffffff",
    "formLogoScheme": "inverted",
    "formBorderColor": "#ffffff"
  },
  "gb-bank-of-scotland": {
    "bankAlias": "gb-bank-of-scotland",
    "bankName": "Bank of Scotland",
    "bankLocalName": "Bank of Scotland",
    "bankColor": "#1e357a",
    "bankColors": [
      "#1e357a"
    ],
    "bankCountry": "gb",
    "bankSite": "https://www.bankofscotland.co.uk/",
    "bankPhone": "0345 721 3141",
    "formBackgroundColor": "#1e357a",
    "formBackgroundColors": [
      "#1e357a",
      "#081743"
    ],
    "formBackgroundLightness": "dark",
    "formTextColor": "#ffffff",
    "formLogoScheme": "inverted",
    "formBorderColor": "#ffffff"
  },
  "gb-hsbc": {
    "bankAlias": "gb-hsbc",
    "bankName": "HSBC Bank",
    "bankLocalName": "HSBC Bank",
    "bankColor": "#db0011",
    "bankColors": [
      "#db0011",
      "#ffffff"
    ],
    "bankCountry": "gb",
    "bankSite": "https://www.hsbc.co.uk/",
    "bankPhone": "03457 404 404",
    "formBackgroundColor": "#db0011",
    "formBackgroundColors": [
      "#db0011",
      "#a5000e"
    ],
    "formBackgroundLightness": "dark",
    "formTextColor": "#ffffff",
    "formLogoScheme": "inverted",
    "formBorderColor": "#ffffff"
  },
  "gb-royal-bank-of-scotland": {
    "bankAlias": "gb-royal-bank-of-scotland",
    "bankName": "Royal Bank of Scotland",
    "bankLocalName": "Royal Bank of Scotland",
    "bankColor": "#15366f",
    "bankColors": [
      "#15366f"
    ],
    "bankCountry": "gb",
    "bankSite": "https://personal.rbs.co.uk/",
    "bankPhone": "0800 023 4540",
    "formBackgroundColor": "#15366f",
    "formBackgroundColors": [
      "#15366f",
      "#071b3e"
    ],
    "formBackgroundLightness": "dark",
    "formTextColor": "#ffffff",
    "formLogoScheme": "inverted",
    "formBorderColor": "#ffffff"
  },
  "gb-santander-uk": {
    "bankAlias": "gb-santander-uk",
    "bankName": "Santander UK",
    "bankLocalName": "Santander UK",
    "bankColor": "#ea1d25",
    "bankColors": [
      "#ea1d25"
    ],
    "bankCountry": "gb",
    "bankSite": "https://www.santander.co.uk/",
    "bankPhone": "0800 9 123 123",
    "formBackgroundColor": "#ea1d25",
    "formBackgroundColors": [
      "#ea1d25",
      "#ab040b"
    ],
    "formBackgroundLightness": "dark",
    "formTextColor": "#ffffff",
    "formLogoScheme": "inverted",
    "formBorderColor": "#ffffff"
  },
  "gb-tuifly": {
    "bankAlias": "gb-tuifly",
    "bankName": "TUI fly",
    "bankLocalName": "TUI fly",
    "bankColor": "#91caf2",
    "bankColors": [
      "#91caf2",
      "#e41917",
      "#203059"
    ],
    "bankCountry": "gb",
    "bankSite": "https://www.tui.co.uk/",
    "bankPhone": "0203 451 2716",
    "formBackgroundColor": "#91caf2",
    "formBackgroundColors": [
      "#91caf2",
      "#67a8db"
    ],
    "formBackgroundLightness": "light",
    "formTextColor": "#203059",
    "formLogoScheme": "original",
    "formBorderColor": "#ffffff"
  },
  "gb-british-airways": {
    "bankAlias": "gb-british-airways",
    "bankName": "British Airways",
    "bankLocalName": "British Airways",
    "bankColor": "#2e5c99",
    "bankColors": [
      "#2e5c99",
      "#ce210f"
    ],
    "bankCountry": "gb",
    "bankSite": "https://www.britishairways.com/",
    "bankPhone": "0800 727 800",
    "formBackgroundColor": "#2e5c99",
    "formBackgroundColors": [
      "#2e5c99",
      "#0b3061"
    ],
    "formBackgroundLightness": "dark",
    "formTextColor": "#ffffff",
    "formLogoScheme": "inverted",
    "formBorderColor": "#ffffff"
  },
  "gb-paypal": {
    "bankAlias": "gb-paypal",
    "bankName": "PayPal",
    "bankLocalName": "PayPal",
    "bankColor": "#179bd7",
    "bankColors": [
      "#179bd7",
      "#253b80"
    ],
    "bankCountry": "gb",
    "bankSite": "https://www.paypal.com/uk/home",
    "bankPhone": "020 8080 6500",
    "formBackgroundColor": "#253b80",
    "formBackgroundColors": [
      "#179bd7",
      "#253b80"
    ],
    "formBackgroundLightness": "dark",
    "formTextColor": "#ffffff",
    "formLogoScheme": "inverted",
    "formBorderColor": "#ffffff"
  },
  "gb-lloyd": {
    "bankAlias": "gb-lloyd",
    "bankName": "Lloyds Bank",
    "bankLocalName": "Lloyds Bank",
    "bankColor": "#006846",
    "bankColors": [
      "#006846"
    ],
    "bankCountry": "gb",
    "bankSite": "https://www.lloydsbank.com/",
    "bankPhone": "0800 096 9779",
    "formBackgroundColor": "#006846",
    "formBackgroundColors": [
      "#006846",
      "#003622"
    ],
    "formBackgroundLightness": "dark",
    "formTextColor": "#ffffff",
    "formLogoScheme": "inverted",
    "formBorderColor": "#ffffff"
  },
  "gb-tesko": {
    "bankAlias": "gb-tesko",
    "bankName": "Tesko",
    "bankLocalName": "Tesko",
    "bankColor": "#00539f",
    "bankColors": [
      "#ee1c2e",
      "#00539f"
    ],
    "bankCountry": "gb",
    "bankSite": "https://www.tescobank.com/",
    "bankPhone": "0800 138 1111",
    "formBackgroundColor": "#00539f",
    "formBackgroundColors": [
      "#00539f",
      "#00325f"
    ],
    "formBackgroundLightness": "dark",
    "formTextColor": "#ffffff",
    "formLogoScheme": "inverted",
    "formBorderColor": "#ffffff"
  },
  "gb-halifax": {
    "bankAlias": "gb-halifax",
    "bankName": "Halifax",
    "bankLocalName": "Halifax",
    "bankColor": "#3c5daa",
    "bankColors": [
      "#3c5daa",
      "#242a47"
    ],
    "bankCountry": "gb",
    "bankSite": "https://www.halifax.co.uk/",
    "bankPhone": "0800 072 9779",
    "formBackgroundColor": "#3c5daa",
    "formBackgroundColors": [
      "#3c5daa",
      "#17316f"
    ],
    "formBackgroundLightness": "dark",
    "formTextColor": "#ffffff",
    "formLogoScheme": "inverted",
    "formBorderColor": "#ffffff"
  },
  "gb-metro": {
    "bankAlias": "gb-metro",
    "bankName": "Metro",
    "bankLocalName": "Metro",
    "bankColor": "#cc2229",
    "bankColors": [
      "#cc2229"
    ],
    "bankCountry": "gb",
    "bankSite": "https://www.metrobankonline.co.uk/",
    "bankPhone": "0345 08 08 500",
    "formBackgroundColor": "#2947a8",
    "formBackgroundColors": [
      "#2947a8",
      "#1a2c60"
    ],
    "formBackgroundLightness": "dark",
    "formTextColor": "#ffffff",
    "formLogoScheme": "inverted",
    "formBorderColor": "#ffffff"
  },
  "gb-ulster": {
    "bankAlias": "gb-ulster",
    "bankName": "Ulster Bank",
    "bankLocalName": "Ulster Bank",
    "bankColor": "#152864",
    "bankColors": [
      "#152864"
    ],
    "bankCountry": "gb",
    "bankSite": "https://digital.ulsterbank.co.uk/",
    "bankPhone": "00353 1804 7475",
    "formBackgroundColor": "#152864",
    "formBackgroundColors": [
      "#152864",
      "#061237"
    ],
    "formBackgroundLightness": "dark",
    "formTextColor": "#ffffff",
    "formLogoScheme": "inverted",
    "formBorderColor": "#ffffff"
  },
  "gb-tsb": {
    "bankAlias": "gb-tsb",
    "bankName": "TSB",
    "bankLocalName": "TSB",
    "bankColor": "#36bcee",
    "bankColors": [
      "#36bcee",
      "#0068b3",
      "#26358c"
    ],
    "bankCountry": "gb",
    "bankSite": "https://www.tsb.co.uk/personal/",
    "bankPhone": "03459 758 758",
    "formBackgroundColor": "#36bcee",
    "formBackgroundColors": [
      "#36bcee",
      "#0068b3"
    ],
    "formBackgroundLightness": "dark",
    "formTextColor": "#ffffff",
    "formLogoScheme": "inverted",
    "formBorderColor": "#ffffff"
  },
  "gb-co-operative": {
    "bankAlias": "gb-co-operative",
    "bankName": "The Co-operative Bank",
    "bankLocalName": "The Co-operative Bank",
    "bankColor": "#243d72",
    "bankColors": [
      "#243d72",
      "#0d9ad2"
    ],
    "bankCountry": "gb",
    "bankSite": "https://www.co-operativebank.co.uk/",
    "bankPhone": "+44(0)3457 212 212",
    "formBackgroundColor": "#243d72",
    "formBackgroundColors": [
      "#0d9ad2",
      "#243d72"
    ],
    "formBackgroundLightness": "dark",
    "formTextColor": "#ffffff",
    "formLogoScheme": "inverted",
    "formBorderColor": "#ffffff"
  },
  "gb-nationwide": {
    "bankAlias": "gb-nationwide",
    "bankName": "Nationwide Building Society",
    "bankLocalName": "Nationwide Building Society",
    "bankColor": "#004890",
    "bankColors": [
      "#004890",
      "#ff0033"
    ],
    "bankCountry": "gb",
    "bankSite": "https://www.nationwide.co.uk/",
    "bankPhone": "03457 30 20 11",
    "formBackgroundColor": "#004890",
    "formBackgroundColors": [
      "#004890",
      "#012448"
    ],
    "formBackgroundLightness": "dark",
    "formTextColor": "#ffffff",
    "formLogoScheme": "inverted",
    "formBorderColor": "#ffffff"
  },
  "gb-virgin": {
    "bankAlias": "gb-virgin",
    "bankName": "Virgin Money",
    "bankLocalName": "Virgin Money",
    "bankColor": "#e10a0a",
    "bankColors": [
      "#e10a0a"
    ],
    "bankCountry": "gb",
    "bankSite": "https://uk.virginmoney.com/",
    "bankPhone": "0345 606 7687",
    "formBackgroundColor": "#e10a0a",
    "formBackgroundColors": [
      "#e10a0a",
      "#9c0202"
    ],
    "formBackgroundLightness": "dark",
    "formTextColor": "#ffffff",
    "formLogoScheme": "inverted",
    "formBorderColor": "#ffffff"
  },
  "gb-mbna": {
    "bankAlias": "gb-mbna",
    "bankName": "MBNA",
    "bankLocalName": "MBNA",
    "bankColor": "#559ca5",
    "bankColors": [
      "#559ca5"
    ],
    "bankCountry": "gb",
    "bankSite": "https://www.mbna.co.uk/",
    "bankPhone": "03456 062 062",
    "formBackgroundColor": "#559ca5",
    "formBackgroundColors": [
      "#559ca5",
      "#1a626a"
    ],
    "formBackgroundLightness": "dark",
    "formTextColor": "#ffffff",
    "formLogoScheme": "inverted",
    "formBorderColor": "#ffffff"
  },
  "gb-coventry": {
    "bankAlias": "gb-coventry",
    "bankName": "Coventry Building Society",
    "bankLocalName": "Coventry Building Society",
    "bankColor": "#3d6cb3",
    "bankColors": [
      "#3d6cb3"
    ],
    "bankCountry": "gb",
    "bankSite": "https://www.coventrybuildingsociety.co.uk/",
    "bankPhone": "0800 121 8899",
    "formBackgroundColor": "#3d6cb3",
    "formBackgroundColors": [
      "#3d6cb3",
      "#143b75"
    ],
    "formBackgroundLightness": "dark",
    "formTextColor": "#ffffff",
    "formLogoScheme": "inverted",
    "formBorderColor": "#ffffff"
  },
  "gb-yorkshire": {
    "bankAlias": "gb-yorkshire",
    "bankName": "Yorkshire Building Society",
    "bankLocalName": "Yorkshire Building Society",
    "bankColor": "#08a34a",
    "bankColors": [
      "#08a34a",
      "#8dc640"
    ],
    "bankCountry": "gb",
    "bankSite": "https://www.ybs.co.uk/",
    "bankPhone": "810 44 1274 353228",
    "formBackgroundColor": "#08a34a",
    "formBackgroundColors": [
      "#8dc640",
      "#08a34a"
    ],
    "formBackgroundLightness": "dark",
    "formTextColor": "#ffffff",
    "formLogoScheme": "inverted",
    "formBorderColor": "#ffffff"
  },
  "gb-clydesdale": {
    "bankAlias": "gb-clydesdale",
    "bankName": "Clydesdale Bank",
    "bankLocalName": "Clydesdale Bank",
    "bankColor": "#dd0000",
    "bankColors": [
      "#dd0000"
    ],
    "bankCountry": "gb",
    "bankSite": "https://secure.cbonline.co.uk/",
    "bankPhone": "0800 345 7365",
    "formBackgroundColor": "#dd0000",
    "formBackgroundColors": [
      "#dd0000",
      "#8c3135"
    ],
    "formBackgroundLightness": "dark",
    "formTextColor": "#ffffff",
    "formLogoScheme": "inverted",
    "formBorderColor": "#ffffff"
  },
  "gb-amex": {
    "bankAlias": "gb-amex",
    "bankName": "American Express",
    "bankLocalName": "American Express",
    "bankColor": "#016fd0",
    "bankColors": [
      "#016fd0"
    ],
    "bankCountry": "gb",
    "bankSite": "https://www.americanexpress.com/uk/",
    "bankPhone": "+44 1273696933",
    "formBackgroundColor": "#016fd0",
    "formBackgroundColors": [
      "#016fd0",
      "#003e73"
    ],
    "formBackgroundLightness": "dark",
    "formTextColor": "#ffffff",
    "formLogoScheme": "inverted",
    "formBorderColor": "#ffffff"
  }
}