{
  "in-sbi": {
    "bankAlias": "in-sbi",
    "bankName": "State Bank Of India",
    "bankLocalName": "भारतीय स्टेट बैंक",
    "bankColor": "#12a8e0",
    "bankColors": [
      "#12a8e0",
      "#280071"
    ],
    "bankCountry": "in",
    "bankSite": "https://sbi.co.in/",
    "bankPhone": "1800 1234",
    "formBackgroundColor": "#12a8e0",
    "formBackgroundColors": [
      "#12a8e0",
      "#280071"
    ],
    "formBackgroundLightness": "light",
    "formTextColor": "#ffffff",
    "formLogoScheme": "inverted",
    "formBorderColor": "#000000"
  },
  "in-baroda": {
    "bankAlias": "in-baroda",
    "bankName": "Bank Of Baroda",
    "bankLocalName": "बैंक ऑफ बड़ौदा",
    "bankColor": "#f26522",
    "bankColors": [
      "#f26522",
      "#fe8639"
    ],
    "bankCountry": "in",
    "bankSite": "https://www.bankofbaroda.in/",
    "bankPhone": "1800 258 44 55",
    "formBackgroundColor": "#f26522",
    "formBackgroundColors": [
      "#f26522",
      "#fe8639"
    ],
    "formBackgroundLightness": "light",
    "formTextColor": "#ffffff",
    "formLogoScheme": "inverted",
    "formBorderColor": "#f26522"
  },
  "in-icici": {
    "bankAlias": "in-icici",
    "bankName": "ICICI Bank",
    "bankLocalName": "आईसीआईसीआई बैंक",
    "bankColor": "#f37e20",
    "bankColors": [
      "#f37e20",
      "#074a86"
    ],
    "bankCountry": "in",
    "bankSite": "https://www.icicibank.com/",
    "bankPhone": "1860 120 7777",
    "formBackgroundColor": "#f37e20",
    "formBackgroundColors": [
      "#f37e20",
      "#074a86"
    ],
    "formBackgroundLightness": "light",
    "formTextColor": "#ffffff",
    "formLogoScheme": "inverted",
    "formBorderColor": "#000000"
  },
  "in-punjab-national": {
    "bankAlias": "in-punjab-national",
    "bankName": "Punjab National Bank",
    "bankLocalName": "पंजाब नेशनल बैंक",
    "bankColor": "#940b36",
    "bankColors": [
      "#940b36",
      "#f6b801"
    ],
    "bankCountry": "in",
    "bankSite": "https://www.pnbindia.in/",
    "bankPhone": "1800 180 2222",
    "formBackgroundColor": "#940b36",
    "formBackgroundColors": [
      "#940b36",
      "#f6b801"
    ],
    "formBackgroundLightness": "light",
    "formTextColor": "#f6b801",
    "formLogoScheme": "inverted",
    "formBorderColor": "#000000"
  },
  "in-hdfc": {
    "bankAlias": "in-hdfc",
    "bankName": "HDFC Bank Ltd.",
    "bankLocalName": "एचडीएफसी बैंक लिमिटेड।",
    "bankColor": "#3b536f",
    "bankColors": [
      "#3b536f",
      "#1d86ff"
    ],
    "bankCountry": "in",
    "bankSite": "https://www.hdfcbank.com/",
    "bankPhone": "1800 202 6161 / 1860 267 6161",
    "formBackgroundColor": "#3b536f",
    "formBackgroundColors": [
      "#3b536f",
      "#1d86ff"
    ],
    "formBackgroundLightness": "light",
    "formTextColor": "#ffffff",
    "formLogoScheme": "inverted",
    "formBorderColor": "#000000"
  },
  "in-canara": {
    "bankAlias": "in-canara",
    "bankName": "Canara Bank",
    "bankLocalName": "केनरा बैंक",
    "bankColor": "#00adef",
    "bankColors": [
      "#00adef",
      "#ffc430"
    ],
    "bankCountry": "in",
    "bankSite": "https://canarabank.com/",
    "bankPhone": "1800 425 0018",
    "formBackgroundColor": "#00adef",
    "formBackgroundColors": [
      "#00adef",
      "#ffc430"
    ],
    "formBackgroundLightness": "light",
    "formTextColor": "#ffffff",
    "formLogoScheme": "inverted",
    "formBorderColor": "#000000"
  },
  "in-axis": {
    "bankAlias": "in-axis",
    "bankName": "Axis Bank Ltd.",
    "bankLocalName": "एक्सिस बैंक लिमिटेड",
    "bankColor": "#97144d",
    "bankColors": [
      "#97144d",
      "#ffffff"
    ],
    "bankCountry": "in",
    "bankSite": "https://www.axisbank.com/",
    "bankPhone": "1800-419-5959",
    "formBackgroundColor": "#97144d",
    "formBackgroundColors": [
      "#97144d",
      "#df2b79"
    ],
    "formBackgroundLightness": "light",
    "formTextColor": "#ffffff",
    "formLogoScheme": "inverted",
    "formBorderColor": "#000000"
  },
  "in-ubi": {
    "bankAlias": "in-ubi",
    "bankName": "Union Bank Of India",
    "bankLocalName": "यूनियन बैंक ऑफ इंडिया",
    "bankColor": "#00569b",
    "bankColors": [
      "#00569b",
      "#cd2a36"
    ],
    "bankCountry": "in",
    "bankSite": "https://www.unionbankofindia.co.in/english/home.aspx",
    "bankPhone": "1800 22 22 44 / 1800 208 2244",
    "formBackgroundColor": "#00569b",
    "formBackgroundColors": [
      "#00569b",
      "#cd2a36"
    ],
    "formBackgroundLightness": "light",
    "formTextColor": "#ffffff",
    "formLogoScheme": "inverted",
    "formBorderColor": "#000000"
  },
  "in-idbi": {
    "bankAlias": "in-idbi",
    "bankName": "IDBI Bank",
    "bankLocalName": "आईडीबीआई बैंक",
    "bankColor": "#00836c",
    "bankColors": [
      "#00836c"
    ],
    "bankCountry": "in",
    "bankSite": "https://www.idbibank.in/",
    "bankPhone": "1800-209-4324",
    "formBackgroundColor": "#00836c",
    "formBackgroundColors": [
      "#00836c",
      "#f37021"
    ],
    "formBackgroundLightness": "light",
    "formTextColor": "#ffffff",
    "formLogoScheme": "inverted",
    "formBorderColor": "#000000"
  },
  "in-kotak-mahindra": {
    "bankAlias": "in-kotak-mahindra",
    "bankName": "Kotak Mahindra Bank",
    "bankLocalName": "कोटक महिंद्रा बैंक",
    "bankColor": "#003366",
    "bankColors": [
      "#003366",
      "#ff0000"
    ],
    "bankCountry": "in",
    "bankSite": "https://www.kotak.com/en/home.html",
    "bankPhone": "1860 266 0811",
    "formBackgroundColor": "#003366",
    "formBackgroundColors": [
      "#003366",
      "#ff0000"
    ],
    "formBackgroundLightness": "light",
    "formTextColor": "#ffffff",
    "formLogoScheme": "inverted",
    "formBorderColor": "#000000"
  },
  "in-ib": {
    "bankAlias": "in-ib",
    "bankName": "IndusInd Bank",
    "bankLocalName": "इंडसइंड बैंक",
    "bankColor": "#832625",
    "bankColors": [
      "#832625",
      "#7ed1f0"
    ],
    "bankCountry": "in",
    "bankSite": "https://www.indusind.com/in/en/personal.html",
    "bankPhone": "+91 20 3046 1600-609",
    "formBackgroundColor": "#832625",
    "formBackgroundColors": [
      "#832625",
      "#7ed1f0"
    ],
    "formBackgroundLightness": "light",
    "formTextColor": "#ffffff",
    "formLogoScheme": "inverted",
    "formBorderColor": "#000000"
  },
  "in-yes": {
    "bankAlias": "in-yes",
    "bankName": "Yes Bank",
    "bankLocalName": "यस बैंक",
    "bankColor": "#005192",
    "bankColors": [
      "#005192",
      "#c4261b"
    ],
    "bankCountry": "in",
    "bankSite": "https://www.yesbank.in/",
    "bankPhone": "+91 9552220020",
    "formBackgroundColor": "#005192",
    "formBackgroundColors": [
      "#005192",
      "#c4261b"
    ],
    "formBackgroundLightness": "light",
    "formTextColor": "#ffffff",
    "formLogoScheme": "inverted",
    "formBorderColor": "#000000"
  },
  "in-standard-chartered": {
    "bankAlias": "in-standard-chartered",
    "bankName": "Standard Chartered Bank",
    "bankLocalName": "स्टैंडर्ड चार्टर्ड बैंक",
    "bankColor": "#0473ea",
    "bankColors": [
      "#0473ea",
      "#38d200"
    ],
    "bankCountry": "in",
    "bankSite": "https://www.sc.com/in/",
    "bankPhone": "+91 80 42896753",
    "formBackgroundColor": "#0473ea",
    "formBackgroundColors": [
      "#0473ea",
      "#38d200"
    ],
    "formBackgroundLightness": "light",
    "formTextColor": "#ffffff",
    "formLogoScheme": "inverted",
    "formBorderColor": "#000000"
  }
}