{
  "at-erste": {
    "bankAlias": "at-erste",
    "bankName": "Erste Group Bank",
    "bankLocalName": "Erste Group Bank",
    "bankColor": "#00497b",
    "bankColors": [
      "#00497b",
      "#e30613"
    ],
    "bankCountry": "at",
    "bankSite": "https://www.erstegroup.com",
    "bankPhone": "00 421 915 111 888",
    "formBackgroundColor": "#00497b",
    "formBackgroundColors": [
      "#167ab7",
      "#00497b"
    ],
    "formBackgroundLightness": "dark",
    "formTextColor": "#ffffff",
    "formLogoScheme": "inverted",
    "formBorderColor": "#ffffff"
  },
  "at-raiffeisen": {
    "bankAlias": "at-raiffeisen",
    "bankName": "Raiffeisen Zentralbank",
    "bankLocalName": "Raiffeisen Zentralbank",
    "bankColor": "#fff200",
    "bankColors": [
      "#fff200",
      "#000000"
    ],
    "bankCountry": "at",
    "bankSite": "http://www.rzb.at/",
    "bankPhone": "+43-1-71707-3537",
    "formBackgroundColor": "#fff871",
    "formBackgroundColors": [
      "#fffbb9",
      "#fff871"
    ],
    "formBackgroundLightness": "light",
    "formTextColor": "#000000",
    "formLogoScheme": "original",
    "formBorderColor": "#000000"
  },
  "at-unicredit": {
    "bankAlias": "at-unicredit",
    "bankName": "UniCredit Bank Austria AG",
    "bankLocalName": "UniCredit Bank Austria AG",
    "bankColor": "#ff0000",
    "bankColors": [
      "#ff0000",
      "#000000"
    ],
    "bankCountry": "at",
    "bankSite": "https://www.bankaustria.at/",
    "bankPhone": "+43(0)50505-25",
    "formBackgroundColor": "#ff0000",
    "formBackgroundColors": [
      "#fc4e4e",
      "#ff0000"
    ],
    "formBackgroundLightness": "dark",
    "formTextColor": "#ffffff",
    "formLogoScheme": "inverted",
    "formBorderColor": "#ffffff"
  },
  "at-bawag": {
    "bankAlias": "at-bawag",
    "bankName": "BAWAG P.S.K.",
    "bankLocalName": "BAWAG P.S.K.",
    "bankColor": "#990000",
    "bankColors": [
      "#990000"
    ],
    "bankCountry": "at",
    "bankSite": "https://www.bawag.at/bawag/privatkunden",
    "bankPhone": "+43(0)5 99 05 - 995",
    "formBackgroundColor": "#c01313",
    "formBackgroundColors": [
      "#e2432e",
      "#a90707"
    ],
    "formBackgroundLightness": "dark",
    "formTextColor": "#ffffff",
    "formLogoScheme": "inverted",
    "formBorderColor": "#ffffff"
  }
}