{
  "fr-bnp": {
    "bankAlias": "fr-bnp",
    "bankName": "BNP Paribas",
    "bankLocalName": "BNP Paribas",
    "bankColor": "#00915a",
    "bankColors": [
      "#00915a",
      "#000000"
    ],
    "bankCountry": "fr",
    "bankSite": "https://mabanque.bnpparibas/",
    "bankPhone": "8~10 33 1 57 08 22 00",
    "formBackgroundColor": "#00915a",
    "formBackgroundColors": [
      "#00915a",
      "#197647"
    ],
    "formBackgroundLightness": "light",
    "formTextColor": "#ffffff",
    "formLogoScheme": "inverted",
    "formBorderColor": "#000000"
  },
  "fr-cag": {
    "bankAlias": "fr-cag",
    "bankName": "Credit Agricole Group",
    "bankLocalName": "Crédit Agricole Group",
    "bankColor": "#009787",
    "bankColors": [
      "#006675",
      "#009787",
      "#007d8f"
    ],
    "bankCountry": "fr",
    "bankSite": "https://www.credit-agricole.fr/",
    "bankPhone": "(+33) 9 69 39 92 91",
    "formBackgroundColor": "#009787",
    "formBackgroundColors": [
      "#009787",
      "#007d8f"
    ],
    "formBackgroundLightness": "light",
    "formTextColor": "#ffffff",
    "formLogoScheme": "inverted",
    "formBorderColor": "#000000"
  },
  "fr-sgg": {
    "bankAlias": "fr-sgg",
    "bankName": "Societe Generale Group",
    "bankLocalName": "Societe Generale Group",
    "bankColor": "#e60028",
    "bankColors": [
      "#e60028",
      "#000000"
    ],
    "bankCountry": "fr",
    "bankSite": "https://www.societegenerale.com/fr",
    "bankPhone": "+33 1 42 14 20 00",
    "formBackgroundColor": "#e60028",
    "formBackgroundColors": [
      "#e60028",
      "#000000"
    ],
    "formBackgroundLightness": "light",
    "formTextColor": "#ffffff",
    "formLogoScheme": "inverted",
    "formBorderColor": "#000000"
  },
  "fr-bpce": {
    "bankAlias": "fr-bpce",
    "bankName": "BPCE Group",
    "bankLocalName": "Groupe BPCE",
    "bankColor": "#5a1d81",
    "bankColors": [
      "#5a1d81",
      "#000000"
    ],
    "bankCountry": "fr",
    "bankSite": "https://groupebpce.com/",
    "bankPhone": "+ 33 (0)1 58 40 41 42",
    "formBackgroundColor": "#5a1d81",
    "formBackgroundColors": [
      "#5a1d81",
      "#8d0be1"
    ],
    "formBackgroundLightness": "light",
    "formTextColor": "#ffffff",
    "formLogoScheme": "inverted",
    "formBorderColor": "#000000"
  },
  "fr-credit-mutuel": {
    "bankAlias": "fr-credit-mutuel",
    "bankName": "Mutual Credit",
    "bankLocalName": "Credit Mutuel",
    "bankColor": "#de0029",
    "bankColors": [
      "#de0029",
      "#4471a8"
    ],
    "bankCountry": "fr",
    "bankSite": "https://www.creditmutuel.fr/home/index.html",
    "bankPhone": "03 88 40 10 00",
    "formBackgroundColor": "#de0029",
    "formBackgroundColors": [
      "#de0029",
      "#4471a8"
    ],
    "formBackgroundLightness": "light",
    "formTextColor": "#ffffff",
    "formLogoScheme": "inverted",
    "formBorderColor": "#000000"
  },
  "fr-credit-nord": {
    "bankAlias": "fr-credit-nord",
    "bankName": "Credit North",
    "bankLocalName": "Credit du Nord",
    "bankColor": "#008ed5",
    "bankColors": [
      "#008ed5",
      "#033e64"
    ],
    "bankCountry": "fr",
    "bankSite": "https://www.credit-du-nord.fr/",
    "bankPhone": "00 33 1 41 86 75 20",
    "formBackgroundColor": "#008ed5",
    "formBackgroundColors": [
      "#008ed5",
      "#004c72"
    ],
    "formBackgroundLightness": "light",
    "formTextColor": "#ffffff",
    "formLogoScheme": "inverted",
    "formBorderColor": "#000000"
  },
  "fr-postale": {
    "bankAlias": "fr-postale",
    "bankName": "The Postal Bank",
    "bankLocalName": "La Banque Postale",
    "bankColor": "#17479e",
    "bankColors": [
      "#17479e",
      "#0c2b77"
    ],
    "bankCountry": "fr",
    "bankSite": "https://www.labanquepostale.fr/",
    "bankPhone": "09 69 39 99 98",
    "formBackgroundColor": "#17479e",
    "formBackgroundColors": [
      "#17479e",
      "#0c2b77"
    ],
    "formBackgroundLightness": "light",
    "formTextColor": "#ffffff",
    "formLogoScheme": "inverted",
    "formBorderColor": "#000000"
  },
  "fr-hsbc": {
    "bankAlias": "fr-hsbc",
    "bankName": "HSBC France",
    "bankLocalName": "HSBC France",
    "bankColor": "#db0011",
    "bankColors": [
      "#db0011",
      "#000000"
    ],
    "bankCountry": "fr",
    "bankSite": "https://www.hsbc.fr/",
    "bankPhone": "8~10 44 1226 261010",
    "formBackgroundColor": "#db0011",
    "formBackgroundColors": [
      "#db0011",
      "#e35d68"
    ],
    "formBackgroundLightness": "light",
    "formTextColor": "#ffffff",
    "formLogoScheme": "inverted",
    "formBorderColor": "#000000"
  },
  "fr-ce": {
    "bankAlias": "fr-ce",
    "bankName": "Savings Bank",
    "bankLocalName": "Caisse d’Epargne",
    "bankColor": "#ac000c",
    "bankColors": [
      "#ac000c",
      "#f40516"
    ],
    "bankCountry": "fr",
    "bankSite": "https://www.caisse-epargne.fr/",
    "bankPhone": "8~10 33 9 69 36 27 38",
    "formBackgroundColor": "#ac000c",
    "formBackgroundColors": [
      "#ac000c",
      "#e40414"
    ],
    "formBackgroundLightness": "light",
    "formTextColor": "#ffffff",
    "formLogoScheme": "inverted",
    "formBorderColor": "#000000"
  },
  "fr-cic": {
    "bankAlias": "fr-cic",
    "bankName": "Industrial and commercial credit",
    "bankLocalName": "Crédit industriel et commercial",
    "bankColor": "#2a4290",
    "bankColors": [
      "#2a4290",
      "#00848a",
      "#ca4e19"
    ],
    "bankCountry": "fr",
    "bankSite": "https://www.cic.fr/fr/index.html",
    "bankPhone": "8~10 33 3 83 97 89 37",
    "formBackgroundColor": "#2a4290",
    "formBackgroundColors": [
      "#2a4290",
      "#00848a"
    ],
    "formBackgroundLightness": "light",
    "formTextColor": "#ffffff",
    "formLogoScheme": "inverted",
    "formBorderColor": "#000000"
  },
  "fr-lcl": {
    "bankAlias": "fr-lcl",
    "bankName": "Credit Lyonnais (LCL)",
    "bankLocalName": "Credit Lyonnais (LCL)",
    "bankColor": "#272e80",
    "bankColors": [
      "#272e80",
      "#ffa702"
    ],
    "bankCountry": "fr",
    "bankSite": "https://www.lcl.fr/",
    "bankPhone": "+33 9 69 36 30 30",
    "formBackgroundColor": "#272e80",
    "formBackgroundColors": [
      "#272e80",
      "#ffa702"
    ],
    "formBackgroundLightness": "light",
    "formTextColor": "#ffffff",
    "formLogoScheme": "inverted",
    "formBorderColor": "#000000"
  },
  "fr-ab": {
    "bankAlias": "fr-ab",
    "bankName": "Arkea Bank",
    "bankLocalName": "Arkéa Banque",
    "bankColor": "#e43439",
    "bankColors": [
      "#e43439",
      "#ffffff"
    ],
    "bankCountry": "fr",
    "bankSite": "https://site.arkea-banque-ei.com/",
    "bankPhone": "+ 33 (0)2 98 00 22 22.",
    "formBackgroundColor": "#e43439",
    "formBackgroundColors": [
      "#e43439",
      "#b60b10"
    ],
    "formBackgroundLightness": "light",
    "formTextColor": "#ffffff",
    "formLogoScheme": "inverted",
    "formBorderColor": "#000000"
  },
  "fr-natixis": {
    "bankAlias": "fr-natixis",
    "bankName": "Natixis",
    "bankLocalName": "Natixis",
    "bankColor": "#581d74",
    "bankColors": [
      "#581d74",
      "#7f0fb4"
    ],
    "bankCountry": "fr",
    "bankSite": "https://www.natixis.com/natixis/fr/accueil-j_6.html",
    "bankPhone": "800-225-5478",
    "formBackgroundColor": "#581d74",
    "formBackgroundColors": [
      "#581d74",
      "#8407bf"
    ],
    "formBackgroundLightness": "light",
    "formTextColor": "#ffffff",
    "formLogoScheme": "inverted",
    "formBorderColor": "#000000"
  }
}