{
  "it-carige": {
    "bankAlias": "it-carige",
    "bankName": "Banca Carige",
    "bankLocalName": "Banca Carige",
    "bankColor": "#029ba3",
    "bankColors": [
      "#029ba3"
    ],
    "bankCountry": "it",
    "bankSite": "https://www.gruppocarige.it/grpwps/portal/it/persone",
    "bankPhone": "800 01 00 90",
    "formBackgroundColor": "#029ba3",
    "formBackgroundColors": [
      "#029ba3",
      "#5edfe6"
    ],
    "formBackgroundLightness": "light",
    "formTextColor": "#ffffff",
    "formLogoScheme": "inverted",
    "formBorderColor": "#000000"
  },
  "it-bibanca": {
    "bankAlias": "it-bibanca",
    "bankName": "Bibanca",
    "bankLocalName": "Bibanca",
    "bankColor": "#d5548f",
    "bankColors": [
      "#d5548f",
      "#8ac43f",
      "#236397"
    ],
    "bankCountry": "it",
    "bankSite": "https://www.bibanca.it/",
    "bankPhone": "+39 059 2919622",
    "formBackgroundColor": "#d5548f",
    "formBackgroundColors": [
      "#d5548f",
      "#8ac43f"
    ],
    "formBackgroundLightness": "light",
    "formTextColor": "#ffffff",
    "formLogoScheme": "inverted",
    "formBorderColor": "#000000"
  },
  "it-iccrea": {
    "bankAlias": "it-iccrea",
    "bankName": "ICCREA Banca",
    "bankLocalName": "ICCREA Banca",
    "bankColor": "#03904f",
    "bankColors": [
      "#03904f",
      "#1b408c"
    ],
    "bankCountry": "it",
    "bankSite": "https://www.iccreabanca.it/it-IT/Pagine/default.aspx",
    "bankPhone": "(+39) 06 7207.1",
    "formBackgroundColor": "#03904f",
    "formBackgroundColors": [
      "#03904f",
      "#1b408c"
    ],
    "formBackgroundLightness": "light",
    "formTextColor": "#ffffff",
    "formLogoScheme": "inverted",
    "formBorderColor": "#000000"
  },
  "it-findomestic": {
    "bankAlias": "it-findomestic",
    "bankName": "Findomestic Banca",
    "bankLocalName": "Findomestic Banca",
    "bankColor": "#378e2b",
    "bankColors": [
      "#378e2b",
      "#378e2b"
    ],
    "bankCountry": "it",
    "bankSite": "https://www.findomestic.it/",
    "bankPhone": "848 844 999",
    "formBackgroundColor": "#378e2b",
    "formBackgroundColors": [
      "#378e2b",
      "#74c369"
    ],
    "formBackgroundLightness": "light",
    "formTextColor": "#ffffff",
    "formLogoScheme": "inverted",
    "formBorderColor": "#000000"
  },
  "it-spa": {
    "bankAlias": "it-spa",
    "bankName": "Poste Italiane S.p.A.",
    "bankLocalName": "Poste Italiane S.p.A.",
    "bankColor": "#005cab",
    "bankColors": [
      "#005cab",
      "#eedc00"
    ],
    "bankCountry": "it",
    "bankSite": "https://www.posteitaliane.it/en/index.html",
    "bankPhone": "+39 06 5958.1",
    "formBackgroundColor": "#005cab",
    "formBackgroundColors": [
      "#005cab",
      "#eedc00"
    ],
    "formBackgroundLightness": "light",
    "formTextColor": "#ffffff",
    "formLogoScheme": "inverted",
    "formBorderColor": "#000000"
  },
  "it-bndl": {
    "bankAlias": "it-bndl",
    "bankName": "National Bank of Labor",
    "bankLocalName": "Banca Nazionale del Lavoro",
    "bankColor": "#057d5d",
    "bankColors": [
      "#057d5d"
    ],
    "bankCountry": "it",
    "bankSite": "https://bnl.it/it",
    "bankPhone": "+390697744144",
    "formBackgroundColor": "#057d5d",
    "formBackgroundColors": [
      "#057d5d",
      "#ffffff"
    ],
    "formBackgroundLightness": "light",
    "formTextColor": "#ffffff",
    "formLogoScheme": "inverted",
    "formBorderColor": "#000000"
  },
  "it-mdpds": {
    "bankAlias": "it-mdpds",
    "bankName": "Monte dei Paschi di Siena",
    "bankLocalName": "Monte dei Paschi di Siena",
    "bankColor": "#99042f",
    "bankColors": [
      "#99042f",
      "#000000"
    ],
    "bankCountry": "it",
    "bankSite": "https://www.mps.it/",
    "bankPhone": "-",
    "formBackgroundColor": "#99042f",
    "formBackgroundColors": [
      "#99042f",
      "#be2e57"
    ],
    "formBackgroundLightness": "light",
    "formTextColor": "#ffffff",
    "formLogoScheme": "inverted",
    "formBorderColor": "#000000"
  },
  "it-bpm": {
    "bankAlias": "it-bpm",
    "bankName": "Banco BPM",
    "bankLocalName": "Banco BPM",
    "bankColor": "#00755c",
    "bankColors": [
      "#00205b",
      "#00755c"
    ],
    "bankCountry": "it",
    "bankSite": "https://www.bancobpm.it/",
    "bankPhone": "-",
    "formBackgroundColor": "#00205b",
    "formBackgroundColors": [
      "#00205b",
      "#00755c"
    ],
    "formBackgroundLightness": "light",
    "formTextColor": "#ffffff",
    "formLogoScheme": "inverted",
    "formBorderColor": "#000000"
  },
  "it-unicredit": {
    "bankAlias": "it-unicredit",
    "bankName": "Unicredit Italia",
    "bankLocalName": "Unicredit Italia",
    "bankColor": "#e2001a",
    "bankColors": [
      "#e2001a",
      "#000000"
    ],
    "bankCountry": "it",
    "bankSite": "https://www.unicredit.it/it/privati.html",
    "bankPhone": "800.57.57.57",
    "formBackgroundColor": "#e2001a",
    "formBackgroundColors": [
      "#e2001a",
      "#f56d7d"
    ],
    "formBackgroundLightness": "light",
    "formTextColor": "#ffffff",
    "formLogoScheme": "inverted",
    "formBorderColor": "#000000"
  },
  "it-intesa": {
    "bankAlias": "it-intesa",
    "bankName": "Intesa Sanpaolo",
    "bankLocalName": "Intesa Sanpaolo",
    "bankColor": "#258900",
    "bankColors": [
      "#258900",
      "#e98a42"
    ],
    "bankCountry": "it",
    "bankSite": "https://www.intesasanpaolo.com/",
    "bankPhone": "+39 011 8019.200",
    "formBackgroundColor": "#258900",
    "formBackgroundColors": [
      "#258900",
      "#52c229"
    ],
    "formBackgroundLightness": "light",
    "formTextColor": "#ffffff",
    "formLogoScheme": "inverted",
    "formBorderColor": "#e98a42"
  }
}