{
  "cn-icbc": {
    "bankAlias": "cn-icbc",
    "bankName": "Industrial and Commercial Bank of China",
    "bankLocalName": "Industrial and Commercial Bank of China",
    "bankColor": "#c7000b",
    "bankColors": [
      "#c7000b",
      "#f2f2f2"
    ],
    "bankCountry": "cn",
    "bankSite": "http://www.icbc.com.cn/icbc/",
    "bankPhone": "95588",
    "formBackgroundColor": "#c7000b",
    "formBackgroundColors": [
      "#c7000b",
      "#9b0009"
    ],
    "formBackgroundLightness": "light",
    "formTextColor": "#ffffff",
    "formLogoScheme": "inverted",
    "formBorderColor": "#000000"
  },
  "cn-boc": {
    "bankAlias": "cn-boc",
    "bankName": "Bank of China",
    "bankLocalName": "中國銀行",
    "bankColor": "#a71e32",
    "bankColors": [
      "#a71e32",
      "#ffffff"
    ],
    "bankCountry": "cn",
    "bankSite": "https://www.boc.cn/",
    "bankPhone": "95566",
    "formBackgroundColor": "#a71e32",
    "formBackgroundColors": [
      "#a71e32",
      "#d70624"
    ],
    "formBackgroundLightness": "light",
    "formTextColor": "#ffffff",
    "formLogoScheme": "inverted",
    "formBorderColor": "#000000"
  },
  "cn-abc": {
    "bankAlias": "cn-abc",
    "bankName": "Agricultural Bank of China",
    "bankLocalName": "中國農業銀行",
    "bankColor": "#6abfba",
    "bankColors": [
      "#6abfba",
      "#000000"
    ],
    "bankCountry": "cn",
    "bankSite": "https://www.abchina.com/cn/",
    "bankPhone": "95599",
    "formBackgroundColor": "#6abfba",
    "formBackgroundColors": [
      "#6abfba",
      "#6fe4dd"
    ],
    "formBackgroundLightness": "light",
    "formTextColor": "#ffffff",
    "formLogoScheme": "inverted",
    "formBorderColor": "#000000"
  },
  "cn-construction": {
    "bankAlias": "cn-construction",
    "bankName": "China Construction Bank",
    "bankLocalName": "中國建設銀行",
    "bankColor": "#0066b3",
    "bankColors": [
      "#0066b3",
      "#000000"
    ],
    "bankCountry": "cn",
    "bankSite": "http://en.ccb.com/en/home/indexv3.html",
    "bankPhone": "852-3918-6212",
    "formBackgroundColor": "#0066b3",
    "formBackgroundColors": [
      "#0066b3",
      "#0e84de"
    ],
    "formBackgroundLightness": "light",
    "formTextColor": "#ffffff",
    "formLogoScheme": "inverted",
    "formBorderColor": "#000000"
  },
  "cn-communications": {
    "bankAlias": "cn-communications",
    "bankName": "Bank of Communications",
    "bankLocalName": "交通銀行",
    "bankColor": "#074da6",
    "bankColors": [
      "#074da6",
      "#0b5bc0"
    ],
    "bankCountry": "cn",
    "bankSite": "https://www.bankcomm.com/BankCommSite/default.shtml",
    "bankPhone": "95559",
    "formBackgroundColor": "#074da6",
    "formBackgroundColors": [
      "#074da6",
      "#085dc7"
    ],
    "formBackgroundLightness": "light",
    "formTextColor": "#ffffff",
    "formLogoScheme": "inverted",
    "formBorderColor": "#000000"
  },
  "cn-shanghai-pudong-development": {
    "bankAlias": "cn-shanghai-pudong-development",
    "bankName": "Shanghai Pudong Development Bank",
    "bankLocalName": "上海浦東發展銀行",
    "bankColor": "#004790",
    "bankColors": [
      "#004790",
      "#0a5db2"
    ],
    "bankCountry": "cn",
    "bankSite": "https://www.spdb.com.cn/",
    "bankPhone": "95528",
    "formBackgroundColor": "#004790",
    "formBackgroundColors": [
      "#004790",
      "#025fbd"
    ],
    "formBackgroundLightness": "light",
    "formTextColor": "#ffffff",
    "formLogoScheme": "inverted",
    "formBorderColor": "#000000"
  },
  "cn-guangfa": {
    "bankAlias": "cn-guangfa",
    "bankName": "China Guangfa Bank",
    "bankLocalName": "廣發銀行",
    "bankColor": "#be0018",
    "bankColors": [
      "#be0018",
      "#000000"
    ],
    "bankCountry": "cn",
    "bankSite": "http://www.cgbchina.com.cn/",
    "bankPhone": "400-830-8003",
    "formBackgroundColor": "#be0018",
    "formBackgroundColors": [
      "#be0018",
      "#e34054"
    ],
    "formBackgroundLightness": "light",
    "formTextColor": "#ffffff",
    "formLogoScheme": "inverted",
    "formBorderColor": "#000000"
  },
  "cn-citic-bank-corp": {
    "bankAlias": "cn-citic-bank-corp",
    "bankName": "China Citic Bank Corp",
    "bankLocalName": "中信銀行",
    "bankColor": "#e31e24",
    "bankColors": [
      "#e31e24",
      "#004898"
    ],
    "bankCountry": "cn",
    "bankSite": "http://www.citicbank.com/",
    "bankPhone": "95558",
    "formBackgroundColor": "#e31e24",
    "formBackgroundColors": [
      "#e31e24",
      "#e7787b"
    ],
    "formBackgroundLightness": "light",
    "formTextColor": "#ffffff",
    "formLogoScheme": "inverted",
    "formBorderColor": "#000000"
  },
  "cn-merchants": {
    "bankAlias": "cn-merchants",
    "bankName": "China Merchants Bank",
    "bankLocalName": "招商銀行",
    "bankColor": "#a30030",
    "bankColors": [
      "#a30030",
      "#ffffff"
    ],
    "bankCountry": "cn",
    "bankSite": "http://www.cmbchina.com//",
    "bankPhone": "95555",
    "formBackgroundColor": "#a30030",
    "formBackgroundColors": [
      "#a30030",
      "#d71818"
    ],
    "formBackgroundLightness": "light",
    "formTextColor": "#ffffff",
    "formLogoScheme": "inverted",
    "formBorderColor": "#000000"
  },
  "cn-everbright": {
    "bankAlias": "cn-everbright",
    "bankName": "China Everbright Bank",
    "bankLocalName": "中國光大銀行",
    "bankColor": "#ffb34e",
    "bankColors": [
      "#ffb34e",
      "#70328e"
    ],
    "bankCountry": "cn",
    "bankSite": "http://www.cebbank.com/",
    "bankPhone": "+86-10-63636388",
    "formBackgroundColor": "#ffb34e",
    "formBackgroundColors": [
      "#ffb34e",
      "#70328e"
    ],
    "formBackgroundLightness": "light",
    "formTextColor": "#ffffff",
    "formLogoScheme": "inverted",
    "formBorderColor": "#000000"
  }
}