{
  "us-discover": {
    "bankAlias": "us-discover",
    "bankName": "Discover",
    "bankLocalName": "Discover",
    "bankColor": "#e06116",
    "bankColors": [
      "#e06116"
    ],
    "bankCountry": "us",
    "bankSite": "https://www.discover.com/",
    "bankPhone": "810 1 801-902-3100",
    "formBackgroundColor": "#ededed",
    "formBackgroundColors": [
      "#f1f1f1",
      "#e6e6e6"
    ],
    "formBackgroundLightness": "light",
    "formTextColor": "#000000",
    "formLogoScheme": "original",
    "formBorderColor": "#cfcfcf"
  },
  "us-amex": {
    "bankAlias": "us-amex",
    "bankName": "American Expreess",
    "bankLocalName": "American Expreess",
    "bankColor": "#016fd0",
    "bankColors": [
      "#016fd0"
    ],
    "bankCountry": "us",
    "bankSite": "https://www.americanexpress.com/",
    "bankPhone": "1-800-528-4800",
    "formBackgroundColor": "#016fd0",
    "formBackgroundColors": [
      "#016fd0",
      "#003e73"
    ],
    "formBackgroundLightness": "dark",
    "formTextColor": "#ffffff",
    "formLogoScheme": "inverted",
    "formBorderColor": "#ffffff"
  },
  "us-wells-fargo": {
    "bankAlias": "us-wells-fargo",
    "bankName": "Wells Fargo",
    "bankLocalName": "Wells Fargo",
    "bankColor": "#bc1919",
    "bankColors": [
      "#bc1919",
      "#eec531"
    ],
    "bankCountry": "us",
    "bankSite": "https://www.wellsfargo.com/",
    "bankPhone": "1-800-869-3557",
    "formBackgroundColor": "#fdf7e2",
    "formBackgroundColors": [
      "#fdf7e2",
      "#eee1b4"
    ],
    "formBackgroundLightness": "light",
    "formTextColor": "#000000",
    "formLogoScheme": "original",
    "formBorderColor": "#ababab"
  },
  "us-bank-of-america": {
    "bankAlias": "us-bank-of-america",
    "bankName": "Bank of America",
    "bankLocalName": "Bank of America",
    "bankColor": "#e31837",
    "bankColors": [
      "#e31837",
      "#012169"
    ],
    "bankCountry": "us",
    "bankSite": "https://www.bankofamerica.com/",
    "bankPhone": "810 1 315-724-4022",
    "formBackgroundColor": "#e31837",
    "formBackgroundColors": [
      "#e31837",
      "#98021b"
    ],
    "formBackgroundLightness": "dark",
    "formTextColor": "#ffffff",
    "formLogoScheme": "inverted",
    "formBorderColor": "#ffffff"
  },
  "us-chase": {
    "bankAlias": "us-chase",
    "bankName": "JPMorgan Chase",
    "bankLocalName": "JPMorgan Chase",
    "bankColor": "#117aca",
    "bankColors": [
      "#117aca",
      "#211e1e"
    ],
    "bankCountry": "us",
    "bankSite": "https://www.chase.com/",
    "bankPhone": "1-800-935-9935",
    "formBackgroundColor": "#117aca",
    "formBackgroundColors": [
      "#117aca",
      "#025391"
    ],
    "formBackgroundLightness": "dark",
    "formTextColor": "#ffffff",
    "formLogoScheme": "inverted",
    "formBorderColor": "#ffffff"
  },
  "us-us-bank": {
    "bankAlias": "us-us-bank",
    "bankName": "U.S. Bank",
    "bankLocalName": "U.S. Bank",
    "bankColor": "#1a2571",
    "bankColors": [
      "#1a2571",
      "#bf2330"
    ],
    "bankCountry": "us",
    "bankSite": "https://www.usbank.com/",
    "bankPhone": "800-872-2657",
    "formBackgroundColor": "#1a2571",
    "formBackgroundColors": [
      "#1a2571",
      "#060d3f"
    ],
    "formBackgroundLightness": "dark",
    "formTextColor": "#ffffff",
    "formLogoScheme": "inverted",
    "formBorderColor": "#ffffff"
  },
  "us-fifth-third": {
    "bankAlias": "us-fifth-third",
    "bankName": "Fifth Third Bank",
    "bankLocalName": "Fifth Third Bank",
    "bankColor": "#1b459c",
    "bankColors": [
      "#1b459c",
      "#00ae64"
    ],
    "bankCountry": "us",
    "bankSite": "https://www.53.com/",
    "bankPhone": "1-866-671-5353",
    "formBackgroundColor": "#1b459c",
    "formBackgroundColors": [
      "#1b459c",
      "#052463"
    ],
    "formBackgroundLightness": "dark",
    "formTextColor": "#ffffff",
    "formLogoScheme": "inverted",
    "formBorderColor": "#ffffff"
  },
  "us-pnc": {
    "bankAlias": "us-pnc",
    "bankName": "PNC",
    "bankLocalName": "PNC",
    "bankColor": "#f58025",
    "bankColors": [
      "#f58025",
      "#2d5187"
    ],
    "bankCountry": "us",
    "bankSite": "https://www.pnc.com/en/personal-banking.html",
    "bankPhone": "1-888-762-2265",
    "formBackgroundColor": "#2d5187",
    "formBackgroundColors": [
      "#2d5187",
      "#0a244b"
    ],
    "formBackgroundLightness": "dark",
    "formTextColor": "#ffffff",
    "formLogoScheme": "inverted",
    "formBorderColor": "#ffffff"
  },
  "us-bokf": {
    "bankAlias": "us-bokf",
    "bankName": "BOK Financial Corporation",
    "bankLocalName": "BOK Financial Corporation",
    "bankColor": "#c41230",
    "bankColors": [
      "#c41230"
    ],
    "bankCountry": "us",
    "bankSite": "https://www.bokfinancial.com/",
    "bankPhone": "866 910-5224",
    "formBackgroundColor": "#c41230",
    "formBackgroundColors": [
      "#c41230",
      "#890116"
    ],
    "formBackgroundLightness": "dark",
    "formTextColor": "#ffffff",
    "formLogoScheme": "inverted",
    "formBorderColor": "#ffffff"
  },
  "us-capittal-one": {
    "bankAlias": "us-capittal-one",
    "bankName": "Capital One",
    "bankLocalName": "Capital One",
    "bankColor": "#004977",
    "bankColors": [
      "#004977",
      "#d03027"
    ],
    "bankCountry": "us",
    "bankSite": "https://www.capitalone.com/",
    "bankPhone": "1-877-383-4802",
    "formBackgroundColor": "#004977",
    "formBackgroundColors": [
      "#004977",
      "#002035"
    ],
    "formBackgroundLightness": "dark",
    "formTextColor": "#ffffff",
    "formLogoScheme": "inverted",
    "formBorderColor": "#ffffff"
  },
  "us-citi-bank": {
    "bankAlias": "us-citi-bank",
    "bankName": "Citi",
    "bankLocalName": "Citi",
    "bankColor": "#004384",
    "bankColors": [
      "#003b70",
      "#d9261c"
    ],
    "bankCountry": "us",
    "bankSite": "https://online.citi.com/US/login.do",
    "bankPhone": "1-800-374-9700",
    "formBackgroundColor": "#07bcf2",
    "formBackgroundColors": [
      "#07bcf2",
      "#004987"
    ],
    "formBackgroundLightness": "dark",
    "formTextColor": "#ffffff",
    "formLogoScheme": "inverted",
    "formBorderColor": "#ffffff"
  },
  "us-ny-mellon": {
    "bankAlias": "us-ny-mellon",
    "bankName": "Bank of New York Mellon",
    "bankLocalName": "Bank of New York Mellon",
    "bankColor": "#ab8432",
    "bankColors": [
      "#ab8432",
      "#4c4b4c"
    ],
    "bankCountry": "us",
    "bankSite": "https://www.bnymellon.com/",
    "bankPhone": "+1 212 495 1784",
    "formBackgroundColor": "#ededed",
    "formBackgroundColors": [
      "#ededed",
      "#d8d8d8"
    ],
    "formBackgroundLightness": "light",
    "formTextColor": "#4c4b4c",
    "formLogoScheme": "original",
    "formBorderColor": "#b8b8b8"
  },
  "us-td": {
    "bankAlias": "us-td",
    "bankName": "TD Bank",
    "bankLocalName": "TD Bank",
    "bankColor": "#54b848",
    "bankColors": [
      "#54b848",
      "#003f2d"
    ],
    "bankCountry": "us",
    "bankSite": "https://www.td.com/us/en/personal-banking/",
    "bankPhone": "888-751-9000",
    "formBackgroundColor": "#54b848",
    "formBackgroundColors": [
      "#54b848",
      "#003f2d"
    ],
    "formBackgroundLightness": "dark",
    "formTextColor": "#ffffff",
    "formLogoScheme": "inverted",
    "formBorderColor": "#ffffff"
  },
  "us-hsbc": {
    "bankAlias": "us-hsbc",
    "bankName": "HSBC Bank",
    "bankLocalName": "HSBC Bank",
    "bankColor": "#db0011",
    "bankColors": [
      "#db0011"
    ],
    "bankCountry": "us",
    "bankSite": "https://www.us.hsbc.com/",
    "bankPhone": "800-975-4722",
    "formBackgroundColor": "#db0011",
    "formBackgroundColors": [
      "#db0011",
      "#a5000e"
    ],
    "formBackgroundLightness": "dark",
    "formTextColor": "#ffffff",
    "formLogoScheme": "inverted",
    "formBorderColor": "#ffffff"
  },
  "us-barclays": {
    "bankAlias": "us-barclays",
    "bankName": "Barclays",
    "bankLocalName": "Barclays",
    "bankColor": "#00aeef",
    "bankColors": [
      "#00aeef"
    ],
    "bankCountry": "us",
    "bankSite": "https://cards.barclaycardus.com/",
    "bankPhone": "877-523-0478",
    "formBackgroundColor": "#00aeef",
    "formBackgroundColors": [
      "#00aeef",
      "#477daa"
    ],
    "formBackgroundLightness": "dark",
    "formTextColor": "#ffffff",
    "formLogoScheme": "inverted",
    "formBorderColor": "#ffffff"
  },
  "us-santander": {
    "bankAlias": "us-santander",
    "bankName": "Santander Bank",
    "bankLocalName": "Santander Bank",
    "bankColor": "#ea1d25",
    "bankColors": [
      "#ea1d25"
    ],
    "bankCountry": "us",
    "bankSite": "https://www.santanderbank.com/us/personal",
    "bankPhone": "877-768-2265",
    "formBackgroundColor": "#ea1d25",
    "formBackgroundColors": [
      "#ea1d25",
      "#ab040b"
    ],
    "formBackgroundLightness": "dark",
    "formTextColor": "#ffffff",
    "formLogoScheme": "inverted",
    "formBorderColor": "#ffffff"
  },
  "us-alliant": {
    "bankAlias": "us-alliant",
    "bankName": "Alliant",
    "bankLocalName": "Alliant",
    "bankColor": "#57a0e0",
    "bankColors": [
      "#57a0e0",
      "#95bd16",
      "#294b86"
    ],
    "bankCountry": "us",
    "bankSite": "https://www.alliantcreditunion.org/",
    "bankPhone": "800-328-1935",
    "formBackgroundColor": "#57a0e0",
    "formBackgroundColors": [
      "#57a0e0",
      "#294b86"
    ],
    "formBackgroundLightness": "dark",
    "formTextColor": "#ffffff",
    "formLogoScheme": "inverted",
    "formBorderColor": "#ffffff"
  },
  "us-cscu": {
    "bankAlias": "us-cscu",
    "bankName": "Card Services for Credit Unions",
    "bankLocalName": "Card Services for Credit Unions",
    "bankColor": "#4b79e1",
    "bankColors": [
      "#4b79e1"
    ],
    "bankCountry": "us",
    "bankSite": "https://www.cscu.net/",
    "bankPhone": "",
    "formBackgroundColor": "#4b79e1",
    "formBackgroundColors": [
      "#4b79e1",
      "#1744a8"
    ],
    "formBackgroundLightness": "dark",
    "formTextColor": "#ffffff",
    "formLogoScheme": "inverted",
    "formBorderColor": "#ffffff"
  }
}