{
  "tr-ziraat": {
    "bankAlias": "tr-ziraat",
    "bankName": "Ziraat Bankası",
    "bankLocalName": "Ziraat Bankası",
    "bankColor": "#e10514",
    "bankColors": [
      "#e7e7e5"
    ],
    "bankCountry": "tr",
    "bankSite": "https://www.ziraatbank.com.tr/",
    "bankPhone": "0850 220 00 00",
    "formBackgroundColor": "#e10514",
    "formBackgroundColors": [
      "#e10514",
      "#ec2235"
    ],
    "formBackgroundLightness": "dark",
    "formTextColor": "#ffffff",
    "formLogoScheme": "inverted",
    "formBorderColor": "#ffffff"
  },
  "tr-isbank": {
    "bankAlias": "tr-isbank",
    "bankName": "Türkiye İş Bankası",
    "bankLocalName": "Türkiye İş Bankası",
    "bankColor": "#013682",
    "bankColors": [
      "#013682"
    ],
    "bankCountry": "tr",
    "bankSite": "https://www.isbank.com.tr/",
    "bankPhone": "0850 724 0 724",
    "formBackgroundColor": "#013682",
    "formBackgroundColors": [
      "#013682",
      "#1c5abb"
    ],
    "formBackgroundLightness": "dark",
    "formTextColor": "#fffbfb",
    "formLogoScheme": "inverted",
    "formBorderColor": "#ffffff"
  },
  "tr-sekerbank": {
    "bankAlias": "tr-sekerbank",
    "bankName": "SekerBank",
    "bankLocalName": "SekerBank",
    "bankColor": "#007a3d",
    "bankColors": [
      "#007a3d"
    ],
    "bankCountry": "tr",
    "bankSite": "https://www.sekerbank.com.tr/",
    "bankPhone": "0850 222 78 78",
    "formBackgroundColor": "#007a3d",
    "formBackgroundColors": [
      "#007a3d",
      "#21a531"
    ],
    "formBackgroundLightness": "dark",
    "formTextColor": "#ffffff",
    "formLogoScheme": "inverted",
    "formBorderColor": "#ffffff"
  },
  "tr-odeabank": {
    "bankAlias": "tr-odeabank",
    "bankName": "OdeaBank",
    "bankLocalName": "OdeaBank",
    "bankColor": "#000000",
    "bankColors": [
      "#f5cf28"
    ],
    "bankCountry": "tr",
    "bankSite": "https://www.odeabank.com.tr/",
    "bankPhone": "444 8 444",
    "formBackgroundColor": "#f5cf28",
    "formBackgroundColors": [
      "#f5cf28",
      "#fde58a"
    ],
    "formBackgroundLightness": "light",
    "formTextColor": "#000000",
    "formLogoScheme": "original",
    "formBorderColor": "#000000"
  },
  "tr-ing": {
    "bankAlias": "tr-ing",
    "bankName": "ING Bank",
    "bankLocalName": "ING Bank",
    "bankColor": "#ff6600",
    "bankColors": [
      "#042e6f"
    ],
    "bankCountry": "tr",
    "bankSite": "https://www.ing.com.tr/",
    "bankPhone": "0850 222 0 600",
    "formBackgroundColor": "#042e6f",
    "formBackgroundColors": [
      "#042e6f",
      "#1e50a1"
    ],
    "formBackgroundLightness": "dark",
    "formTextColor": "#ffffff",
    "formLogoScheme": "inverted",
    "formBorderColor": "#ffffff"
  },
  "tr-qnbfinansbank": {
    "bankAlias": "tr-qnbfinansbank",
    "bankName": "QNB Finansbank",
    "bankLocalName": "QNB Finansbank",
    "bankColor": "#1d64a0",
    "bankColors": [
      "#911c5a"
    ],
    "bankCountry": "tr",
    "bankSite": "https://www.qnbfinansbank.com/",
    "bankPhone": "0 850 222 0 900",
    "formBackgroundColor": "#911c5a",
    "formBackgroundColors": [
      "#911c5a",
      "#e578b3"
    ],
    "formBackgroundLightness": "dark",
    "formTextColor": "#ffffff",
    "formLogoScheme": "inverted",
    "formBorderColor": "#ffffff"
  },
  "tr-teb": {
    "bankAlias": "tr-teb",
    "bankName": "Turk Ekonomi Bankasi",
    "bankLocalName": "Turk Ekonomi Bankasi",
    "bankColor": "#00854c",
    "bankColors": [
      "#00854c"
    ],
    "bankCountry": "tr",
    "bankSite": "https://www.teb.com.tr/",
    "bankPhone": "+90 0216 635 35 35",
    "formBackgroundColor": "#eafff7",
    "formBackgroundColors": [
      "#eafff7",
      "#f3f8f6"
    ],
    "formBackgroundLightness": "light",
    "formTextColor": "#0c3522",
    "formLogoScheme": "original",
    "formBorderColor": "#08633c"
  },
  "tr-vakifbank": {
    "bankAlias": "tr-vakifbank",
    "bankName": "VakifBank",
    "bankLocalName": "VakifBank",
    "bankColor": "#fbc34e",
    "bankColors": [
      "#fbc34e"
    ],
    "bankCountry": "tr",
    "bankSite": "https://www.vakifbank.com.tr/",
    "bankPhone": "0850 222 0 724",
    "formBackgroundColor": "#ffb300",
    "formBackgroundColors": [
      "#ffb300",
      "#ecc476"
    ],
    "formBackgroundLightness": "dark",
    "formTextColor": "#ffffff",
    "formLogoScheme": "inverted",
    "formBorderColor": "#ffffff"
  },
  "tr-yapikredi": {
    "bankAlias": "tr-yapikredi",
    "bankName": "Yapi Kredi",
    "bankLocalName": "Yapi Kredi",
    "bankColor": "#004587",
    "bankColors": [
      "#004587"
    ],
    "bankCountry": "tr",
    "bankSite": "https://www.yapikredi.com.tr/",
    "bankPhone": "0850 222 0 444.",
    "formBackgroundColor": "#004587",
    "formBackgroundColors": [
      "#004587",
      "#2175c3"
    ],
    "formBackgroundLightness": "dark",
    "formTextColor": "#ffffff",
    "formLogoScheme": "inverted",
    "formBorderColor": "#ffffff"
  },
  "tr-denizbank": {
    "bankAlias": "tr-denizbank",
    "bankName": "DenizBank",
    "bankLocalName": "DenizBank",
    "bankColor": "#00539b",
    "bankColors": [
      "#d63647"
    ],
    "bankCountry": "tr",
    "bankSite": "https://www.denizbank.com/",
    "bankPhone": "0 850 222 0 800",
    "formBackgroundColor": "#00539b",
    "formBackgroundColors": [
      "#00539b",
      "#22a5c1"
    ],
    "formBackgroundLightness": "dark",
    "formTextColor": "#ffffff",
    "formLogoScheme": "inverted",
    "formBorderColor": "#fefefe"
  },
  "tr-halkbank": {
    "bankAlias": "tr-halkbank",
    "bankName": "HalkBank",
    "bankLocalName": "HalkBank",
    "bankColor": "#1b70b5",
    "bankColors": [
      "#1c7fc0"
    ],
    "bankCountry": "tr",
    "bankSite": "https://www.halkbank.com.tr/",
    "bankPhone": "0850 222 0 400",
    "formBackgroundColor": "#1b70b5",
    "formBackgroundColors": [
      "#1b70b5",
      "#4aa0e5"
    ],
    "formBackgroundLightness": "dark",
    "formTextColor": "#ffffff",
    "formLogoScheme": "inverted",
    "formBorderColor": "#ffffff"
  },
  "tr-akbank": {
    "bankAlias": "tr-akbank",
    "bankName": "Akbank",
    "bankLocalName": "Akbank",
    "bankColor": "#ee3124",
    "bankColors": [
      "#ee3124"
    ],
    "bankCountry": "tr",
    "bankSite": "https://www.akbank.com/",
    "bankPhone": "+90 4442525",
    "formBackgroundColor": "#ee3124",
    "formBackgroundColors": [
      "#ee3124",
      "#ff5f58"
    ],
    "formBackgroundLightness": "dark",
    "formTextColor": "#ffffff",
    "formLogoScheme": "inverted",
    "formBorderColor": "#ffffff"
  },
  "tr-garantibbva": {
    "bankAlias": "tr-garantibbva",
    "bankName": "Garanti BBVA",
    "bankLocalName": "Garanti BBVA",
    "bankColor": "#043263",
    "bankColors": [
      "#063711"
    ],
    "bankCountry": "tr",
    "bankSite": "https://www.garantibbva.com.tr/",
    "bankPhone": "444 0 333",
    "formBackgroundColor": "#063711",
    "formBackgroundColors": [
      "#063711",
      "#277c35"
    ],
    "formBackgroundLightness": "dark",
    "formTextColor": "#ffffff",
    "formLogoScheme": "inverted",
    "formBorderColor": "#ffffff"
  }
}