{
  "se-ab": {
    "bankAlias": "se-ab",
    "bankName": "Swedbank AB",
    "bankLocalName": "Swedbank AB",
    "bankColor": "#ee7023",
    "bankColors": [
      "#ee7023",
      "#ffffff"
    ],
    "bankCountry": "se",
    "bankSite": "https://www.swedbank.se/",
    "bankPhone": "+46-8-585 900 00",
    "formBackgroundColor": "#ee7023",
    "formBackgroundColors": [
      "#ee7023",
      "#f2a06f"
    ],
    "formBackgroundLightness": "light",
    "formTextColor": "#ffffff",
    "formLogoScheme": "inverted",
    "formBorderColor": "#000000"
  },
  "se-nordea": {
    "bankAlias": "se-nordea",
    "bankName": "NORDEA BANK",
    "bankLocalName": "NORDEA BANK",
    "bankColor": "#00005e",
    "bankColors": [
      "#00005e",
      "#ffffff"
    ],
    "bankCountry": "se",
    "bankSite": "https://www.nordea.se/",
    "bankPhone": "8 (846) 333-13-33",
    "formBackgroundColor": "#00005e",
    "formBackgroundColors": [
      "#00005e",
      "#0d0db5"
    ],
    "formBackgroundLightness": "light",
    "formTextColor": "#ffffff",
    "formLogoScheme": "inverted",
    "formBorderColor": "#000000"
  },
  "se-svenska-handelsbanken": {
    "bankAlias": "se-svenska-handelsbanken",
    "bankName": "Svenska Handelsbanken AB",
    "bankLocalName": "Svenska Handelsbanken AB",
    "bankColor": "#005fa5",
    "bankColors": [
      "#005fa5",
      "#ffffff"
    ],
    "bankCountry": "se",
    "bankSite": "https://www.handelsbanken.se/sv/",
    "bankPhone": "8~10 46 77 151 97 00",
    "formBackgroundColor": "#005fa5",
    "formBackgroundColors": [
      "#005fa5",
      "#ffffff"
    ],
    "formBackgroundLightness": "light",
    "formTextColor": "#ffffff",
    "formLogoScheme": "inverted",
    "formBorderColor": "#000000"
  },
  "se-forex": {
    "bankAlias": "se-forex",
    "bankName": "Forex Bank AB",
    "bankLocalName": "Forex Bank AB",
    "bankColor": "#ffcf00",
    "bankColors": [
      "#ffcf00",
      "#000000"
    ],
    "bankCountry": "se",
    "bankSite": "https://www.forex.se",
    "bankPhone": "010 211 10 00",
    "formBackgroundColor": "#ffcf00",
    "formBackgroundColors": [
      "#ffcf00",
      "#000000"
    ],
    "formBackgroundLightness": "light",
    "formTextColor": "#000000",
    "formLogoScheme": "inverted",
    "formBorderColor": "#000000"
  },
  "se-ikano": {
    "bankAlias": "se-ikano",
    "bankName": "Ikano Bank",
    "bankLocalName": "Ikano Bank",
    "bankColor": "#ec0000",
    "bankColors": [
      "#ec0000",
      "#ffffff"
    ],
    "bankCountry": "se",
    "bankSite": "https://ikanobank.se/",
    "bankPhone": "8 (495) 784-73-73",
    "formBackgroundColor": "#ec0000",
    "formBackgroundColors": [
      "#ec0000",
      "#ffffff"
    ],
    "formBackgroundLightness": "light",
    "formTextColor": "#ffffff",
    "formLogoScheme": "inverted",
    "formBorderColor": "#000000"
  },
  "se-ica": {
    "bankAlias": "se-ica",
    "bankName": "ICA Branden",
    "bankLocalName": "ICA Branden",
    "bankColor": "#e13205",
    "bankColors": [
      "#e13205",
      "#b42d0b"
    ],
    "bankCountry": "se",
    "bankSite": "https://www.icabanken.se/",
    "bankPhone": "033 - 47 47 90",
    "formBackgroundColor": "#e13205",
    "formBackgroundColors": [
      "#e13205",
      "#ae2907"
    ],
    "formBackgroundLightness": "light",
    "formTextColor": "#ffffff",
    "formLogoScheme": "inverted",
    "formBorderColor": "#000000"
  },
  "se-eurocard": {
    "bankAlias": "se-eurocard",
    "bankName": "EUROCARD AB",
    "bankLocalName": "EUROCARD AB",
    "bankColor": "#000000",
    "bankColors": [
      "#000000",
      "#ffd171"
    ],
    "bankCountry": "se",
    "bankSite": "https://eurocard.com/sv/",
    "bankPhone": "+ 46 8 14 68 28",
    "formBackgroundColor": "#000000",
    "formBackgroundColors": [
      "#000000",
      "#ffd171"
    ],
    "formBackgroundLightness": "light",
    "formTextColor": "#ffffff",
    "formLogoScheme": "inverted",
    "formBorderColor": "#000000"
  },
  "se-seb": {
    "bankAlias": "se-seb",
    "bankName": "Skandinaviska Enskilda Banken AB ",
    "bankLocalName": "Skandinaviska Enskilda Banken AB ",
    "bankColor": "#48b500",
    "bankColors": [
      "#48b500",
      "#0092e1"
    ],
    "bankCountry": "se",
    "bankSite": "https://seb.se/",
    "bankPhone": "8~10 46 77 136 53 65",
    "formBackgroundColor": "#48b500",
    "formBackgroundColors": [
      "#48b500",
      "#0092e1"
    ],
    "formBackgroundLightness": "light",
    "formTextColor": "#ffffff",
    "formLogoScheme": "inverted",
    "formBorderColor": "#000000"
  },
  "se-danske": {
    "bankAlias": "se-danske",
    "bankName": "Danske Bank",
    "bankLocalName": "Danske Bank",
    "bankColor": "#003755",
    "bankColors": [
      "#003755",
      "#009edd"
    ],
    "bankCountry": "se",
    "bankSite": "https://danskebank.se",
    "bankPhone": "+358 10 546 7342",
    "formBackgroundColor": "#003755",
    "formBackgroundColors": [
      "#003755",
      "#009edd"
    ],
    "formBackgroundLightness": "light",
    "formTextColor": "#ffffff",
    "formLogoScheme": "inverted",
    "formBorderColor": "#000000"
  },
  "se-coop-sverige": {
    "bankAlias": "se-coop-sverige",
    "bankName": "Coop Sverige",
    "bankLocalName": "Coop Sverige",
    "bankColor": "#007bc3",
    "bankColors": [
      "#007bc3",
      "#ffffff"
    ],
    "bankCountry": "se",
    "bankSite": "https://www.cooppank.ee/",
    "bankPhone": "+46 10 743 10 30",
    "formBackgroundColor": "#007bc3",
    "formBackgroundColors": [
      "#007bc3",
      "#ffffff"
    ],
    "formBackgroundLightness": "light",
    "formTextColor": "#ffffff",
    "formLogoScheme": "inverted",
    "formBorderColor": "#000000"
  },
  "se-american-express": {
    "bankAlias": "se-american-express",
    "bankName": "American Express",
    "bankLocalName": "American Express",
    "bankColor": "#006fcf",
    "bankColors": [
      "#006fcf",
      "#ffffff"
    ],
    "bankCountry": "se",
    "bankSite": "https://www.americanexpress.com/sv-se/",
    "bankPhone": "+46 771295600",
    "formBackgroundColor": "#006fcf",
    "formBackgroundColors": [
      "#006fcf",
      "#ffffff"
    ],
    "formBackgroundLightness": "light",
    "formTextColor": "#ffffff",
    "formLogoScheme": "inverted",
    "formBorderColor": "#000000"
  }
}