{
  "au-ae": {
    "bankAlias": "au-ae",
    "bankName": "American Express AU",
    "bankLocalName": "American Express AU",
    "bankColor": "#006fcf",
    "bankColors": [
      "#006fcf",
      "#ffffff"
    ],
    "bankCountry": "au",
    "bankSite": "https://www.americanexpress.com/en-au/",
    "bankPhone": "+612 9271 4011",
    "formBackgroundColor": "#006fcf",
    "formBackgroundColors": [
      "#006fcf",
      "#5395cd"
    ],
    "formBackgroundLightness": "light",
    "formTextColor": "#ffffff",
    "formLogoScheme": "inverted",
    "formBorderColor": "#000000"
  },
  "au-hsbc": {
    "bankAlias": "au-hsbc",
    "bankName": "HSBC Australia",
    "bankLocalName": "HSBC Australia",
    "bankColor": "#db0011",
    "bankColors": [
      "#db0011",
      "#000000"
    ],
    "bankCountry": "au",
    "bankSite": "https://www.hsbc.com.au/",
    "bankPhone": "+61290065888",
    "formBackgroundColor": "#db0011",
    "formBackgroundColors": [
      "#db0011",
      "#ea7079"
    ],
    "formBackgroundLightness": "light",
    "formTextColor": "#ffffff",
    "formLogoScheme": "inverted",
    "formBorderColor": "#000000"
  },
  "au-citi": {
    "bankAlias": "au-citi",
    "bankName": "Citi Australia",
    "bankLocalName": "Citi Australia",
    "bankColor": "#002d72",
    "bankColors": [
      "#002d72",
      "#ff0000"
    ],
    "bankCountry": "au",
    "bankSite": "https://www.citigroup.com/australia/",
    "bankPhone": "(02) 8225 1000",
    "formBackgroundColor": "#002d72",
    "formBackgroundColors": [
      "#002d72",
      "#5d83ba"
    ],
    "formBackgroundLightness": "light",
    "formTextColor": "#ffffff",
    "formLogoScheme": "inverted",
    "formBorderColor": "#000000"
  },
  "au-heritage": {
    "bankAlias": "au-heritage",
    "bankName": "Heritage Bank",
    "bankLocalName": "Heritage Bank",
    "bankColor": "#cd1f3b",
    "bankColors": [
      "#cd1f3b",
      "#f9b916"
    ],
    "bankCountry": "au",
    "bankSite": "https://www.heritage.com.au/",
    "bankPhone": "-",
    "formBackgroundColor": "#cd1f3b",
    "formBackgroundColors": [
      "#cd1f3b",
      "#f9b916"
    ],
    "formBackgroundLightness": "light",
    "formTextColor": "#ffffff",
    "formLogoScheme": "inverted",
    "formBorderColor": "#000000"
  },
  "au-bendigo": {
    "bankAlias": "au-bendigo",
    "bankName": "Bendigo Bank",
    "bankLocalName": "Bendigo Bank",
    "bankColor": "#870e40",
    "bankColors": [
      "#870e40",
      "#000000"
    ],
    "bankCountry": "au",
    "bankSite": "https://www.bendigoadelaide.com.au/",
    "bankPhone": "+61 2 8023 5417",
    "formBackgroundColor": "#870e40",
    "formBackgroundColors": [
      "#870e40",
      "#cb0958"
    ],
    "formBackgroundLightness": "light",
    "formTextColor": "#ffffff",
    "formLogoScheme": "inverted",
    "formBorderColor": "#000000"
  },
  "au-macquarie": {
    "bankAlias": "au-macquarie",
    "bankName": "Macquarie Bank",
    "bankLocalName": "Macquarie Bank",
    "bankColor": "#000000",
    "bankColors": [
      "#000000"
    ],
    "bankCountry": "au",
    "bankSite": "https://www.macquarie.com.au/",
    "bankPhone": "+61 2 8232 3333",
    "formBackgroundColor": "#ffffff",
    "formBackgroundColors": [
      "#000000",
      "#ffffff"
    ],
    "formBackgroundLightness": "light",
    "formTextColor": "#000000",
    "formLogoScheme": "inverted",
    "formBorderColor": "#000000"
  },
  "au-queensland": {
    "bankAlias": "au-queensland",
    "bankName": "Bank of Queensland",
    "bankLocalName": "Bank of Queensland",
    "bankColor": "#1b75bc",
    "bankColors": [
      "#1b75bc",
      "#fec44a"
    ],
    "bankCountry": "au",
    "bankSite": "https://www.boq.com.au/",
    "bankPhone": "1300 55 72 72",
    "formBackgroundColor": "#1b75bc",
    "formBackgroundColors": [
      "#1b75bc",
      "#fec44a"
    ],
    "formBackgroundLightness": "light",
    "formTextColor": "#ffffff",
    "formLogoScheme": "inverted",
    "formBorderColor": "#000000"
  },
  "au-westpac": {
    "bankAlias": "au-westpac",
    "bankName": "Westpac Bank",
    "bankLocalName": "Westpac Bank",
    "bankColor": "#da1710",
    "bankColors": [
      "#da1710",
      "#000000"
    ],
    "bankCountry": "au",
    "bankSite": "https://www.westpac.com.au/",
    "bankPhone": "(+61 2) 9155 7700",
    "formBackgroundColor": "#da1710",
    "formBackgroundColors": [
      "#da1710",
      "#ea7974"
    ],
    "formBackgroundLightness": "light",
    "formTextColor": "#ffffff",
    "formLogoScheme": "inverted",
    "formBorderColor": "#000000"
  },
  "au-nab": {
    "bankAlias": "au-nab",
    "bankName": "National Australian Bank",
    "bankLocalName": "National Australian Bank",
    "bankColor": "#be0d00",
    "bankColors": [
      "#be0d00",
      "#000000"
    ],
    "bankCountry": "au",
    "bankSite": "https://www.nab.com.au/",
    "bankPhone": "-",
    "formBackgroundColor": "#be0d00",
    "formBackgroundColors": [
      "#be0d00",
      "#fe8e8e"
    ],
    "formBackgroundLightness": "light",
    "formTextColor": "#ffffff",
    "formLogoScheme": "inverted",
    "formBorderColor": "#000000"
  },
  "au-azn": {
    "bankAlias": "au-azn",
    "bankName": "AZN Banking Group",
    "bankLocalName": "AZN Banking Group",
    "bankColor": "#007dba",
    "bankColors": [
      "#007dba",
      "#ffffff"
    ],
    "bankCountry": "au",
    "bankSite": "https://www.anz.com.au/personal/",
    "bankPhone": "+61 3 9683 9999",
    "formBackgroundColor": "#007dba",
    "formBackgroundColors": [
      "#007dba",
      "#41aee1"
    ],
    "formBackgroundLightness": "light",
    "formTextColor": "#ffffff",
    "formLogoScheme": "inverted",
    "formBorderColor": "#000000"
  },
  "au-commonwealth": {
    "bankAlias": "au-commonwealth",
    "bankName": "Commonwealth Bank of Australia",
    "bankLocalName": "Commonwealth Bank of Australia",
    "bankColor": "#ffcc00",
    "bankColors": [
      "#ffcc00",
      "#000000"
    ],
    "bankCountry": "au",
    "bankSite": "https://www.commbank.com.au/",
    "bankPhone": "+61 2 9999 3283",
    "formBackgroundColor": "#ffcc00",
    "formBackgroundColors": [
      "#ffcc00",
      "#bc9904"
    ],
    "formBackgroundLightness": "light",
    "formTextColor": "#000000",
    "formLogoScheme": "inverted",
    "formBorderColor": "#000000"
  }
}