{
  "356390": "cn-citic-bank-corp",
  "356391": "cn-citic-bank-corp",
  "356392": "cn-citic-bank-corp",
  "356785": "cn-icbc",
  "356787": "cn-icbc",
  "356788": "cn-icbc",
  "356817": "cn-boc",
  "356819": "cn-icbc",
  "356822": "cn-icbc",
  "356833": "cn-boc",
  "356834": "cn-boc",
  "356835": "cn-boc",
  "356837": "cn-everbright",
  "356838": "cn-everbright",
  "356839": "cn-everbright",
  "356840": "cn-everbright",
  "356850": "cn-shanghai-pudong-development",
  "356851": "cn-shanghai-pudong-development",
  "356862": "cn-everbright",
  "356879": "cn-icbc",
  "356880": "cn-icbc",
  "356881": "cn-icbc",
  "356882": "cn-icbc",
  "356883": "cn-icbc",
  "356889": "cn-merchants",
  "356890": "cn-merchants",
  "356895": "cn-construction",
  "356896": "cn-construction",
  "356899": "cn-construction",
  "356966": "cn-citic-bank-corp",
  "376966": "cn-citic-bank-corp",
  "376968": "cn-citic-bank-corp",
  "377185": "cn-shanghai-pudong-development",
  "377186": "cn-shanghai-pudong-development",
  "377187": "cn-shanghai-pudong-development",
  "377677": "cn-boc",
  "377968": "cn-boc",
  "379889": "cn-citic-bank-corp",
  "379900": "cn-boc",
  "379922": "cn-citic-bank-corp",
  "379965": "cn-boc",
  "400360": "cn-citic-bank-corp",
  "400616": "cn-boc",
  "400672": "cn-boc",
  "400962": "cn-boc",
  "402658": "cn-merchants",
  "402696": "cn-construction",
  "402791": "cn-icbc",
  "402792": "cn-icbc",
  "402913": "cn-merchants",
  "403181": "cn-boc",
  "403347": "cn-icbc",
  "403361": "cn-abc",
  "403391": "cn-citic-bank-corp",
  "403392": "cn-citic-bank-corp",
  "403393": "cn-citic-bank-corp",
  "404117": "cn-abc",
  "404118": "cn-abc",
  "404119": "cn-abc",
  "404120": "cn-abc",
  "404157": "cn-citic-bank-corp",
  "404158": "cn-citic-bank-corp",
  "404159": "cn-citic-bank-corp",
  "404171": "cn-citic-bank-corp",
  "404172": "cn-citic-bank-corp",
  "404173": "cn-citic-bank-corp",
  "404174": "cn-citic-bank-corp",
  "404286": "cn-construction",
  "404738": "cn-shanghai-pudong-development",
  "404739": "cn-shanghai-pudong-development",
  "405512": "cn-communications",
  "405568": "cn-communications",
  "405715": "cn-boc",
  "406007": "cn-icbc",
  "406009": "cn-icbc",
  "406138": "cn-citic-bank-corp",
  "406169": "cn-citic-bank-corp",
  "406199": "cn-citic-bank-corp",
  "406252": "cn-everbright",
  "406254": "cn-everbright",
  "406365": "cn-guangfa",
  "406366": "cn-guangfa",
  "406392": "cn-citic-bank-corp",
  "406478": "cn-communications",
  "406595": "cn-communications",
  "406661": "cn-citic-bank-corp",
  "406696": "cn-citic-bank-corp",
  "406758": "cn-citic-bank-corp",
  "409665": "cn-boc",
  "409666": "cn-boc",
  "409667": "cn-boc",
  "409668": "cn-boc",
  "409669": "cn-boc",
  "409670": "cn-boc",
  "409671": "cn-boc",
  "409672": "cn-boc",
  "409696": "cn-icbc",
  "409697": "cn-icbc",
  "410062": "cn-merchants",
  "413519": "cn-icbc",
  "413520": "cn-icbc",
  "413521": "cn-icbc",
  "414158": "cn-communications",
  "415026": "cn-icbc",
  "415027": "cn-icbc",
  "417201": "cn-boc",
  "417202": "cn-boc",
  "418152": "cn-shanghai-pudong-development",
  "419941": "cn-boc",
  "419966": "cn-boc",
  "420728": "cn-icbc",
  "420791": "cn-icbc",
  "421160": "cn-communications",
  "421161": "cn-communications",
  "421349": "cn-construction",
  "421437": "cn-citic-bank-corp",
  "423271": "cn-communications",
  "425862": "cn-everbright",
  "427010": "cn-icbc",
  "427016": "cn-icbc",
  "427017": "cn-icbc",
  "427018": "cn-icbc",
  "427019": "cn-icbc",
  "427020": "cn-icbc",
  "427028": "cn-icbc",
  "427029": "cn-icbc",
  "427030": "cn-icbc",
  "427035": "cn-icbc",
  "427036": "cn-icbc",
  "427038": "cn-icbc",
  "427039": "cn-icbc",
  "427063": "cn-icbc",
  "427085": "cn-icbc",
  "428458": "cn-communications",
  "428911": "cn-guangfa",
  "429332": "cn-merchants",
  "429333": "cn-merchants",
  "429334": "cn-merchants",
  "430268": "cn-boc",
  "430835": "cn-boc",
  "430836": "cn-boc",
  "432130": "cn-construction",
  "432925": "cn-merchants",
  "433619": "cn-icbc",
  "433631": "cn-boc",
  "433643": "cn-boc",
  "433645": "cn-boc",
  "433649": "cn-boc",
  "433661": "cn-boc",
  "433663": "cn-boc",
  "433666": "cn-citic-bank-corp",
  "433667": "cn-citic-bank-corp",
  "433668": "cn-citic-bank-corp",
  "433669": "cn-citic-bank-corp",
  "433670": "cn-citic-bank-corp",
  "433671": "cn-citic-bank-corp",
  "433680": "cn-citic-bank-corp",
  "434061": "cn-construction",
  "434062": "cn-construction",
  "434910": "cn-communications",
  "436423": "cn-communications",
  "436505": "cn-construction",
  "436586": "cn-boc",
  "436701": "cn-construction",
  "436702": "cn-construction",
  "436718": "cn-construction",
  "436720": "cn-construction",
  "436728": "cn-construction",
  "436729": "cn-construction",
  "436734": "cn-construction",
  "436737": "cn-construction",
  "436738": "cn-construction",
  "436742": "cn-construction",
  "436743": "cn-construction",
  "436745": "cn-construction",
  "436746": "cn-construction",
  "436747": "cn-construction",
  "436748": "cn-construction",
  "436749": "cn-construction",
  "436761": "cn-construction",
  "436768": "cn-guangfa",
  "436769": "cn-guangfa",
  "436770": "cn-guangfa",
  "436771": "cn-guangfa",
  "436775": "cn-construction",
  "436776": "cn-construction",
  "436786": "cn-abc",
  "436787": "cn-abc",
  "436788": "cn-abc",
  "436789": "cn-abc",
  "436790": "cn-construction",
  "436791": "cn-construction",
  "436792": "cn-construction",
  "436793": "cn-construction",
  "436794": "cn-construction",
  "436795": "cn-construction",
  "437790": "cn-everbright",
  "438058": "cn-boc",
  "438059": "cn-boc",
  "438061": "cn-boc",
  "438064": "cn-boc",
  "438069": "cn-boc",
  "438070": "cn-boc",
  "438071": "cn-boc",
  "438072": "cn-boc",
  "438073": "cn-boc",
  "438074": "cn-boc",
  "438079": "cn-boc",
  "438082": "cn-boc",
  "438083": "cn-boc",
  "438088": "cn-boc",
  "438089": "cn-boc",
  "438090": "cn-boc",
  "438091": "cn-boc",
  "438125": "cn-icbc",
  "438126": "cn-icbc",
  "438204": "cn-communications",
  "438538": "cn-citic-bank-corp",
  "438539": "cn-citic-bank-corp",
  "438540": "cn-citic-bank-corp",
  "439188": "cn-merchants",
  "439198": "cn-icbc",
  "439211": "cn-merchants",
  "439225": "cn-merchants",
  "439226": "cn-merchants",
  "439227": "cn-merchants",
  "439229": "cn-merchants",
  "439230": "cn-merchants",
  "439234": "cn-guangfa",
  "439248": "cn-merchants",
  "439249": "cn-merchants",
  "439260": "cn-merchants",
  "439262": "cn-merchants",
  "442365": "cn-boc",
  "442729": "cn-citic-bank-corp",
  "442730": "cn-citic-bank-corp",
  "450547": "cn-icbc",
  "450548": "cn-icbc",
  "450694": "cn-icbc",
  "451178": "cn-boc",
  "451179": "cn-boc",
  "451291": "cn-boc",
  "451292": "cn-boc",
  "451293": "cn-boc",
  "451294": "cn-boc",
  "451461": "cn-merchants",
  "451804": "cn-icbc",
  "451810": "cn-icbc",
  "451811": "cn-icbc",
  "451838": "cn-citic-bank-corp",
  "451857": "cn-construction",
  "452050": "cn-boc",
  "453237": "cn-icbc",
  "453242": "cn-construction",
  "455878": "cn-construction",
  "455879": "cn-construction",
  "455880": "cn-construction",
  "456351": "cn-boc",
  "456418": "cn-shanghai-pudong-development",
  "458060": "cn-icbc",
  "458061": "cn-icbc",
  "458062": "cn-icbc",
  "458063": "cn-icbc",
  "458064": "cn-icbc",
  "458065": "cn-icbc",
  "458066": "cn-icbc",
  "458067": "cn-icbc",
  "458068": "cn-icbc",
  "458069": "cn-icbc",
  "458071": "cn-icbc",
  "458123": "cn-communications",
  "458124": "cn-communications",
  "458126": "cn-communications",
  "458127": "cn-communications",
  "458441": "cn-icbc",
  "458755": "cn-construction",
  "459556": "cn-boc",
  "461213": "cn-construction",
  "462427": "cn-everbright",
  "462921": "cn-icbc",
  "462922": "cn-icbc",
  "463230": "cn-icbc",
  "463231": "cn-icbc",
  "463232": "cn-icbc",
  "463758": "cn-abc",
  "463768": "cn-communications",
  "466245": "cn-boc",
  "466246": "cn-boc",
  "466247": "cn-boc",
  "466248": "cn-boc",
  "466249": "cn-boc",
  "468203": "cn-merchants",
  "469135": "cn-construction",
  "469146": "cn-abc",
  "469147": "cn-abc",
  "469378": "cn-boc",
  "469380": "cn-boc",
  "469381": "cn-boc",
  "469394": "cn-boc",
  "470916": "cn-everbright",
  "470941": "cn-boc",
  "470942": "cn-boc",
  "472141": "cn-communications",
  "478060": "cn-shanghai-pudong-development",
  "479228": "cn-merchants",
  "479229": "cn-merchants",
  "479925": "cn-guangfa",
  "479926": "cn-guangfa",
  "479927": "cn-guangfa",
  "479928": "cn-guangfa",
  "481513": "cn-everbright",
  "481699": "cn-everbright",
  "483448": "cn-boc",
  "483449": "cn-citic-bank-corp",
  "483591": "cn-construction",
  "483818": "cn-merchants",
  "483819": "cn-merchants",
  "486330": "cn-boc",
  "486497": "cn-everbright",
  "487013": "cn-guangfa",
  "489592": "cn-construction",
  "489734": "cn-icbc",
  "489735": "cn-icbc",
  "489736": "cn-icbc",
  "490857": "cn-boc",
  "490858": "cn-boc",
  "491020": "cn-abc",
  "491021": "cn-abc",
  "491022": "cn-abc",
  "491023": "cn-abc",
  "491024": "cn-abc",
  "491025": "cn-abc",
  "491026": "cn-abc",
  "491027": "cn-abc",
  "491028": "cn-abc",
  "491029": "cn-abc",
  "491031": "cn-construction",
  "491032": "cn-guangfa",
  "491033": "cn-guangfa",
  "491034": "cn-guangfa",
  "491035": "cn-guangfa",
  "491036": "cn-guangfa",
  "491037": "cn-guangfa",
  "491038": "cn-guangfa",
  "491040": "cn-communications",
  "491047": "cn-communications",
  "491048": "cn-communications",
  "491049": "cn-communications",
  "491680": "cn-communications",
  "493427": "cn-guangfa",
  "493467": "cn-boc",
  "493468": "cn-boc",
  "493469": "cn-boc",
  "493472": "cn-boc",
  "493808": "cn-boc",
  "493809": "cn-boc",
  "498421": "cn-shanghai-pudong-development",
  "498451": "cn-shanghai-pudong-development",
  "510068": "cn-citic-bank-corp",
  "510529": "cn-icbc",
  "511043": "cn-construction",
  "512084": "cn-construction",
  "512315": "cn-boc",
  "512316": "cn-boc",
  "512411": "cn-boc",
  "512412": "cn-boc",
  "512425": "cn-merchants",
  "512451": "cn-shanghai-pudong-development",
  "512600": "cn-icbc",
  "512680": "cn-merchants",
  "513685": "cn-icbc",
  "514027": "cn-abc",
  "514906": "cn-citic-bank-corp",
  "514957": "cn-boc",
  "514958": "cn-boc",
  "515672": "cn-shanghai-pudong-development",
  "516464": "cn-boc",
  "516465": "cn-boc",
  "516466": "cn-boc",
  "516467": "cn-boc",
  "516672": "cn-boc",
  "517266": "cn-construction",
  "517442": "cn-construction",
  "517557": "cn-icbc",
  "517650": "cn-shanghai-pudong-development",
  "517813": "cn-boc",
  "517818": "cn-citic-bank-corp",
  "517860": "cn-icbc",
  "518183": "cn-boc",
  "518212": "cn-citic-bank-corp",
  "518216": "cn-boc",
  "518262": "cn-abc",
  "518364": "cn-guangfa",
  "518377": "cn-boc",
  "518378": "cn-boc",
  "518379": "cn-boc",
  "518473": "cn-boc",
  "518474": "cn-boc",
  "518475": "cn-boc",
  "518479": "cn-icbc",
  "518710": "cn-merchants",
  "518711": "cn-merchants",
  "518712": "cn-merchants",
  "518718": "cn-merchants",
  "518721": "cn-merchants",
  "518724": "cn-merchants",
  "518734": "cn-merchants",
  "518736": "cn-merchants",
  "518746": "cn-merchants",
  "518802": "cn-abc",
  "518823": "cn-communications",
  "518893": "cn-abc",
  "518905": "cn-boc",
  "518907": "cn-icbc",
  "519413": "cn-abc",
  "519924": "cn-everbright",
  "520082": "cn-abc",
  "520083": "cn-abc",
  "520099": "cn-citic-bank-corp",
  "520108": "cn-citic-bank-corp",
  "520152": "cn-guangfa",
  "520169": "cn-communications",
  "520208": "cn-citic-bank-corp",
  "520382": "cn-guangfa",
  "520703": "cn-merchants",
  "521302": "cn-merchants",
  "521866": "cn-construction",
  "521899": "cn-communications",
  "522068": "cn-icbc",
  "522216": "cn-citic-bank-corp",
  "522268": "cn-abc",
  "522599": "cn-citic-bank-corp",
  "522601": "cn-icbc",
  "522622": "cn-everbright",
  "522964": "cn-communications",
  "522976": "cn-citic-bank-corp",
  "523056": "cn-icbc",
  "523062": "cn-icbc",
  "523649": "cn-merchants",
  "523961": "cn-guangfa",
  "523966": "cn-guangfa",
  "524011": "cn-merchants",
  "524047": "cn-icbc",
  "524090": "cn-everbright",
  "524091": "cn-icbc",
  "524094": "cn-construction",
  "524206": "cn-boc",
  "524207": "cn-boc",
  "524208": "cn-boc",
  "524209": "cn-boc",
  "524336": "cn-everbright",
  "524374": "cn-icbc",
  "524484": "cn-construction",
  "524505": "cn-citic-bank-corp",
  "524527": "cn-boc",
  "524597": "cn-boc",
  "524625": "cn-icbc",
  "524864": "cn-boc",
  "524865": "cn-boc",
  "524880": "cn-boc",
  "524940": "cn-boc",
  "525238": "cn-everbright",
  "525498": "cn-icbc",
  "525613": "cn-icbc",
  "525666": "cn-citic-bank-corp",
  "525745": "cn-boc",
  "525746": "cn-boc",
  "525841": "cn-boc",
  "525998": "cn-shanghai-pudong-development",
  "526410": "cn-construction",
  "526836": "cn-icbc",
  "526974": "cn-icbc",
  "527052": "cn-icbc",
  "527201": "cn-icbc",
  "527324": "cn-icbc",
  "527363": "cn-citic-bank-corp",
  "527661": "cn-icbc",
  "528032": "cn-icbc",
  "528066": "cn-boc",
  "528856": "cn-icbc",
  "528931": "cn-guangfa",
  "529408": "cn-citic-bank-corp",
  "529774": "cn-boc",
  "529775": "cn-boc",
  "529868": "cn-icbc",
  "529893": "cn-citic-bank-corp",
  "530970": "cn-icbc",
  "530975": "cn-shanghai-pudong-development",
  "530980": "cn-icbc",
  "530981": "cn-icbc",
  "530982": "cn-icbc",
  "530983": "cn-icbc",
  "530984": "cn-icbc",
  "530985": "cn-icbc",
  "530986": "cn-icbc",
  "530987": "cn-icbc",
  "530988": "cn-icbc",
  "530989": "cn-icbc",
  "530990": "cn-icbc",
  "531693": "cn-construction",
  "532423": "cn-construction",
  "532431": "cn-construction",
  "532433": "cn-construction",
  "532440": "cn-construction",
  "532450": "cn-construction",
  "532458": "cn-construction",
  "532462": "cn-construction",
  "532468": "cn-construction",
  "532469": "cn-construction",
  "532470": "cn-construction",
  "532815": "cn-boc",
  "532932": "cn-icbc",
  "533228": "cn-boc",
  "533659": "cn-boc",
  "534452": "cn-citic-bank-corp",
  "534455": "cn-construction",
  "534459": "cn-citic-bank-corp",
  "534492": "cn-abc",
  "534602": "cn-guangfa",
  "535051": "cn-abc",
  "535887": "cn-icbc",
  "535910": "cn-abc",
  "535911": "cn-abc",
  "535912": "cn-abc",
  "535913": "cn-abc",
  "535914": "cn-abc",
  "535915": "cn-abc",
  "535916": "cn-abc",
  "535917": "cn-abc",
  "535918": "cn-abc",
  "535919": "cn-abc",
  "536093": "cn-construction",
  "536113": "cn-abc",
  "536899": "cn-boc",
  "536998": "cn-guangfa",
  "537138": "cn-guangfa",
  "537832": "cn-communications",
  "537834": "cn-communications",
  "537835": "cn-communications",
  "537836": "cn-communications",
  "537837": "cn-communications",
  "537839": "cn-communications",
  "538113": "cn-boc",
  "538176": "cn-icbc",
  "540864": "cn-abc",
  "540877": "cn-boc",
  "541709": "cn-guangfa",
  "541710": "cn-guangfa",
  "541867": "cn-boc",
  "542503": "cn-icbc",
  "543008": "cn-citic-bank-corp",
  "543098": "cn-icbc",
  "543159": "cn-everbright",
  "543230": "cn-abc",
  "543582": "cn-construction",
  "543671": "cn-boc",
  "544033": "cn-construction",
  "544210": "cn-icbc",
  "544243": "cn-abc",
  "544350": "cn-icbc",
  "544887": "cn-construction",
  "545206": "cn-abc",
  "545782": "cn-abc",
  "545948": "cn-merchants",
  "547766": "cn-boc",
  "548132": "cn-citic-bank-corp",
  "548259": "cn-icbc",
  "548278": "cn-citic-bank-corp",
  "548421": "cn-citic-bank-corp",
  "548423": "cn-citic-bank-corp",
  "548478": "cn-abc",
  "548943": "cn-icbc",
  "550213": "cn-icbc",
  "550216": "cn-shanghai-pudong-development",
  "550267": "cn-communications",
  "552150": "cn-icbc",
  "552245": "cn-construction",
  "552534": "cn-merchants",
  "552587": "cn-merchants",
  "552589": "cn-merchants",
  "552599": "cn-abc",
  "552742": "cn-boc",
  "552794": "cn-guangfa",
  "552801": "cn-construction",
  "552853": "cn-communications",
  "553131": "cn-boc",
  "553143": "cn-icbc",
  "553218": "cn-citic-bank-corp",
  "553242": "cn-construction",
  "553431": "cn-everbright",
  "554018": "cn-citic-bank-corp",
  "554652": "cn-construction",
  "554663": "cn-communications",
  "556617": "cn-citic-bank-corp",
  "556632": "cn-boc",
  "557007": "cn-everbright",
  "557060": "cn-citic-bank-corp",
  "557080": "cn-construction",
  "557108": "cn-citic-bank-corp",
  "557928": "cn-boc",
  "557968": "cn-boc",
  "558360": "cn-icbc",
  "558363": "cn-icbc",
  "558368": "cn-icbc",
  "558730": "cn-abc",
  "558868": "cn-boc",
  "558869": "cn-boc",
  "558890": "cn-everbright",
  "558894": "cn-guangfa",
  "558895": "cn-construction",
  "558916": "cn-citic-bank-corp",
  "559051": "cn-construction",
  "559121": "cn-construction",
  "559133": "cn-citic-bank-corp",
  "559140": "cn-citic-bank-corp",
  "559212": "cn-boc",
  "559224": "cn-merchants",
  "559336": "cn-citic-bank-corp",
  "559756": "cn-boc",
  "559861": "cn-boc",
  "601427": "cn-abc",
  "601428": "cn-communications",
  "605360": "cn-abc",
  "606144": "cn-boc",
  "612001": "cn-abc",
  "612010": "cn-communications",
  "620013": "cn-communications",
  "620021": "cn-communications",
  "620030": "cn-icbc",
  "620046": "cn-icbc",
  "620050": "cn-icbc",
  "620054": "cn-icbc",
  "620086": "cn-icbc",
  "620094": "cn-icbc",
  "620107": "cn-construction",
  "620124": "cn-icbc",
  "620142": "cn-icbc",
  "620143": "cn-icbc",
  "620148": "cn-icbc",
  "620149": "cn-icbc",
  "620184": "cn-icbc",
  "620185": "cn-icbc",
  "620186": "cn-icbc",
  "620187": "cn-icbc",
  "620202": "cn-boc",
  "620203": "cn-boc",
  "620206": "cn-boc",
  "620207": "cn-boc",
  "620208": "cn-boc",
  "620209": "cn-boc",
  "620218": "cn-boc",
  "620513": "cn-boc",
  "620515": "cn-boc",
  "620516": "cn-icbc",
  "620535": "cn-everbright",
  "621080": "cn-construction",
  "621081": "cn-construction",
  "621082": "cn-construction",
  "621083": "cn-construction",
  "621098": "cn-boc",
  "621225": "cn-icbc",
  "621226": "cn-icbc",
  "621227": "cn-icbc",
  "621281": "cn-icbc",
  "621283": "cn-boc",
  "621284": "cn-construction",
  "621286": "cn-merchants",
  "621288": "cn-icbc",
  "621292": "cn-boc",
  "621297": "cn-boc",
  "621299": "cn-merchants",
  "621330": "cn-boc",
  "621331": "cn-boc",
  "621332": "cn-boc",
  "621333": "cn-boc",
  "621334": "cn-boc",
  "621335": "cn-communications",
  "621336": "cn-abc",
  "621367": "cn-icbc",
  "621369": "cn-icbc",
  "621371": "cn-icbc",
  "621372": "cn-icbc",
  "621375": "cn-icbc",
  "621376": "cn-icbc",
  "621377": "cn-icbc",
  "621378": "cn-icbc",
  "621395": "cn-boc",
  "621413": "cn-merchants",
  "621414": "cn-icbc",
  "621423": "cn-icbc",
  "621433": "cn-icbc",
  "621434": "cn-icbc",
  "621436": "cn-communications",
  "621464": "cn-icbc",
  "621466": "cn-construction",
  "621467": "cn-construction",
  "621483": "cn-merchants",
  "621485": "cn-merchants",
  "621486": "cn-merchants",
  "621487": "cn-construction",
  "621488": "cn-construction",
  "621492": "cn-everbright",
  "621499": "cn-construction",
  "621558": "cn-icbc",
  "621559": "cn-icbc",
  "621568": "cn-boc",
  "621569": "cn-boc",
  "621598": "cn-construction",
  "621599": "cn-boc",
  "621619": "cn-abc",
  "621621": "cn-construction",
  "621660": "cn-boc",
  "621661": "cn-boc",
  "621663": "cn-boc",
  "621666": "cn-boc",
  "621668": "cn-boc",
  "621669": "cn-boc",
  "621670": "cn-icbc",
  "621671": "cn-abc",
  "621672": "cn-boc",
  "621674": "cn-boc",
  "621700": "cn-construction",
  "621721": "cn-icbc",
  "621722": "cn-icbc",
  "621723": "cn-icbc",
  "621725": "cn-boc",
  "621730": "cn-icbc",
  "621731": "cn-icbc",
  "621732": "cn-icbc",
  "621733": "cn-icbc",
  "621749": "cn-icbc",
  "621750": "cn-icbc",
  "621756": "cn-boc",
  "621757": "cn-boc",
  "621758": "cn-boc",
  "621759": "cn-boc",
  "621761": "cn-icbc",
  "621762": "cn-icbc",
  "621764": "cn-icbc",
  "621765": "cn-icbc",
  "621781": "cn-icbc",
  "621785": "cn-boc",
  "621786": "cn-boc",
  "621787": "cn-boc",
  "621788": "cn-boc",
  "621789": "cn-boc",
  "621790": "cn-boc",
  "621792": "cn-shanghai-pudong-development",
  "621797": "cn-boc",
  "621798": "cn-boc",
  "621799": "cn-boc",
  "622137": "cn-merchants",
  "622158": "cn-icbc",
  "622161": "cn-everbright",
  "622166": "cn-construction",
  "622168": "cn-construction",
  "622171": "cn-icbc",
  "622176": "cn-shanghai-pudong-development",
  "622177": "cn-shanghai-pudong-development",
  "622188": "cn-boc",
  "622200": "cn-icbc",
  "622206": "cn-icbc",
  "622211": "cn-icbc",
  "622213": "cn-icbc",
  "622214": "cn-icbc",
  "622220": "cn-icbc",
  "622223": "cn-icbc",
  "622224": "cn-icbc",
  "622225": "cn-icbc",
  "622226": "cn-communications",
  "622228": "cn-shanghai-pudong-development",
  "622229": "cn-icbc",
  "622230": "cn-icbc",
  "622231": "cn-icbc",
  "622233": "cn-icbc",
  "622234": "cn-icbc",
  "622235": "cn-icbc",
  "622236": "cn-icbc",
  "622237": "cn-icbc",
  "622238": "cn-icbc",
  "622239": "cn-icbc",
  "622240": "cn-icbc",
  "622245": "cn-icbc",
  "622252": "cn-communications",
  "622253": "cn-communications",
  "622254": "cn-communications",
  "622255": "cn-communications",
  "622256": "cn-communications",
  "622257": "cn-communications",
  "622258": "cn-communications",
  "622259": "cn-communications",
  "622260": "cn-communications",
  "622261": "cn-communications",
  "622262": "cn-communications",
  "622276": "cn-shanghai-pudong-development",
  "622277": "cn-shanghai-pudong-development",
  "622280": "cn-communications",
  "622284": "cn-communications",
  "622327": "cn-merchants",
  "622340": "cn-merchants",
  "622346": "cn-boc",
  "622347": "cn-boc",
  "622348": "cn-boc",
  "622366": "cn-merchants",
  "622382": "cn-construction",
  "622479": "cn-boc",
  "622480": "cn-boc",
  "622500": "cn-shanghai-pudong-development",
  "622501": "cn-shanghai-pudong-development",
  "622502": "cn-shanghai-pudong-development",
  "622503": "cn-shanghai-pudong-development",
  "622504": "cn-shanghai-pudong-development",
  "622505": "cn-shanghai-pudong-development",
  "622506": "cn-shanghai-pudong-development",
  "622507": "cn-shanghai-pudong-development",
  "622509": "cn-shanghai-pudong-development",
  "622510": "cn-shanghai-pudong-development",
  "622511": "cn-shanghai-pudong-development",
  "622512": "cn-shanghai-pudong-development",
  "622513": "cn-shanghai-pudong-development",
  "622514": "cn-shanghai-pudong-development",
  "622515": "cn-shanghai-pudong-development",
  "622516": "cn-shanghai-pudong-development",
  "622517": "cn-shanghai-pudong-development",
  "622518": "cn-shanghai-pudong-development",
  "622519": "cn-shanghai-pudong-development",
  "622520": "cn-shanghai-pudong-development",
  "622521": "cn-shanghai-pudong-development",
  "622522": "cn-shanghai-pudong-development",
  "622523": "cn-shanghai-pudong-development",
  "622524": "cn-shanghai-pudong-development",
  "622527": "cn-shanghai-pudong-development",
  "622528": "cn-shanghai-pudong-development",
  "622529": "cn-shanghai-pudong-development",
  "622530": "cn-shanghai-pudong-development",
  "622531": "cn-shanghai-pudong-development",
  "622532": "cn-shanghai-pudong-development",
  "622533": "cn-shanghai-pudong-development",
  "622534": "cn-shanghai-pudong-development",
  "622537": "cn-shanghai-pudong-development",
  "622540": "cn-shanghai-pudong-development",
  "622541": "cn-shanghai-pudong-development",
  "622542": "cn-shanghai-pudong-development",
  "622543": "cn-shanghai-pudong-development",
  "622544": "cn-shanghai-pudong-development",
  "622545": "cn-shanghai-pudong-development",
  "622546": "cn-shanghai-pudong-development",
  "622547": "cn-shanghai-pudong-development",
  "622548": "cn-shanghai-pudong-development",
  "622549": "cn-shanghai-pudong-development",
  "622550": "cn-shanghai-pudong-development",
  "622551": "cn-shanghai-pudong-development",
  "622552": "cn-shanghai-pudong-development",
  "622553": "cn-shanghai-pudong-development",
  "622554": "cn-shanghai-pudong-development",
  "622555": "cn-guangfa",
  "622556": "cn-guangfa",
  "622557": "cn-guangfa",
  "622558": "cn-guangfa",
  "622559": "cn-guangfa",
  "622560": "cn-guangfa",
  "622561": "cn-shanghai-pudong-development",
  "622562": "cn-shanghai-pudong-development",
  "622563": "cn-shanghai-pudong-development",
  "622564": "cn-shanghai-pudong-development",
  "622565": "cn-shanghai-pudong-development",
  "622568": "cn-guangfa",
  "622569": "cn-shanghai-pudong-development",
  "622570": "cn-everbright",
  "622571": "cn-shanghai-pudong-development",
  "622572": "cn-shanghai-pudong-development",
  "622573": "cn-shanghai-pudong-development",
  "622574": "cn-shanghai-pudong-development",
  "622575": "cn-merchants",
  "622576": "cn-merchants",
  "622577": "cn-merchants",
  "622578": "cn-merchants",
  "622579": "cn-merchants",
  "622580": "cn-merchants",
  "622581": "cn-merchants",
  "622582": "cn-merchants",
  "622585": "cn-shanghai-pudong-development",
  "622586": "cn-shanghai-pudong-development",
  "622587": "cn-shanghai-pudong-development",
  "622588": "cn-merchants",
  "622589": "cn-shanghai-pudong-development",
  "622590": "cn-shanghai-pudong-development",
  "622591": "cn-shanghai-pudong-development",
  "622592": "cn-shanghai-pudong-development",
  "622593": "cn-shanghai-pudong-development",
  "622594": "cn-shanghai-pudong-development",
  "622598": "cn-merchants",
  "622608": "cn-merchants",
  "622609": "cn-merchants",
  "622650": "cn-everbright",
  "622655": "cn-everbright",
  "622656": "cn-communications",
  "622657": "cn-everbright",
  "622658": "cn-everbright",
  "622659": "cn-everbright",
  "622660": "cn-everbright",
  "622661": "cn-everbright",
  "622662": "cn-everbright",
  "622663": "cn-everbright",
  "622664": "cn-everbright",
  "622665": "cn-everbright",
  "622666": "cn-everbright",
  "622667": "cn-everbright",
  "622668": "cn-everbright",
  "622669": "cn-everbright",
  "622670": "cn-everbright",
  "622671": "cn-everbright",
  "622672": "cn-everbright",
  "622673": "cn-everbright",
  "622674": "cn-everbright",
  "622675": "cn-construction",
  "622676": "cn-construction",
  "622677": "cn-construction",
  "622680": "cn-citic-bank-corp",
  "622685": "cn-everbright",
  "622687": "cn-everbright",
  "622690": "cn-citic-bank-corp",
  "622696": "cn-citic-bank-corp",
  "622698": "cn-citic-bank-corp",
  "622700": "cn-construction",
  "622707": "cn-construction",
  "622708": "cn-construction",
  "622725": "cn-construction",
  "622728": "cn-construction",
  "622750": "cn-boc",
  "622751": "cn-boc",
  "622752": "cn-boc",
  "622753": "cn-boc",
  "622754": "cn-boc",
  "622755": "cn-boc",
  "622756": "cn-boc",
  "622757": "cn-boc",
  "622758": "cn-boc",
  "622759": "cn-boc",
  "622760": "cn-boc",
  "622761": "cn-boc",
  "622762": "cn-boc",
  "622763": "cn-boc",
  "622788": "cn-boc",
  "622789": "cn-boc",
  "622820": "cn-abc",
  "622821": "cn-abc",
  "622822": "cn-abc",
  "622823": "cn-abc",
  "622824": "cn-abc",
  "622825": "cn-abc",
  "622826": "cn-abc",
  "622827": "cn-abc",
  "622828": "cn-abc",
  "622830": "cn-abc",
  "622836": "cn-abc",
  "622837": "cn-abc",
  "622838": "cn-abc",
  "622840": "cn-abc",
  "622841": "cn-abc",
  "622843": "cn-abc",
  "622844": "cn-abc",
  "622845": "cn-abc",
  "622846": "cn-abc",
  "622847": "cn-abc",
  "622848": "cn-abc",
  "622849": "cn-abc",
  "622889": "cn-icbc",
  "622944": "cn-icbc",
  "622949": "cn-icbc",
  "622966": "cn-construction",
  "622988": "cn-construction",
  "623018": "cn-abc",
  "623034": "cn-icbc",
  "623062": "cn-icbc",
  "623206": "cn-abc",
  "623208": "cn-boc",
  "623211": "cn-construction",
  "623218": "cn-boc",
  "623219": "cn-boc",
  "623362": "cn-boc",
  "625017": "cn-icbc",
  "625018": "cn-icbc",
  "625019": "cn-icbc",
  "625028": "cn-communications",
  "625029": "cn-communications",
  "625040": "cn-boc",
  "625041": "cn-boc",
  "625042": "cn-boc",
  "625043": "cn-boc",
  "625044": "cn-boc",
  "625046": "cn-boc",
  "625048": "cn-boc",
  "625053": "cn-boc",
  "625055": "cn-boc",
  "625058": "cn-boc",
  "625060": "cn-boc",
  "625071": "cn-guangfa",
  "625072": "cn-guangfa",
  "625113": "cn-icbc",
  "625114": "cn-icbc",
  "625140": "cn-boc",
  "625330": "cn-icbc",
  "625331": "cn-icbc",
  "625332": "cn-icbc",
  "625333": "cn-boc",
  "625336": "cn-abc",
  "625337": "cn-boc",
  "625338": "cn-boc",
  "625339": "cn-everbright",
  "625362": "cn-construction",
  "625363": "cn-construction",
  "625802": "cn-merchants",
  "625803": "cn-merchants",
  "625826": "cn-abc",
  "625827": "cn-abc",
  "625858": "cn-icbc",
  "625900": "cn-icbc",
  "625905": "cn-boc",
  "625906": "cn-boc",
  "625907": "cn-boc",
  "625914": "cn-icbc",
  "625915": "cn-icbc",
  "625916": "cn-icbc",
  "625917": "cn-icbc",
  "625920": "cn-icbc",
  "625921": "cn-icbc",
  "625922": "cn-icbc",
  "625924": "cn-icbc",
  "625926": "cn-icbc",
  "625927": "cn-icbc",
  "625928": "cn-icbc",
  "625929": "cn-icbc",
  "625930": "cn-icbc",
  "625931": "cn-icbc",
  "625933": "cn-icbc",
  "625934": "cn-icbc",
  "625942": "cn-icbc",
  "625955": "cn-construction",
  "625956": "cn-construction",
  "625964": "cn-construction",
  "625965": "cn-construction",
  "625966": "cn-construction",
  "625975": "cn-everbright",
  "625976": "cn-everbright",
  "625977": "cn-everbright",
  "625978": "cn-everbright",
  "625979": "cn-everbright",
  "625980": "cn-everbright",
  "625981": "cn-everbright",
  "625986": "cn-icbc",
  "625987": "cn-icbc",
  "625993": "cn-shanghai-pudong-development",
  "625996": "cn-abc",
  "625997": "cn-abc",
  "625998": "cn-abc",
  "628201": "cn-everbright",
  "628202": "cn-everbright",
  "628216": "cn-communications",
  "628218": "cn-communications",
  "628221": "cn-shanghai-pudong-development",
  "628222": "cn-shanghai-pudong-development",
  "628259": "cn-guangfa",
  "628260": "cn-guangfa",
  "628262": "cn-merchants",
  "628266": "cn-construction",
  "628268": "cn-abc",
  "628269": "cn-abc",
  "628286": "cn-icbc",
  "628288": "cn-icbc",
  "628290": "cn-merchants",
  "628310": "cn-boc",
  "628312": "cn-boc",
  "628313": "cn-boc",
  "628316": "cn-construction",
  "628317": "cn-construction",
  "628362": "cn-merchants",
  "628366": "cn-construction",
  "628388": "cn-boc",
  "632062": "cn-icbc",
  "639623": "cn-boc",
  "670982": "cn-icbc",
  "671161": "cn-icbc",
  "685800": "cn-guangfa",
  "690750": "cn-merchants",
  "690751": "cn-merchants",
  "690752": "cn-merchants",
  "690753": "cn-merchants",
  "690754": "cn-merchants",
  "690755": "cn-merchants",
  "690756": "cn-merchants",
  "690757": "cn-merchants",
  "690758": "cn-merchants",
  "690759": "cn-merchants",
  "900300": "cn-everbright",
  "900301": "cn-everbright",
  "900302": "cn-everbright",
  "900303": "cn-everbright",
  "900304": "cn-everbright",
  "900305": "cn-everbright",
  "900306": "cn-everbright",
  "900307": "cn-everbright",
  "900308": "cn-everbright",
  "900309": "cn-everbright",
  "911100": "cn-guangfa",
  "911101": "cn-guangfa",
  "911102": "cn-guangfa",
  "911103": "cn-guangfa",
  "911104": "cn-guangfa",
  "911105": "cn-guangfa",
  "911106": "cn-guangfa",
  "911107": "cn-guangfa",
  "911108": "cn-guangfa",
  "911109": "cn-guangfa",
  "911110": "cn-guangfa",
  "911111": "cn-guangfa",
  "911112": "cn-guangfa",
  "911113": "cn-guangfa",
  "911114": "cn-guangfa",
  "911115": "cn-guangfa",
  "911116": "cn-guangfa",
  "911117": "cn-guangfa",
  "911118": "cn-guangfa",
  "911119": "cn-guangfa",
  "911120": "cn-guangfa",
  "911121": "cn-guangfa",
  "911122": "cn-guangfa",
  "911123": "cn-guangfa",
  "911124": "cn-guangfa",
  "911125": "cn-guangfa",
  "911126": "cn-guangfa",
  "911127": "cn-guangfa",
  "911128": "cn-guangfa",
  "911129": "cn-guangfa",
  "911130": "cn-guangfa",
  "911131": "cn-guangfa",
  "911132": "cn-guangfa",
  "911133": "cn-guangfa",
  "911134": "cn-guangfa",
  "911135": "cn-guangfa",
  "911136": "cn-guangfa",
  "911137": "cn-guangfa",
  "911138": "cn-guangfa",
  "911139": "cn-guangfa",
  "911140": "cn-guangfa",
  "911141": "cn-guangfa",
  "911142": "cn-guangfa",
  "911143": "cn-guangfa",
  "911144": "cn-guangfa",
  "911145": "cn-guangfa",
  "911146": "cn-guangfa",
  "911147": "cn-guangfa",
  "911148": "cn-guangfa",
  "911149": "cn-guangfa",
  "911150": "cn-guangfa",
  "911151": "cn-guangfa",
  "911152": "cn-guangfa",
  "911153": "cn-guangfa",
  "911154": "cn-guangfa",
  "911155": "cn-guangfa",
  "911156": "cn-guangfa",
  "911157": "cn-guangfa",
  "911158": "cn-guangfa",
  "911159": "cn-guangfa",
  "911160": "cn-guangfa",
  "911161": "cn-guangfa",
  "911162": "cn-guangfa",
  "911163": "cn-guangfa",
  "911164": "cn-guangfa",
  "911165": "cn-guangfa",
  "911166": "cn-guangfa",
  "911167": "cn-guangfa",
  "911168": "cn-guangfa",
  "911169": "cn-guangfa",
  "911170": "cn-guangfa",
  "911171": "cn-guangfa",
  "911172": "cn-guangfa",
  "911173": "cn-guangfa",
  "911174": "cn-guangfa",
  "911175": "cn-guangfa",
  "911176": "cn-guangfa",
  "911177": "cn-guangfa",
  "911178": "cn-guangfa",
  "911179": "cn-guangfa",
  "911180": "cn-guangfa",
  "911181": "cn-guangfa",
  "911182": "cn-guangfa",
  "911183": "cn-guangfa",
  "911184": "cn-guangfa",
  "911185": "cn-guangfa",
  "911186": "cn-guangfa",
  "911187": "cn-guangfa",
  "911188": "cn-guangfa",
  "911189": "cn-guangfa",
  "911190": "cn-guangfa",
  "911191": "cn-guangfa",
  "911192": "cn-guangfa",
  "911193": "cn-guangfa",
  "911194": "cn-guangfa",
  "911195": "cn-guangfa",
  "911196": "cn-guangfa",
  "911197": "cn-guangfa",
  "911198": "cn-guangfa",
  "911199": "cn-guangfa",
  "955550": "cn-merchants",
  "955590": "cn-communications",
  "955591": "cn-communications",
  "955592": "cn-communications",
  "955593": "cn-communications",
  "955880": "cn-icbc",
  "955881": "cn-icbc",
  "955882": "cn-icbc",
  "955888": "cn-icbc",
  "955990": "cn-abc",
  "955991": "cn-abc",
  "955992": "cn-abc",
  "955993": "cn-abc",
  "955994": "cn-abc",
  "955995": "cn-abc",
  "955996": "cn-abc",
  "955997": "cn-abc",
  "955998": "cn-abc",
  "955999": "cn-abc",
  "984300": "cn-shanghai-pudong-development",
  "984301": "cn-shanghai-pudong-development",
  "984302": "cn-shanghai-pudong-development",
  "984303": "cn-shanghai-pudong-development"
}