{
  "375157": "fr-credit-mutuel",
  "375420": "fr-credit-mutuel",
  "401005": "fr-credit-nord",
  "401006": "fr-credit-nord",
  "402096": "fr-natixis",
  "402097": "fr-natixis",
  "402205": "fr-natixis",
  "402210": "fr-natixis",
  "402230": "fr-natixis",
  "402231": "fr-natixis",
  "403550": "fr-sgg",
  "403579": "fr-hsbc",
  "405684": "fr-sgg",
  "405685": "fr-sgg",
  "405686": "fr-sgg",
  "406274": "fr-sgg",
  "406572": "fr-credit-mutuel",
  "406713": "fr-bnp",
  "406715": "fr-bnp",
  "406717": "fr-bnp",
  "407461": "fr-bnp",
  "407462": "fr-bnp",
  "407463": "fr-bnp",
  "407481": "fr-bnp",
  "407482": "fr-bnp",
  "407483": "fr-bnp",
  "415037": "fr-lcl",
  "415038": "fr-lcl",
  "415056": "fr-sgg",
  "415059": "fr-postale",
  "415094": "fr-lcl",
  "415095": "fr-lcl",
  "416356": "fr-bnp",
  "416453": "fr-bnp",
  "417174": "fr-ab",
  "417175": "fr-ab",
  "417978": "fr-bnp",
  "417979": "fr-bnp",
  "417980": "fr-bnp",
  "419935": "fr-natixis",
  "419936": "fr-natixis",
  "420110": "fr-ce",
  "420117": "fr-ce",
  "420118": "fr-ce",
  "420119": "fr-ce",
  "420120": "fr-ce",
  "420121": "fr-ce",
  "420122": "fr-ce",
  "420123": "fr-ce",
  "420124": "fr-ce",
  "421686": "fr-bnp",
  "422651": "fr-bnp",
  "423460": "fr-ab",
  "427301": "fr-sgg",
  "435203": "fr-sgg",
  "435204": "fr-sgg",
  "437829": "fr-natixis",
  "437830": "fr-natixis",
  "437831": "fr-natixis",
  "437832": "fr-natixis",
  "437833": "fr-natixis",
  "437835": "fr-natixis",
  "437836": "fr-natixis",
  "437875": "fr-bnp",
  "437877": "fr-bnp",
  "437878": "fr-bnp",
  "437879": "fr-bnp",
  "438302": "fr-sgg",
  "438303": "fr-sgg",
  "438313": "fr-ce",
  "438314": "fr-ce",
  "438315": "fr-natixis",
  "438316": "fr-natixis",
  "438317": "fr-natixis",
  "439508": "fr-sgg",
  "439509": "fr-sgg",
  "439510": "fr-sgg",
  "439511": "fr-sgg",
  "439512": "fr-sgg",
  "439513": "fr-sgg",
  "439514": "fr-sgg",
  "439515": "fr-sgg",
  "439850": "fr-ce",
  "442448": "fr-bnp",
  "442449": "fr-bnp",
  "442450": "fr-bnp",
  "442451": "fr-bnp",
  "442452": "fr-bnp",
  "442453": "fr-bnp",
  "442454": "fr-bnp",
  "442455": "fr-bnp",
  "442456": "fr-bnp",
  "442457": "fr-bnp",
  "443951": "fr-sgg",
  "443952": "fr-sgg",
  "443953": "fr-sgg",
  "444056": "fr-sgg",
  "448412": "fr-bnp",
  "448413": "fr-bnp",
  "448414": "fr-natixis",
  "448415": "fr-natixis",
  "448416": "fr-hsbc",
  "448417": "fr-hsbc",
  "448539": "fr-sgg",
  "448552": "fr-sgg",
  "449950": "fr-natixis",
  "449951": "fr-natixis",
  "449952": "fr-natixis",
  "449953": "fr-natixis",
  "449954": "fr-natixis",
  "449955": "fr-natixis",
  "449956": "fr-natixis",
  "449957": "fr-natixis",
  "449958": "fr-natixis",
  "449959": "fr-natixis",
  "449960": "fr-natixis",
  "449961": "fr-natixis",
  "449962": "fr-natixis",
  "449963": "fr-natixis",
  "449964": "fr-natixis",
  "449965": "fr-natixis",
  "449966": "fr-natixis",
  "449967": "fr-natixis",
  "449968": "fr-natixis",
  "449969": "fr-natixis",
  "449970": "fr-natixis",
  "449971": "fr-natixis",
  "449972": "fr-natixis",
  "449973": "fr-natixis",
  "449974": "fr-natixis",
  "449975": "fr-natixis",
  "450484": "fr-natixis",
  "450519": "fr-ab",
  "450544": "fr-natixis",
  "450560": "fr-ab",
  "451199": "fr-sgg",
  "453300": "fr-cag",
  "453301": "fr-cag",
  "453302": "fr-cag",
  "453303": "fr-cag",
  "453304": "fr-cag",
  "453305": "fr-cag",
  "453306": "fr-cag",
  "453307": "fr-cag",
  "453308": "fr-cag",
  "453309": "fr-cag",
  "453310": "fr-cag",
  "453311": "fr-cag",
  "453312": "fr-cag",
  "453313": "fr-cag",
  "453314": "fr-cag",
  "453315": "fr-cag",
  "453316": "fr-cag",
  "453317": "fr-cag",
  "453318": "fr-cag",
  "453319": "fr-cag",
  "453320": "fr-cag",
  "453321": "fr-cag",
  "453322": "fr-cag",
  "453323": "fr-cag",
  "453324": "fr-cag",
  "453325": "fr-cag",
  "453326": "fr-cag",
  "453327": "fr-cag",
  "453328": "fr-cag",
  "453329": "fr-cag",
  "453330": "fr-cag",
  "453331": "fr-cag",
  "453332": "fr-cag",
  "453333": "fr-cag",
  "453334": "fr-cag",
  "453335": "fr-cag",
  "453336": "fr-cag",
  "453337": "fr-cag",
  "453338": "fr-cag",
  "453339": "fr-cag",
  "453340": "fr-cag",
  "453342": "fr-cag",
  "453343": "fr-cag",
  "453344": "fr-cag",
  "453345": "fr-cag",
  "453346": "fr-cag",
  "453347": "fr-cag",
  "453348": "fr-cag",
  "453349": "fr-cag",
  "453350": "fr-cag",
  "453351": "fr-cag",
  "453352": "fr-cag",
  "453353": "fr-cag",
  "453354": "fr-cag",
  "453355": "fr-cag",
  "453356": "fr-cag",
  "453357": "fr-cag",
  "453358": "fr-cag",
  "453359": "fr-cag",
  "453360": "fr-cag",
  "453361": "fr-cag",
  "453362": "fr-cag",
  "453363": "fr-cag",
  "453364": "fr-cag",
  "453365": "fr-cag",
  "453366": "fr-cag",
  "453367": "fr-cag",
  "453368": "fr-cag",
  "453369": "fr-cag",
  "453370": "fr-cag",
  "453371": "fr-cag",
  "453372": "fr-cag",
  "453373": "fr-cag",
  "453374": "fr-cag",
  "453375": "fr-cag",
  "453376": "fr-cag",
  "453377": "fr-cag",
  "453378": "fr-cag",
  "453379": "fr-cag",
  "453380": "fr-cag",
  "453381": "fr-cag",
  "453382": "fr-cag",
  "453383": "fr-cag",
  "453384": "fr-cag",
  "453385": "fr-cag",
  "453386": "fr-cag",
  "453387": "fr-cag",
  "453388": "fr-cag",
  "453389": "fr-cag",
  "453390": "fr-cag",
  "453391": "fr-cag",
  "453392": "fr-cag",
  "453393": "fr-cag",
  "453394": "fr-cag",
  "453395": "fr-cag",
  "453396": "fr-cag",
  "453397": "fr-cag",
  "453398": "fr-cag",
  "453399": "fr-cag",
  "455601": "fr-natixis",
  "455660": "fr-natixis",
  "455661": "fr-ce",
  "455662": "fr-sgg",
  "455664": "fr-natixis",
  "455670": "fr-cic",
  "455672": "fr-cic",
  "455673": "fr-cic",
  "455675": "fr-credit-nord",
  "455677": "fr-credit-nord",
  "455678": "fr-credit-nord",
  "455679": "fr-credit-nord",
  "455680": "fr-credit-nord",
  "455681": "fr-credit-nord",
  "455682": "fr-credit-nord",
  "455683": "fr-credit-nord",
  "455684": "fr-credit-nord",
  "455685": "fr-natixis",
  "455688": "fr-credit-nord",
  "455689": "fr-credit-nord",
  "455691": "fr-credit-nord",
  "455692": "fr-credit-nord",
  "455693": "fr-credit-nord",
  "455694": "fr-credit-nord",
  "455800": "fr-cag",
  "455882": "fr-cag",
  "455883": "fr-cag",
  "455884": "fr-cag",
  "455885": "fr-cag",
  "455887": "fr-cag",
  "455888": "fr-cag",
  "455889": "fr-cag",
  "455891": "fr-cag",
  "455892": "fr-cag",
  "455897": "fr-cag",
  "455899": "fr-cag",
  "456100": "fr-hsbc",
  "456101": "fr-natixis",
  "456102": "fr-hsbc",
  "456103": "fr-hsbc",
  "456104": "fr-natixis",
  "456105": "fr-natixis",
  "456106": "fr-ce",
  "456107": "fr-hsbc",
  "456108": "fr-credit-nord",
  "456109": "fr-sgg",
  "456110": "fr-natixis",
  "456111": "fr-hsbc",
  "456112": "fr-hsbc",
  "456113": "fr-natixis",
  "456114": "fr-hsbc",
  "456115": "fr-hsbc",
  "456116": "fr-natixis",
  "456117": "fr-natixis",
  "456118": "fr-sgg",
  "456119": "fr-natixis",
  "456120": "fr-sgg",
  "456121": "fr-hsbc",
  "456122": "fr-hsbc",
  "456123": "fr-bnp",
  "456124": "fr-natixis",
  "456125": "fr-natixis",
  "456126": "fr-hsbc",
  "456127": "fr-credit-mutuel",
  "456128": "fr-sgg",
  "456129": "fr-hsbc",
  "456130": "fr-hsbc",
  "456131": "fr-hsbc",
  "456132": "fr-hsbc",
  "456134": "fr-natixis",
  "456135": "fr-natixis",
  "456136": "fr-sgg",
  "456138": "fr-hsbc",
  "456139": "fr-natixis",
  "456140": "fr-sgg",
  "456141": "fr-sgg",
  "456142": "fr-sgg",
  "456143": "fr-sgg",
  "456144": "fr-sgg",
  "456145": "fr-sgg",
  "456146": "fr-sgg",
  "456147": "fr-sgg",
  "456148": "fr-natixis",
  "456149": "fr-sgg",
  "456150": "fr-sgg",
  "456151": "fr-sgg",
  "456152": "fr-sgg",
  "456153": "fr-sgg",
  "456154": "fr-sgg",
  "456155": "fr-sgg",
  "456156": "fr-ce",
  "456157": "fr-sgg",
  "456158": "fr-sgg",
  "456159": "fr-sgg",
  "456160": "fr-sgg",
  "456161": "fr-sgg",
  "456162": "fr-sgg",
  "456163": "fr-sgg",
  "456164": "fr-cag",
  "456165": "fr-sgg",
  "456166": "fr-sgg",
  "456167": "fr-sgg",
  "456168": "fr-sgg",
  "456169": "fr-sgg",
  "456170": "fr-sgg",
  "456172": "fr-sgg",
  "456173": "fr-sgg",
  "456174": "fr-sgg",
  "456175": "fr-sgg",
  "456176": "fr-natixis",
  "456177": "fr-sgg",
  "456178": "fr-natixis",
  "456179": "fr-sgg",
  "456180": "fr-natixis",
  "456181": "fr-sgg",
  "456182": "fr-sgg",
  "456183": "fr-sgg",
  "456184": "fr-sgg",
  "456185": "fr-natixis",
  "456186": "fr-sgg",
  "456187": "fr-sgg",
  "456188": "fr-sgg",
  "456189": "fr-natixis",
  "456190": "fr-cic",
  "456191": "fr-natixis",
  "456192": "fr-natixis",
  "456193": "fr-natixis",
  "456194": "fr-credit-nord",
  "456195": "fr-ce",
  "456196": "fr-hsbc",
  "456197": "fr-natixis",
  "456198": "fr-natixis",
  "456199": "fr-natixis",
  "456200": "fr-sgg",
  "456201": "fr-sgg",
  "456209": "fr-credit-nord",
  "456213": "fr-natixis",
  "456214": "fr-natixis",
  "456215": "fr-natixis",
  "456216": "fr-natixis",
  "456217": "fr-ce",
  "456218": "fr-ce",
  "456220": "fr-cag",
  "456221": "fr-natixis",
  "456223": "fr-credit-nord",
  "456224": "fr-ce",
  "456225": "fr-credit-nord",
  "456226": "fr-credit-nord",
  "456227": "fr-natixis",
  "456230": "fr-natixis",
  "456231": "fr-natixis",
  "456232": "fr-natixis",
  "456233": "fr-natixis",
  "456234": "fr-natixis",
  "456235": "fr-natixis",
  "456236": "fr-natixis",
  "456237": "fr-natixis",
  "456238": "fr-natixis",
  "456239": "fr-natixis",
  "456240": "fr-natixis",
  "456241": "fr-natixis",
  "456242": "fr-natixis",
  "456243": "fr-natixis",
  "456245": "fr-natixis",
  "456246": "fr-natixis",
  "456248": "fr-natixis",
  "456249": "fr-natixis",
  "456250": "fr-natixis",
  "456255": "fr-ce",
  "456256": "fr-cag",
  "456261": "fr-sgg",
  "456262": "fr-ce",
  "456263": "fr-natixis",
  "456264": "fr-credit-nord",
  "456265": "fr-natixis",
  "456266": "fr-natixis",
  "456268": "fr-natixis",
  "456270": "fr-credit-nord",
  "456271": "fr-bnp",
  "456272": "fr-credit-nord",
  "456273": "fr-credit-nord",
  "456274": "fr-credit-nord",
  "456275": "fr-credit-nord",
  "456276": "fr-bnp",
  "456277": "fr-credit-nord",
  "456278": "fr-credit-nord",
  "456279": "fr-credit-nord",
  "456280": "fr-natixis",
  "456281": "fr-bnp",
  "456282": "fr-bnp",
  "456283": "fr-natixis",
  "456284": "fr-natixis",
  "456285": "fr-credit-nord",
  "456286": "fr-hsbc",
  "456287": "fr-ce",
  "456288": "fr-ce",
  "456289": "fr-bnp",
  "456290": "fr-cic",
  "456291": "fr-ce",
  "456292": "fr-natixis",
  "456293": "fr-ce",
  "456294": "fr-natixis",
  "456295": "fr-cic",
  "456296": "fr-natixis",
  "456297": "fr-sgg",
  "456298": "fr-cic",
  "456299": "fr-cic",
  "456728": "fr-lcl",
  "457200": "fr-natixis",
  "457202": "fr-natixis",
  "457203": "fr-natixis",
  "457211": "fr-natixis",
  "457212": "fr-natixis",
  "457213": "fr-natixis",
  "457214": "fr-natixis",
  "457452": "fr-bnp",
  "457717": "fr-sgg",
  "458278": "fr-sgg",
  "459246": "fr-natixis",
  "459296": "fr-natixis",
  "459297": "fr-natixis",
  "459302": "fr-credit-mutuel",
  "459320": "fr-natixis",
  "459329": "fr-credit-mutuel",
  "459330": "fr-cic",
  "459331": "fr-cic",
  "459337": "fr-natixis",
  "459342": "fr-bnp",
  "459343": "fr-bnp",
  "459344": "fr-bnp",
  "459345": "fr-bnp",
  "459375": "fr-credit-mutuel",
  "459376": "fr-credit-mutuel",
  "459395": "fr-bpce",
  "459396": "fr-bpce",
  "459397": "fr-bpce",
  "459398": "fr-bpce",
  "459408": "fr-natixis",
  "459506": "fr-ce",
  "459507": "fr-natixis",
  "459519": "fr-credit-mutuel",
  "459531": "fr-cic",
  "459532": "fr-cic",
  "459546": "fr-natixis",
  "459547": "fr-natixis",
  "459548": "fr-natixis",
  "459549": "fr-natixis",
  "459584": "fr-bpce",
  "459585": "fr-bpce",
  "459586": "fr-ce",
  "459587": "fr-natixis",
  "462461": "fr-credit-mutuel",
  "463218": "fr-bpce",
  "463219": "fr-bpce",
  "463612": "fr-ce",
  "463613": "fr-bnp",
  "463614": "fr-credit-mutuel",
  "465476": "fr-sgg",
  "465477": "fr-sgg",
  "466014": "fr-natixis",
  "466091": "fr-natixis",
  "466092": "fr-natixis",
  "466258": "fr-cic",
  "466259": "fr-natixis",
  "466575": "fr-cic",
  "467038": "fr-natixis",
  "467039": "fr-natixis",
  "468966": "fr-natixis",
  "469166": "fr-natixis",
  "469698": "fr-natixis",
  "469722": "fr-sgg",
  "469747": "fr-credit-mutuel",
  "469781": "fr-bpce",
  "469782": "fr-bpce",
  "469783": "fr-bpce",
  "469794": "fr-bnp",
  "469795": "fr-bnp",
  "469796": "fr-bnp",
  "469797": "fr-bnp",
  "469798": "fr-bnp",
  "469804": "fr-credit-nord",
  "469805": "fr-credit-nord",
  "469806": "fr-credit-nord",
  "469807": "fr-credit-nord",
  "469829": "fr-credit-nord",
  "469830": "fr-credit-nord",
  "469861": "fr-credit-nord",
  "471389": "fr-sgg",
  "471513": "fr-bnp",
  "472601": "fr-natixis",
  "472602": "fr-natixis",
  "472632": "fr-natixis",
  "472633": "fr-natixis",
  "472650": "fr-natixis",
  "472686": "fr-bnp",
  "474277": "fr-bnp",
  "474802": "fr-natixis",
  "474803": "fr-natixis",
  "474804": "fr-natixis",
  "476620": "fr-natixis",
  "477137": "fr-natixis",
  "477171": "fr-natixis",
  "477172": "fr-natixis",
  "477173": "fr-sgg",
  "477174": "fr-sgg",
  "477181": "fr-natixis",
  "477182": "fr-natixis",
  "477183": "fr-natixis",
  "477185": "fr-natixis",
  "477186": "fr-natixis",
  "477187": "fr-natixis",
  "477188": "fr-natixis",
  "477221": "fr-natixis",
  "477222": "fr-natixis",
  "477265": "fr-credit-mutuel",
  "477273": "fr-natixis",
  "477293": "fr-cic",
  "478020": "fr-natixis",
  "478021": "fr-natixis",
  "478022": "fr-natixis",
  "478023": "fr-natixis",
  "478025": "fr-natixis",
  "478026": "fr-natixis",
  "478068": "fr-bnp",
  "478090": "fr-natixis",
  "478091": "fr-natixis",
  "478092": "fr-natixis",
  "478093": "fr-natixis",
  "478094": "fr-natixis",
  "478095": "fr-natixis",
  "479301": "fr-sgg",
  "479619": "fr-ab",
  "480256": "fr-bnp",
  "481142": "fr-ce",
  "481144": "fr-natixis",
  "481602": "fr-ce",
  "481603": "fr-ce",
  "481606": "fr-bnp",
  "481607": "fr-bnp",
  "481608": "fr-bnp",
  "483622": "fr-bnp",
  "483690": "fr-natixis",
  "483691": "fr-natixis",
  "483701": "fr-sgg",
  "483733": "fr-natixis",
  "483845": "fr-natixis",
  "485725": "fr-sgg",
  "486519": "fr-ce",
  "487220": "fr-ce",
  "487840": "fr-ce",
  "487903": "fr-ce",
  "487923": "fr-ce",
  "487931": "fr-ce",
  "487986": "fr-ce",
  "489441": "fr-natixis",
  "489492": "fr-natixis",
  "489493": "fr-natixis",
  "490114": "fr-natixis",
  "491081": "fr-credit-mutuel",
  "491401": "fr-bnp",
  "492708": "fr-ce",
  "492738": "fr-ce",
  "492740": "fr-ce",
  "492741": "fr-ce",
  "494023": "fr-cic",
  "496140": "fr-bnp",
  "497000": "fr-postale",
  "497001": "fr-postale",
  "497002": "fr-postale",
  "497004": "fr-postale",
  "497005": "fr-postale",
  "497006": "fr-postale",
  "497007": "fr-postale",
  "497008": "fr-postale",
  "497009": "fr-postale",
  "497010": "fr-postale",
  "497011": "fr-postale",
  "497012": "fr-postale",
  "497013": "fr-postale",
  "497014": "fr-postale",
  "497015": "fr-postale",
  "497016": "fr-postale",
  "497020": "fr-postale",
  "497023": "fr-postale",
  "497027": "fr-postale",
  "497028": "fr-postale",
  "497029": "fr-postale",
  "497030": "fr-postale",
  "497031": "fr-postale",
  "497032": "fr-postale",
  "497033": "fr-postale",
  "497034": "fr-postale",
  "497035": "fr-postale",
  "497036": "fr-postale",
  "497037": "fr-postale",
  "497038": "fr-postale",
  "497039": "fr-postale",
  "497040": "fr-postale",
  "497041": "fr-postale",
  "497042": "fr-postale",
  "497043": "fr-postale",
  "497044": "fr-postale",
  "497045": "fr-postale",
  "497046": "fr-postale",
  "497047": "fr-postale",
  "497048": "fr-postale",
  "497049": "fr-postale",
  "497050": "fr-postale",
  "497051": "fr-postale",
  "497052": "fr-postale",
  "497053": "fr-postale",
  "497054": "fr-postale",
  "497055": "fr-postale",
  "497056": "fr-postale",
  "497057": "fr-postale",
  "497058": "fr-postale",
  "497059": "fr-postale",
  "497060": "fr-postale",
  "497061": "fr-postale",
  "497062": "fr-postale",
  "497063": "fr-postale",
  "497064": "fr-postale",
  "497065": "fr-postale",
  "497066": "fr-postale",
  "497067": "fr-postale",
  "497068": "fr-postale",
  "497069": "fr-postale",
  "497070": "fr-postale",
  "497071": "fr-postale",
  "497072": "fr-postale",
  "497073": "fr-postale",
  "497074": "fr-postale",
  "497075": "fr-postale",
  "497076": "fr-postale",
  "497077": "fr-postale",
  "497078": "fr-postale",
  "497079": "fr-postale",
  "497080": "fr-postale",
  "497081": "fr-postale",
  "497082": "fr-postale",
  "497083": "fr-postale",
  "497084": "fr-postale",
  "497085": "fr-postale",
  "497086": "fr-postale",
  "497087": "fr-postale",
  "497088": "fr-postale",
  "497089": "fr-postale",
  "497090": "fr-postale",
  "497091": "fr-postale",
  "497092": "fr-postale",
  "497093": "fr-postale",
  "497094": "fr-postale",
  "497095": "fr-postale",
  "497096": "fr-postale",
  "497097": "fr-postale",
  "497098": "fr-postale",
  "497099": "fr-postale",
  "497100": "fr-hsbc",
  "497101": "fr-hsbc",
  "497103": "fr-hsbc",
  "497104": "fr-hsbc",
  "497105": "fr-hsbc",
  "497106": "fr-hsbc",
  "497107": "fr-hsbc",
  "497108": "fr-hsbc",
  "497109": "fr-hsbc",
  "497110": "fr-natixis",
  "497111": "fr-hsbc",
  "497112": "fr-hsbc",
  "497113": "fr-hsbc",
  "497114": "fr-hsbc",
  "497115": "fr-hsbc",
  "497116": "fr-natixis",
  "497117": "fr-hsbc",
  "497118": "fr-natixis",
  "497119": "fr-bnp",
  "497120": "fr-natixis",
  "497121": "fr-hsbc",
  "497122": "fr-hsbc",
  "497123": "fr-hsbc",
  "497124": "fr-hsbc",
  "497125": "fr-hsbc",
  "497126": "fr-hsbc",
  "497127": "fr-natixis",
  "497128": "fr-hsbc",
  "497129": "fr-hsbc",
  "497130": "fr-hsbc",
  "497131": "fr-hsbc",
  "497132": "fr-sgg",
  "497133": "fr-cic",
  "497134": "fr-sgg",
  "497135": "fr-hsbc",
  "497136": "fr-hsbc",
  "497137": "fr-hsbc",
  "497138": "fr-natixis",
  "497139": "fr-natixis",
  "497140": "fr-hsbc",
  "497141": "fr-hsbc",
  "497142": "fr-hsbc",
  "497144": "fr-sgg",
  "497146": "fr-hsbc",
  "497147": "fr-hsbc",
  "497148": "fr-natixis",
  "497150": "fr-natixis",
  "497151": "fr-cic",
  "497152": "fr-cic",
  "497153": "fr-natixis",
  "497154": "fr-hsbc",
  "497155": "fr-natixis",
  "497156": "fr-natixis",
  "497157": "fr-hsbc",
  "497158": "fr-hsbc",
  "497159": "fr-hsbc",
  "497160": "fr-hsbc",
  "497161": "fr-natixis",
  "497162": "fr-hsbc",
  "497163": "fr-natixis",
  "497165": "fr-natixis",
  "497166": "fr-hsbc",
  "497167": "fr-hsbc",
  "497168": "fr-hsbc",
  "497169": "fr-hsbc",
  "497170": "fr-cic",
  "497171": "fr-natixis",
  "497172": "fr-cic",
  "497174": "fr-cic",
  "497175": "fr-cic",
  "497176": "fr-cic",
  "497177": "fr-cic",
  "497178": "fr-hsbc",
  "497179": "fr-cic",
  "497180": "fr-ce",
  "497181": "fr-natixis",
  "497182": "fr-ce",
  "497183": "fr-ce",
  "497184": "fr-bnp",
  "497185": "fr-ce",
  "497186": "fr-natixis",
  "497187": "fr-ce",
  "497188": "fr-natixis",
  "497189": "fr-natixis",
  "497190": "fr-natixis",
  "497191": "fr-natixis",
  "497192": "fr-hsbc",
  "497193": "fr-ce",
  "497194": "fr-ce",
  "497195": "fr-ce",
  "497196": "fr-natixis",
  "497197": "fr-ce",
  "497198": "fr-sgg",
  "497199": "fr-natixis",
  "497211": "fr-credit-mutuel",
  "497220": "fr-cag",
  "497223": "fr-credit-nord",
  "497229": "fr-cag",
  "497234": "fr-natixis",
  "497235": "fr-sgg",
  "497236": "fr-sgg",
  "497238": "fr-sgg",
  "497249": "fr-sgg",
  "497256": "fr-cag",
  "497257": "fr-bnp",
  "497259": "fr-sgg",
  "497263": "fr-sgg",
  "497266": "fr-natixis",
  "497270": "fr-sgg",
  "497271": "fr-natixis",
  "497272": "fr-natixis",
  "497273": "fr-credit-nord",
  "497275": "fr-hsbc",
  "497279": "fr-hsbc",
  "497284": "fr-sgg",
  "497300": "fr-sgg",
  "497301": "fr-sgg",
  "497302": "fr-sgg",
  "497303": "fr-sgg",
  "497304": "fr-sgg",
  "497305": "fr-sgg",
  "497306": "fr-sgg",
  "497307": "fr-sgg",
  "497308": "fr-sgg",
  "497309": "fr-sgg",
  "497312": "fr-sgg",
  "497313": "fr-sgg",
  "497314": "fr-sgg",
  "497315": "fr-sgg",
  "497316": "fr-sgg",
  "497317": "fr-sgg",
  "497318": "fr-sgg",
  "497319": "fr-sgg",
  "497320": "fr-sgg",
  "497321": "fr-sgg",
  "497322": "fr-natixis",
  "497323": "fr-sgg",
  "497324": "fr-sgg",
  "497325": "fr-sgg",
  "497326": "fr-sgg",
  "497327": "fr-sgg",
  "497328": "fr-cic",
  "497329": "fr-sgg",
  "497330": "fr-sgg",
  "497331": "fr-sgg",
  "497332": "fr-sgg",
  "497333": "fr-sgg",
  "497334": "fr-sgg",
  "497335": "fr-sgg",
  "497336": "fr-sgg",
  "497337": "fr-natixis",
  "497338": "fr-sgg",
  "497339": "fr-sgg",
  "497340": "fr-sgg",
  "497341": "fr-sgg",
  "497342": "fr-sgg",
  "497350": "fr-sgg",
  "497351": "fr-sgg",
  "497352": "fr-sgg",
  "497353": "fr-sgg",
  "497354": "fr-natixis",
  "497355": "fr-sgg",
  "497356": "fr-ce",
  "497357": "fr-sgg",
  "497358": "fr-sgg",
  "497359": "fr-sgg",
  "497360": "fr-sgg",
  "497361": "fr-sgg",
  "497362": "fr-sgg",
  "497363": "fr-sgg",
  "497365": "fr-sgg",
  "497366": "fr-sgg",
  "497367": "fr-sgg",
  "497368": "fr-sgg",
  "497369": "fr-natixis",
  "497370": "fr-sgg",
  "497372": "fr-sgg",
  "497373": "fr-sgg",
  "497374": "fr-sgg",
  "497375": "fr-sgg",
  "497376": "fr-natixis",
  "497377": "fr-sgg",
  "497378": "fr-sgg",
  "497379": "fr-sgg",
  "497380": "fr-natixis",
  "497381": "fr-sgg",
  "497382": "fr-sgg",
  "497383": "fr-sgg",
  "497384": "fr-natixis",
  "497385": "fr-natixis",
  "497386": "fr-sgg",
  "497387": "fr-sgg",
  "497388": "fr-sgg",
  "497389": "fr-sgg",
  "497390": "fr-sgg",
  "497391": "fr-sgg",
  "497392": "fr-sgg",
  "497393": "fr-sgg",
  "497394": "fr-natixis",
  "497395": "fr-natixis",
  "497396": "fr-sgg",
  "497397": "fr-sgg",
  "497398": "fr-sgg",
  "497399": "fr-cag",
  "497400": "fr-bnp",
  "497401": "fr-bnp",
  "497402": "fr-bnp",
  "497403": "fr-bnp",
  "497404": "fr-bnp",
  "497405": "fr-bnp",
  "497406": "fr-bnp",
  "497407": "fr-bnp",
  "497408": "fr-bnp",
  "497410": "fr-bnp",
  "497411": "fr-bnp",
  "497412": "fr-bnp",
  "497413": "fr-bnp",
  "497414": "fr-bnp",
  "497416": "fr-bnp",
  "497417": "fr-bnp",
  "497418": "fr-bnp",
  "497419": "fr-natixis",
  "497420": "fr-natixis",
  "497421": "fr-natixis",
  "497422": "fr-natixis",
  "497423": "fr-natixis",
  "497424": "fr-natixis",
  "497425": "fr-natixis",
  "497426": "fr-natixis",
  "497427": "fr-natixis",
  "497428": "fr-natixis",
  "497429": "fr-natixis",
  "497430": "fr-natixis",
  "497431": "fr-natixis",
  "497432": "fr-natixis",
  "497433": "fr-natixis",
  "497434": "fr-natixis",
  "497435": "fr-natixis",
  "497436": "fr-natixis",
  "497437": "fr-natixis",
  "497438": "fr-natixis",
  "497439": "fr-natixis",
  "497440": "fr-natixis",
  "497441": "fr-natixis",
  "497442": "fr-natixis",
  "497443": "fr-natixis",
  "497444": "fr-natixis",
  "497445": "fr-natixis",
  "497446": "fr-natixis",
  "497447": "fr-natixis",
  "497448": "fr-natixis",
  "497449": "fr-natixis",
  "497450": "fr-bnp",
  "497451": "fr-natixis",
  "497452": "fr-bnp",
  "497453": "fr-bnp",
  "497454": "fr-bnp",
  "497455": "fr-bnp",
  "497456": "fr-sgg",
  "497457": "fr-sgg",
  "497458": "fr-bnp",
  "497459": "fr-bnp",
  "497461": "fr-bnp",
  "497462": "fr-bnp",
  "497464": "fr-bnp",
  "497465": "fr-bnp",
  "497466": "fr-bnp",
  "497467": "fr-bnp",
  "497468": "fr-bnp",
  "497470": "fr-bnp",
  "497471": "fr-bnp",
  "497472": "fr-bnp",
  "497473": "fr-bnp",
  "497474": "fr-bnp",
  "497475": "fr-bnp",
  "497476": "fr-bnp",
  "497477": "fr-sgg",
  "497478": "fr-bnp",
  "497479": "fr-bnp",
  "497480": "fr-bnp",
  "497481": "fr-bnp",
  "497482": "fr-bnp",
  "497483": "fr-bnp",
  "497484": "fr-natixis",
  "497485": "fr-natixis",
  "497486": "fr-bnp",
  "497487": "fr-bnp",
  "497488": "fr-bnp",
  "497489": "fr-bnp",
  "497490": "fr-bnp",
  "497491": "fr-bnp",
  "497492": "fr-bnp",
  "497495": "fr-bnp",
  "497496": "fr-bnp",
  "497497": "fr-bnp",
  "497498": "fr-bnp",
  "497499": "fr-bnp",
  "497500": "fr-natixis",
  "497501": "fr-natixis",
  "497502": "fr-natixis",
  "497503": "fr-natixis",
  "497504": "fr-natixis",
  "497505": "fr-natixis",
  "497506": "fr-sgg",
  "497507": "fr-sgg",
  "497508": "fr-natixis",
  "497509": "fr-natixis",
  "497510": "fr-natixis",
  "497511": "fr-natixis",
  "497512": "fr-natixis",
  "497513": "fr-natixis",
  "497514": "fr-natixis",
  "497515": "fr-natixis",
  "497516": "fr-natixis",
  "497517": "fr-natixis",
  "497518": "fr-natixis",
  "497519": "fr-natixis",
  "497520": "fr-natixis",
  "497521": "fr-natixis",
  "497522": "fr-natixis",
  "497523": "fr-natixis",
  "497524": "fr-natixis",
  "497525": "fr-natixis",
  "497526": "fr-natixis",
  "497527": "fr-natixis",
  "497528": "fr-natixis",
  "497529": "fr-natixis",
  "497530": "fr-natixis",
  "497531": "fr-natixis",
  "497532": "fr-natixis",
  "497533": "fr-natixis",
  "497534": "fr-natixis",
  "497535": "fr-natixis",
  "497536": "fr-natixis",
  "497537": "fr-natixis",
  "497538": "fr-natixis",
  "497539": "fr-natixis",
  "497541": "fr-natixis",
  "497542": "fr-natixis",
  "497544": "fr-natixis",
  "497546": "fr-natixis",
  "497547": "fr-natixis",
  "497548": "fr-natixis",
  "497549": "fr-natixis",
  "497550": "fr-sgg",
  "497551": "fr-natixis",
  "497552": "fr-natixis",
  "497553": "fr-natixis",
  "497554": "fr-natixis",
  "497556": "fr-natixis",
  "497557": "fr-natixis",
  "497558": "fr-natixis",
  "497559": "fr-natixis",
  "497560": "fr-natixis",
  "497561": "fr-natixis",
  "497562": "fr-natixis",
  "497563": "fr-natixis",
  "497564": "fr-natixis",
  "497565": "fr-natixis",
  "497566": "fr-natixis",
  "497567": "fr-natixis",
  "497568": "fr-natixis",
  "497569": "fr-natixis",
  "497570": "fr-natixis",
  "497571": "fr-natixis",
  "497572": "fr-natixis",
  "497573": "fr-natixis",
  "497574": "fr-natixis",
  "497575": "fr-natixis",
  "497576": "fr-natixis",
  "497577": "fr-natixis",
  "497578": "fr-natixis",
  "497579": "fr-natixis",
  "497580": "fr-natixis",
  "497581": "fr-natixis",
  "497582": "fr-natixis",
  "497583": "fr-natixis",
  "497584": "fr-natixis",
  "497585": "fr-natixis",
  "497586": "fr-natixis",
  "497587": "fr-natixis",
  "497588": "fr-natixis",
  "497589": "fr-natixis",
  "497590": "fr-natixis",
  "497591": "fr-natixis",
  "497593": "fr-natixis",
  "497594": "fr-natixis",
  "497595": "fr-natixis",
  "497596": "fr-natixis",
  "497597": "fr-natixis",
  "497598": "fr-natixis",
  "497599": "fr-natixis",
  "497600": "fr-cic",
  "497601": "fr-cic",
  "497602": "fr-cic",
  "497603": "fr-cic",
  "497604": "fr-cic",
  "497605": "fr-cic",
  "497606": "fr-cic",
  "497607": "fr-cic",
  "497608": "fr-cic",
  "497609": "fr-cic",
  "497610": "fr-cic",
  "497611": "fr-cic",
  "497612": "fr-cic",
  "497613": "fr-hsbc",
  "497614": "fr-natixis",
  "497615": "fr-cic",
  "497616": "fr-cic",
  "497617": "fr-cic",
  "497618": "fr-sgg",
  "497619": "fr-natixis",
  "497620": "fr-cic",
  "497621": "fr-cic",
  "497622": "fr-cic",
  "497623": "fr-cic",
  "497624": "fr-cic",
  "497625": "fr-cag",
  "497626": "fr-natixis",
  "497627": "fr-cic",
  "497628": "fr-natixis",
  "497629": "fr-cic",
  "497630": "fr-cic",
  "497631": "fr-cic",
  "497632": "fr-cic",
  "497633": "fr-cic",
  "497634": "fr-cic",
  "497635": "fr-cic",
  "497636": "fr-cic",
  "497637": "fr-hsbc",
  "497638": "fr-cic",
  "497639": "fr-cic",
  "497640": "fr-cic",
  "497641": "fr-credit-nord",
  "497643": "fr-cic",
  "497644": "fr-cic",
  "497645": "fr-cag",
  "497646": "fr-cic",
  "497647": "fr-credit-nord",
  "497648": "fr-cic",
  "497649": "fr-cic",
  "497650": "fr-sgg",
  "497652": "fr-cic",
  "497653": "fr-cic",
  "497654": "fr-cic",
  "497655": "fr-natixis",
  "497656": "fr-cic",
  "497657": "fr-cic",
  "497658": "fr-cic",
  "497659": "fr-cic",
  "497660": "fr-natixis",
  "497661": "fr-cic",
  "497662": "fr-cic",
  "497663": "fr-cic",
  "497664": "fr-cic",
  "497665": "fr-natixis",
  "497666": "fr-cic",
  "497667": "fr-cic",
  "497668": "fr-natixis",
  "497669": "fr-cic",
  "497670": "fr-credit-nord",
  "497671": "fr-credit-nord",
  "497672": "fr-credit-nord",
  "497673": "fr-credit-nord",
  "497674": "fr-credit-nord",
  "497675": "fr-credit-nord",
  "497676": "fr-credit-nord",
  "497677": "fr-natixis",
  "497678": "fr-credit-nord",
  "497679": "fr-credit-nord",
  "497680": "fr-bnp",
  "497681": "fr-credit-nord",
  "497682": "fr-natixis",
  "497683": "fr-credit-nord",
  "497684": "fr-credit-nord",
  "497685": "fr-cic",
  "497686": "fr-sgg",
  "497687": "fr-credit-nord",
  "497688": "fr-credit-nord",
  "497689": "fr-credit-nord",
  "497690": "fr-bnp",
  "497691": "fr-credit-nord",
  "497692": "fr-credit-nord",
  "497693": "fr-credit-nord",
  "497694": "fr-credit-nord",
  "497695": "fr-credit-nord",
  "497696": "fr-bnp",
  "497698": "fr-natixis",
  "497699": "fr-bnp",
  "497700": "fr-credit-mutuel",
  "497701": "fr-credit-mutuel",
  "497702": "fr-credit-mutuel",
  "497705": "fr-natixis",
  "497707": "fr-sgg",
  "497708": "fr-sgg",
  "497709": "fr-credit-mutuel",
  "497710": "fr-credit-mutuel",
  "497711": "fr-credit-mutuel",
  "497712": "fr-credit-mutuel",
  "497713": "fr-credit-mutuel",
  "497714": "fr-credit-mutuel",
  "497715": "fr-credit-mutuel",
  "497716": "fr-credit-mutuel",
  "497719": "fr-credit-mutuel",
  "497720": "fr-credit-mutuel",
  "497721": "fr-credit-mutuel",
  "497724": "fr-credit-mutuel",
  "497725": "fr-credit-mutuel",
  "497730": "fr-credit-mutuel",
  "497731": "fr-credit-mutuel",
  "497732": "fr-credit-mutuel",
  "497733": "fr-credit-mutuel",
  "497734": "fr-credit-mutuel",
  "497735": "fr-credit-mutuel",
  "497736": "fr-credit-mutuel",
  "497737": "fr-credit-mutuel",
  "497738": "fr-credit-mutuel",
  "497739": "fr-credit-mutuel",
  "497743": "fr-credit-mutuel",
  "497744": "fr-credit-mutuel",
  "497745": "fr-credit-mutuel",
  "497746": "fr-credit-mutuel",
  "497747": "fr-credit-mutuel",
  "497748": "fr-credit-mutuel",
  "497753": "fr-credit-mutuel",
  "497754": "fr-credit-mutuel",
  "497755": "fr-credit-mutuel",
  "497756": "fr-credit-mutuel",
  "497757": "fr-credit-mutuel",
  "497761": "fr-credit-mutuel",
  "497762": "fr-credit-mutuel",
  "497764": "fr-credit-mutuel",
  "497765": "fr-credit-mutuel",
  "497766": "fr-credit-mutuel",
  "497767": "fr-credit-mutuel",
  "497768": "fr-credit-mutuel",
  "497769": "fr-credit-mutuel",
  "497770": "fr-credit-mutuel",
  "497777": "fr-credit-mutuel",
  "497778": "fr-credit-mutuel",
  "497783": "fr-credit-mutuel",
  "497784": "fr-credit-mutuel",
  "497785": "fr-credit-mutuel",
  "497786": "fr-credit-mutuel",
  "497787": "fr-credit-mutuel",
  "497788": "fr-credit-mutuel",
  "497789": "fr-credit-mutuel",
  "497797": "fr-credit-mutuel",
  "497800": "fr-ce",
  "497801": "fr-ce",
  "497802": "fr-ce",
  "497803": "fr-ce",
  "497804": "fr-ce",
  "497805": "fr-ce",
  "497806": "fr-ce",
  "497807": "fr-ce",
  "497808": "fr-ce",
  "497809": "fr-ce",
  "497810": "fr-ce",
  "497811": "fr-ce",
  "497812": "fr-ce",
  "497813": "fr-ce",
  "497814": "fr-ce",
  "497815": "fr-ce",
  "497816": "fr-ce",
  "497817": "fr-ce",
  "497818": "fr-ce",
  "497819": "fr-ce",
  "497820": "fr-ce",
  "497821": "fr-ce",
  "497822": "fr-ce",
  "497823": "fr-ce",
  "497824": "fr-ce",
  "497825": "fr-ce",
  "497826": "fr-ce",
  "497827": "fr-ce",
  "497828": "fr-ce",
  "497829": "fr-ce",
  "497830": "fr-ce",
  "497831": "fr-bpce",
  "497832": "fr-ce",
  "497833": "fr-ce",
  "497834": "fr-ce",
  "497835": "fr-ce",
  "497836": "fr-ce",
  "497837": "fr-ce",
  "497838": "fr-ce",
  "497839": "fr-ce",
  "497840": "fr-ce",
  "497841": "fr-ce",
  "497842": "fr-ce",
  "497843": "fr-ce",
  "497844": "fr-ce",
  "497845": "fr-ce",
  "497846": "fr-ce",
  "497847": "fr-ce",
  "497848": "fr-ce",
  "497849": "fr-ce",
  "497850": "fr-ce",
  "497851": "fr-ce",
  "497852": "fr-ce",
  "497853": "fr-ce",
  "497854": "fr-ce",
  "497855": "fr-ce",
  "497856": "fr-ce",
  "497857": "fr-ce",
  "497858": "fr-ce",
  "497859": "fr-ce",
  "497860": "fr-ce",
  "497861": "fr-ce",
  "497862": "fr-ce",
  "497863": "fr-ce",
  "497864": "fr-ce",
  "497865": "fr-ce",
  "497866": "fr-ce",
  "497867": "fr-ce",
  "497868": "fr-ce",
  "497869": "fr-ce",
  "497870": "fr-ce",
  "497871": "fr-ce",
  "497872": "fr-ce",
  "497873": "fr-ce",
  "497874": "fr-ce",
  "497875": "fr-ce",
  "497876": "fr-ce",
  "497877": "fr-ce",
  "497879": "fr-ce",
  "497880": "fr-ce",
  "497881": "fr-ce",
  "497882": "fr-ce",
  "497883": "fr-ce",
  "497884": "fr-ce",
  "497885": "fr-ce",
  "497886": "fr-ce",
  "497887": "fr-ce",
  "497888": "fr-ce",
  "497889": "fr-ce",
  "497890": "fr-ce",
  "497891": "fr-ce",
  "497892": "fr-ce",
  "497893": "fr-ce",
  "497894": "fr-ce",
  "497895": "fr-ce",
  "497896": "fr-ce",
  "497897": "fr-ce",
  "497898": "fr-ce",
  "497899": "fr-ce",
  "497900": "fr-bnp",
  "497901": "fr-bnp",
  "497902": "fr-bnp",
  "497903": "fr-bnp",
  "497904": "fr-bnp",
  "497905": "fr-bnp",
  "497906": "fr-bnp",
  "497907": "fr-sgg",
  "497908": "fr-bnp",
  "497909": "fr-bnp",
  "497910": "fr-bnp",
  "497911": "fr-bnp",
  "497912": "fr-natixis",
  "497913": "fr-natixis",
  "497914": "fr-bnp",
  "497915": "fr-bnp",
  "497916": "fr-natixis",
  "497917": "fr-bnp",
  "497918": "fr-bnp",
  "497919": "fr-bnp",
  "497920": "fr-bnp",
  "497925": "fr-natixis",
  "497930": "fr-bnp",
  "497931": "fr-bnp",
  "497932": "fr-sgg",
  "497933": "fr-bnp",
  "497934": "fr-bnp",
  "497940": "fr-cic",
  "497941": "fr-cic",
  "497942": "fr-cic",
  "497943": "fr-cic",
  "497944": "fr-cic",
  "497945": "fr-cic",
  "497946": "fr-cic",
  "497947": "fr-cic",
  "497948": "fr-cic",
  "497949": "fr-cic",
  "497950": "fr-cic",
  "497951": "fr-cic",
  "497952": "fr-cic",
  "497953": "fr-cic",
  "497954": "fr-natixis",
  "497955": "fr-cic",
  "497956": "fr-natixis",
  "497957": "fr-cic",
  "497958": "fr-sgg",
  "497959": "fr-cic",
  "497960": "fr-cic",
  "497961": "fr-cic",
  "497962": "fr-cic",
  "497963": "fr-cic",
  "497964": "fr-natixis",
  "497965": "fr-cag",
  "497966": "fr-cic",
  "497967": "fr-cic",
  "497968": "fr-cic",
  "497969": "fr-cic",
  "497970": "fr-cic",
  "497971": "fr-cic",
  "497972": "fr-cic",
  "497973": "fr-natixis",
  "497974": "fr-natixis",
  "497975": "fr-cic",
  "497976": "fr-cic",
  "497977": "fr-cic",
  "497978": "fr-cic",
  "497979": "fr-cic",
  "497980": "fr-cic",
  "497981": "fr-natixis",
  "497982": "fr-natixis",
  "497983": "fr-natixis",
  "497985": "fr-cag",
  "497986": "fr-cic",
  "497987": "fr-cic",
  "497988": "fr-cic",
  "497989": "fr-cic",
  "497990": "fr-sgg",
  "497992": "fr-cic",
  "497993": "fr-sgg",
  "497994": "fr-cic",
  "497995": "fr-cic",
  "497996": "fr-cic",
  "497997": "fr-cic",
  "497998": "fr-natixis",
  "497999": "fr-cic",
  "498300": "fr-natixis",
  "498301": "fr-natixis",
  "498302": "fr-natixis",
  "498303": "fr-natixis",
  "498304": "fr-natixis",
  "498305": "fr-natixis",
  "498306": "fr-natixis",
  "498307": "fr-natixis",
  "498308": "fr-natixis",
  "498309": "fr-natixis",
  "498310": "fr-natixis",
  "498311": "fr-natixis",
  "498312": "fr-natixis",
  "498313": "fr-natixis",
  "498314": "fr-natixis",
  "498315": "fr-natixis",
  "498316": "fr-natixis",
  "498317": "fr-natixis",
  "498318": "fr-natixis",
  "498319": "fr-natixis",
  "498320": "fr-natixis",
  "498321": "fr-natixis",
  "498322": "fr-natixis",
  "498323": "fr-natixis",
  "498324": "fr-natixis",
  "498325": "fr-natixis",
  "498326": "fr-natixis",
  "498327": "fr-natixis",
  "498328": "fr-natixis",
  "498329": "fr-natixis",
  "498330": "fr-natixis",
  "498331": "fr-natixis",
  "498332": "fr-ce",
  "498333": "fr-ce",
  "498334": "fr-ce",
  "498335": "fr-natixis",
  "498336": "fr-natixis",
  "498337": "fr-natixis",
  "498338": "fr-ce",
  "498339": "fr-ce",
  "498340": "fr-ce",
  "498341": "fr-ce",
  "498342": "fr-ce",
  "498343": "fr-ce",
  "498344": "fr-natixis",
  "498345": "fr-natixis",
  "498346": "fr-natixis",
  "498347": "fr-natixis",
  "498348": "fr-natixis",
  "498349": "fr-natixis",
  "498355": "fr-natixis",
  "498356": "fr-natixis",
  "498357": "fr-natixis",
  "498358": "fr-natixis",
  "498359": "fr-natixis",
  "498360": "fr-ce",
  "498361": "fr-ce",
  "498362": "fr-ce",
  "498363": "fr-ce",
  "498368": "fr-natixis",
  "498369": "fr-natixis",
  "498370": "fr-ce",
  "498371": "fr-ce",
  "498372": "fr-ce",
  "498373": "fr-ce",
  "498376": "fr-natixis",
  "498377": "fr-natixis",
  "498378": "fr-natixis",
  "498379": "fr-natixis",
  "498380": "fr-natixis",
  "498381": "fr-natixis",
  "498382": "fr-natixis",
  "498383": "fr-natixis",
  "498384": "fr-natixis",
  "498385": "fr-natixis",
  "498386": "fr-natixis",
  "498387": "fr-natixis",
  "498388": "fr-natixis",
  "498389": "fr-natixis",
  "498390": "fr-natixis",
  "498391": "fr-natixis",
  "498392": "fr-natixis",
  "498393": "fr-natixis",
  "498394": "fr-natixis",
  "498395": "fr-natixis",
  "498396": "fr-natixis",
  "498397": "fr-natixis",
  "498398": "fr-natixis",
  "498399": "fr-natixis",
  "498745": "fr-bnp",
  "498788": "fr-cic",
  "498789": "fr-credit-mutuel",
  "498801": "fr-credit-nord",
  "498806": "fr-ce",
  "498807": "fr-ce",
  "498810": "fr-ce",
  "499001": "fr-natixis",
  "499002": "fr-natixis",
  "499003": "fr-natixis",
  "499004": "fr-natixis",
  "499005": "fr-natixis",
  "499006": "fr-natixis",
  "499007": "fr-bpce",
  "499010": "fr-natixis",
  "499011": "fr-natixis",
  "499012": "fr-natixis",
  "499013": "fr-natixis",
  "499014": "fr-natixis",
  "499015": "fr-natixis",
  "499016": "fr-natixis",
  "499020": "fr-natixis",
  "499021": "fr-natixis",
  "499022": "fr-natixis",
  "499023": "fr-natixis",
  "499030": "fr-natixis",
  "499031": "fr-natixis",
  "499032": "fr-natixis",
  "499033": "fr-natixis",
  "499040": "fr-natixis",
  "499041": "fr-natixis",
  "499042": "fr-natixis",
  "499050": "fr-natixis",
  "499051": "fr-natixis",
  "499052": "fr-natixis",
  "499060": "fr-natixis",
  "499061": "fr-natixis",
  "499062": "fr-natixis",
  "499063": "fr-natixis",
  "499064": "fr-natixis",
  "499065": "fr-natixis",
  "499067": "fr-natixis",
  "499068": "fr-natixis",
  "499069": "fr-natixis",
  "499070": "fr-natixis",
  "499071": "fr-natixis",
  "499072": "fr-natixis",
  "499073": "fr-natixis",
  "499074": "fr-natixis",
  "499075": "fr-natixis",
  "499076": "fr-natixis",
  "499077": "fr-natixis",
  "499078": "fr-natixis",
  "499079": "fr-natixis",
  "499080": "fr-natixis",
  "499081": "fr-natixis",
  "499082": "fr-natixis",
  "499083": "fr-natixis",
  "499084": "fr-natixis",
  "499085": "fr-natixis",
  "499086": "fr-natixis",
  "499087": "fr-natixis",
  "499088": "fr-natixis",
  "499089": "fr-natixis",
  "499090": "fr-natixis",
  "499091": "fr-natixis",
  "499092": "fr-natixis",
  "499093": "fr-natixis",
  "499094": "fr-natixis",
  "499095": "fr-natixis",
  "499097": "fr-natixis",
  "499098": "fr-natixis",
  "499099": "fr-natixis",
  "513001": "fr-postale",
  "513015": "fr-postale",
  "513016": "fr-postale",
  "513017": "fr-postale",
  "513018": "fr-postale",
  "513023": "fr-ab",
  "513024": "fr-ab",
  "513028": "fr-ab",
  "513029": "fr-ab",
  "513030": "fr-ab",
  "513031": "fr-ab",
  "513037": "fr-postale",
  "513038": "fr-postale",
  "513039": "fr-postale",
  "513101": "fr-cag",
  "513103": "fr-cag",
  "513104": "fr-cag",
  "513106": "fr-cag",
  "513107": "fr-cag",
  "513108": "fr-cag",
  "513109": "fr-cag",
  "513111": "fr-cag",
  "513117": "fr-cag",
  "513127": "fr-cag",
  "513129": "fr-cag",
  "513130": "fr-cag",
  "513137": "fr-cag",
  "513138": "fr-cag",
  "513141": "fr-cag",
  "513142": "fr-cag",
  "513150": "fr-cag",
  "513151": "fr-cag",
  "513153": "fr-cag",
  "513154": "fr-cag",
  "513155": "fr-cag",
  "513159": "fr-cag",
  "513162": "fr-cag",
  "513163": "fr-cag",
  "513165": "fr-cag",
  "513173": "fr-cag",
  "513175": "fr-cag",
  "513176": "fr-cag",
  "513182": "fr-cag",
  "513184": "fr-cag",
  "513185": "fr-cag",
  "513186": "fr-cag",
  "513189": "fr-cag",
  "513193": "fr-cag",
  "513196": "fr-cag",
  "513197": "fr-cag",
  "513200": "fr-credit-mutuel",
  "513201": "fr-credit-mutuel",
  "513202": "fr-credit-mutuel",
  "513203": "fr-credit-mutuel",
  "513207": "fr-credit-mutuel",
  "513209": "fr-credit-mutuel",
  "513214": "fr-ab",
  "513217": "fr-ab",
  "513219": "fr-credit-mutuel",
  "513224": "fr-credit-mutuel",
  "513225": "fr-credit-mutuel",
  "513226": "fr-credit-mutuel",
  "513230": "fr-ab",
  "513231": "fr-ab",
  "513233": "fr-credit-mutuel",
  "513235": "fr-credit-mutuel",
  "513238": "fr-credit-mutuel",
  "513239": "fr-credit-mutuel",
  "513240": "fr-credit-mutuel",
  "513241": "fr-credit-mutuel",
  "513245": "fr-credit-mutuel",
  "513246": "fr-credit-mutuel",
  "513247": "fr-credit-mutuel",
  "513248": "fr-credit-mutuel",
  "513250": "fr-credit-mutuel",
  "513251": "fr-credit-mutuel",
  "513256": "fr-credit-mutuel",
  "513261": "fr-credit-mutuel",
  "513262": "fr-credit-mutuel",
  "513263": "fr-credit-mutuel",
  "513264": "fr-ab",
  "513265": "fr-ab",
  "513267": "fr-ab",
  "513268": "fr-ab",
  "513269": "fr-ab",
  "513272": "fr-credit-mutuel",
  "513273": "fr-credit-mutuel",
  "513275": "fr-credit-mutuel",
  "513276": "fr-credit-mutuel",
  "513277": "fr-credit-mutuel",
  "513278": "fr-credit-mutuel",
  "513279": "fr-credit-mutuel",
  "513280": "fr-credit-mutuel",
  "513282": "fr-credit-mutuel",
  "513283": "fr-credit-mutuel",
  "513284": "fr-credit-mutuel",
  "513285": "fr-credit-mutuel",
  "513286": "fr-credit-mutuel",
  "513288": "fr-credit-mutuel",
  "513290": "fr-credit-mutuel",
  "513293": "fr-credit-mutuel",
  "513294": "fr-credit-mutuel",
  "513296": "fr-credit-mutuel",
  "513297": "fr-credit-mutuel",
  "513299": "fr-ab",
  "513303": "fr-cag",
  "513304": "fr-cag",
  "513308": "fr-sgg",
  "513309": "fr-credit-mutuel",
  "513310": "fr-sgg",
  "513311": "fr-credit-mutuel",
  "513320": "fr-sgg",
  "513351": "fr-sgg",
  "513352": "fr-sgg",
  "513353": "fr-credit-mutuel",
  "513356": "fr-credit-mutuel",
  "513362": "fr-bpce",
  "513363": "fr-bpce",
  "513365": "fr-credit-mutuel",
  "513366": "fr-credit-mutuel",
  "513374": "fr-ab",
  "513375": "fr-ab",
  "513376": "fr-bpce",
  "513379": "fr-credit-mutuel",
  "513380": "fr-sgg",
  "513381": "fr-sgg",
  "513385": "fr-bpce",
  "513386": "fr-credit-mutuel",
  "513387": "fr-bpce",
  "513389": "fr-bpce",
  "513411": "fr-bnp",
  "513412": "fr-bnp",
  "513413": "fr-bnp",
  "513414": "fr-cag",
  "513415": "fr-cag",
  "513416": "fr-cag",
  "513417": "fr-cag",
  "513418": "fr-cag",
  "513453": "fr-bnp",
  "513489": "fr-ab",
  "513500": "fr-bpce",
  "513501": "fr-bpce",
  "513505": "fr-bpce",
  "513506": "fr-bpce",
  "513508": "fr-bpce",
  "513511": "fr-bpce",
  "513513": "fr-bpce",
  "513514": "fr-bpce",
  "513515": "fr-bpce",
  "513517": "fr-bpce",
  "513518": "fr-bpce",
  "513520": "fr-bpce",
  "513523": "fr-bpce",
  "513524": "fr-bpce",
  "513525": "fr-bpce",
  "513527": "fr-bpce",
  "513528": "fr-bpce",
  "513531": "fr-bpce",
  "513533": "fr-bpce",
  "513536": "fr-bpce",
  "513537": "fr-bpce",
  "513538": "fr-bpce",
  "513539": "fr-bpce",
  "513543": "fr-bpce",
  "513544": "fr-bpce",
  "513549": "fr-bpce",
  "513551": "fr-bpce",
  "513552": "fr-bpce",
  "513553": "fr-bpce",
  "513554": "fr-bpce",
  "513556": "fr-bpce",
  "513559": "fr-bpce",
  "513560": "fr-bpce",
  "513561": "fr-bpce",
  "513563": "fr-bpce",
  "513564": "fr-bpce",
  "513569": "fr-bpce",
  "513570": "fr-bpce",
  "513600": "fr-credit-mutuel",
  "513601": "fr-credit-mutuel",
  "513604": "fr-credit-mutuel",
  "513605": "fr-credit-mutuel",
  "513606": "fr-credit-mutuel",
  "513607": "fr-credit-mutuel",
  "513608": "fr-credit-mutuel",
  "513611": "fr-credit-mutuel",
  "513612": "fr-credit-mutuel",
  "513613": "fr-credit-mutuel",
  "513614": "fr-credit-mutuel",
  "513615": "fr-credit-mutuel",
  "513616": "fr-credit-mutuel",
  "513617": "fr-credit-mutuel",
  "513618": "fr-credit-mutuel",
  "513621": "fr-credit-mutuel",
  "513623": "fr-credit-mutuel",
  "513624": "fr-credit-mutuel",
  "513627": "fr-credit-mutuel",
  "513632": "fr-credit-mutuel",
  "513633": "fr-credit-mutuel",
  "513636": "fr-credit-mutuel",
  "513640": "fr-credit-mutuel",
  "513641": "fr-credit-mutuel",
  "513642": "fr-credit-mutuel",
  "513643": "fr-credit-mutuel",
  "513644": "fr-credit-mutuel",
  "513645": "fr-credit-mutuel",
  "513646": "fr-credit-mutuel",
  "513647": "fr-credit-mutuel",
  "513648": "fr-credit-mutuel",
  "513650": "fr-credit-mutuel",
  "513655": "fr-credit-mutuel",
  "513657": "fr-credit-mutuel",
  "513660": "fr-credit-mutuel",
  "513661": "fr-credit-mutuel",
  "513663": "fr-credit-mutuel",
  "513664": "fr-cag",
  "513666": "fr-credit-mutuel",
  "513667": "fr-credit-mutuel",
  "513668": "fr-credit-mutuel",
  "513672": "fr-credit-mutuel",
  "513673": "fr-credit-mutuel",
  "513674": "fr-credit-mutuel",
  "513676": "fr-credit-mutuel",
  "513677": "fr-credit-mutuel",
  "513690": "fr-credit-mutuel",
  "513697": "fr-cag",
  "513698": "fr-cag",
  "513699": "fr-cag",
  "513705": "fr-credit-mutuel",
  "513706": "fr-credit-mutuel",
  "513711": "fr-credit-mutuel",
  "513712": "fr-credit-mutuel",
  "513713": "fr-credit-mutuel",
  "513714": "fr-credit-mutuel",
  "513717": "fr-credit-mutuel",
  "513720": "fr-credit-mutuel",
  "513721": "fr-credit-mutuel",
  "513722": "fr-credit-mutuel",
  "513724": "fr-credit-mutuel",
  "513730": "fr-credit-mutuel",
  "513732": "fr-ab",
  "513733": "fr-credit-mutuel",
  "513734": "fr-ab",
  "513735": "fr-credit-mutuel",
  "513736": "fr-credit-mutuel",
  "513737": "fr-credit-mutuel",
  "513738": "fr-credit-mutuel",
  "513740": "fr-credit-mutuel",
  "513741": "fr-credit-mutuel",
  "513742": "fr-credit-mutuel",
  "513743": "fr-credit-mutuel",
  "513745": "fr-credit-mutuel",
  "513746": "fr-credit-mutuel",
  "513748": "fr-ab",
  "513749": "fr-credit-mutuel",
  "513750": "fr-ab",
  "513751": "fr-credit-mutuel",
  "513752": "fr-credit-mutuel",
  "513753": "fr-credit-mutuel",
  "513754": "fr-credit-mutuel",
  "513757": "fr-credit-mutuel",
  "513758": "fr-credit-mutuel",
  "513759": "fr-credit-mutuel",
  "513761": "fr-credit-mutuel",
  "513770": "fr-cag",
  "513771": "fr-cag",
  "513772": "fr-cag",
  "513773": "fr-cag",
  "513774": "fr-cag",
  "513775": "fr-cag",
  "513776": "fr-cag",
  "513777": "fr-cag",
  "513778": "fr-cag",
  "513779": "fr-cag",
  "513780": "fr-cag",
  "513781": "fr-cag",
  "513782": "fr-cag",
  "513799": "fr-cag",
  "513852": "fr-ab",
  "513854": "fr-credit-mutuel",
  "513855": "fr-credit-mutuel",
  "513856": "fr-credit-mutuel",
  "513857": "fr-credit-mutuel",
  "513858": "fr-credit-mutuel",
  "513860": "fr-credit-mutuel",
  "513861": "fr-credit-mutuel",
  "513900": "fr-hsbc",
  "513920": "fr-credit-mutuel",
  "513925": "fr-credit-mutuel",
  "515214": "fr-ab",
  "516207": "fr-bpce",
  "516236": "fr-bpce",
  "517365": "fr-bpce",
  "517366": "fr-bpce",
  "517502": "fr-bpce",
  "517819": "fr-bnp",
  "518047": "fr-ab",
  "518101": "fr-cag",
  "518308": "fr-credit-mutuel",
  "518512": "fr-ab",
  "518808": "fr-credit-mutuel",
  "519060": "fr-sgg",
  "519531": "fr-sgg",
  "519920": "fr-credit-mutuel",
  "520603": "fr-credit-mutuel",
  "520604": "fr-credit-mutuel",
  "521313": "fr-credit-mutuel",
  "521662": "fr-cag",
  "523413": "fr-sgg",
  "523414": "fr-sgg",
  "523415": "fr-sgg",
  "523718": "fr-cag",
  "524367": "fr-bnp",
  "524379": "fr-bnp",
  "524829": "fr-ab",
  "525756": "fr-ab",
  "526505": "fr-ab",
  "527153": "fr-ab",
  "527429": "fr-ab",
  "528864": "fr-credit-mutuel",
  "528889": "fr-ab",
  "529097": "fr-ab",
  "529200": "fr-credit-mutuel",
  "529227": "fr-ab",
  "529292": "fr-bnp",
  "529313": "fr-credit-mutuel",
  "529314": "fr-credit-mutuel",
  "529320": "fr-ab",
  "529331": "fr-credit-mutuel",
  "529336": "fr-ab",
  "529414": "fr-credit-mutuel",
  "529421": "fr-credit-mutuel",
  "529430": "fr-ab",
  "529440": "fr-credit-mutuel",
  "529447": "fr-credit-mutuel",
  "529455": "fr-credit-mutuel",
  "529456": "fr-credit-mutuel",
  "529457": "fr-credit-mutuel",
  "529464": "fr-ab",
  "529465": "fr-ab",
  "529466": "fr-ab",
  "529467": "fr-ab",
  "529468": "fr-ab",
  "529469": "fr-ab",
  "529473": "fr-credit-mutuel",
  "529477": "fr-credit-mutuel",
  "529483": "fr-credit-mutuel",
  "529484": "fr-credit-mutuel",
  "529493": "fr-credit-mutuel",
  "529498": "fr-credit-mutuel",
  "529542": "fr-credit-mutuel",
  "529556": "fr-credit-mutuel",
  "531028": "fr-credit-mutuel",
  "531030": "fr-credit-mutuel",
  "531195": "fr-cag",
  "531728": "fr-bnp",
  "532344": "fr-credit-mutuel",
  "532345": "fr-credit-mutuel",
  "532346": "fr-credit-mutuel",
  "532347": "fr-credit-mutuel",
  "532509": "fr-credit-nord",
  "532534": "fr-credit-nord",
  "532554": "fr-credit-nord",
  "532556": "fr-credit-nord",
  "532956": "fr-bnp",
  "533019": "fr-credit-mutuel",
  "533021": "fr-credit-mutuel",
  "533198": "fr-ab",
  "533527": "fr-credit-mutuel",
  "534101": "fr-cag",
  "534102": "fr-cag",
  "534103": "fr-cag",
  "534104": "fr-cag",
  "534105": "fr-cag",
  "534106": "fr-cag",
  "534107": "fr-cag",
  "534108": "fr-cag",
  "534109": "fr-cag",
  "534110": "fr-cag",
  "534111": "fr-cag",
  "535029": "fr-cag",
  "535066": "fr-credit-nord",
  "535324": "fr-credit-nord",
  "536107": "fr-bpce",
  "536115": "fr-bpce",
  "536432": "fr-ab",
  "537106": "fr-bpce",
  "537112": "fr-bpce",
  "537202": "fr-ab",
  "537204": "fr-ab",
  "538011": "fr-cag",
  "538108": "fr-ab",
  "538734": "fr-bpce",
  "539960": "fr-credit-mutuel",
  "541392": "fr-cag",
  "541742": "fr-cag",
  "542848": "fr-ab",
  "543308": "fr-credit-mutuel",
  "545157": "fr-ab",
  "545306": "fr-credit-mutuel",
  "545620": "fr-ab",
  "546069": "fr-ab",
  "546563": "fr-bnp",
  "546958": "fr-credit-mutuel",
  "547183": "fr-ab",
  "547881": "fr-bnp",
  "548893": "fr-ab",
  "548992": "fr-credit-mutuel",
  "549076": "fr-ab",
  "549526": "fr-credit-mutuel",
  "549538": "fr-cag",
  "549687": "fr-ab",
  "549858": "fr-ab",
  "549859": "fr-ab",
  "550283": "fr-ab",
  "551986": "fr-bnp",
  "553138": "fr-bnp",
  "553174": "fr-bnp",
  "553899": "fr-ab",
  "553979": "fr-cag",
  "553993": "fr-ab",
  "554205": "fr-ab",
  "554260": "fr-hsbc",
  "554965": "fr-ab",
  "557008": "fr-ab",
  "558397": "fr-bnp",
  "558398": "fr-bnp",
  "558847": "fr-credit-mutuel",
  "558867": "fr-credit-mutuel",
  "558882": "fr-credit-mutuel",
  "558884": "fr-credit-mutuel",
  "558929": "fr-cag",
  "559525": "fr-ab",
  "559618": "fr-ab",
  "559809": "fr-ab",
  "559810": "fr-ab",
  "559901": "fr-ab",
  "560149": "fr-lcl",
  "560719": "fr-postale",
  "561237": "fr-cag",
  "561238": "fr-cag",
  "561241": "fr-cag",
  "561242": "fr-cag",
  "561243": "fr-cag",
  "561244": "fr-cag",
  "561245": "fr-cag",
  "561250": "fr-cag",
  "561254": "fr-cag",
  "561256": "fr-cag",
  "561257": "fr-cag",
  "561258": "fr-cag",
  "561259": "fr-cag",
  "581702": "fr-credit-mutuel",
  "581707": "fr-credit-mutuel",
  "581715": "fr-ab",
  "581721": "fr-credit-mutuel",
  "581724": "fr-credit-mutuel",
  "581731": "fr-ab",
  "581736": "fr-credit-mutuel",
  "581737": "fr-credit-mutuel",
  "581738": "fr-credit-mutuel",
  "581739": "fr-credit-mutuel",
  "581740": "fr-credit-mutuel",
  "581742": "fr-credit-mutuel",
  "581743": "fr-credit-mutuel",
  "581744": "fr-credit-mutuel",
  "581745": "fr-credit-mutuel",
  "581746": "fr-credit-mutuel",
  "581747": "fr-credit-mutuel",
  "581748": "fr-credit-mutuel",
  "581749": "fr-credit-mutuel",
  "581750": "fr-credit-mutuel",
  "581751": "fr-credit-mutuel",
  "581756": "fr-credit-mutuel",
  "581766": "fr-ab",
  "581769": "fr-ab",
  "581773": "fr-credit-mutuel",
  "581778": "fr-credit-mutuel",
  "581783": "fr-credit-mutuel",
  "581784": "fr-credit-mutuel",
  "581787": "fr-credit-mutuel",
  "581790": "fr-credit-mutuel",
  "581791": "fr-credit-mutuel",
  "581797": "fr-credit-mutuel",
  "585400": "fr-credit-mutuel",
  "585409": "fr-credit-mutuel",
  "585415": "fr-ab",
  "585419": "fr-credit-mutuel",
  "585430": "fr-ab",
  "585435": "fr-credit-mutuel",
  "585443": "fr-credit-mutuel",
  "585453": "fr-credit-mutuel",
  "585466": "fr-ab",
  "585467": "fr-ab",
  "585478": "fr-credit-mutuel",
  "585483": "fr-credit-mutuel",
  "585487": "fr-credit-mutuel",
  "585490": "fr-credit-mutuel",
  "585492": "fr-credit-mutuel",
  "585493": "fr-credit-mutuel",
  "585496": "fr-credit-mutuel",
  "639014": "fr-bpce",
  "639015": "fr-bpce",
  "639016": "fr-bpce",
  "639017": "fr-bpce",
  "639019": "fr-bpce",
  "639020": "fr-credit-mutuel",
  "639021": "fr-credit-mutuel",
  "639022": "fr-credit-mutuel",
  "639023": "fr-credit-mutuel",
  "639024": "fr-credit-mutuel",
  "639026": "fr-credit-mutuel",
  "639027": "fr-credit-mutuel",
  "639028": "fr-credit-mutuel",
  "639029": "fr-credit-mutuel",
  "639030": "fr-credit-mutuel",
  "639031": "fr-credit-mutuel",
  "639032": "fr-cag",
  "639033": "fr-credit-mutuel",
  "639034": "fr-bnp",
  "639035": "fr-bpce",
  "639036": "fr-bpce",
  "639037": "fr-bpce",
  "639038": "fr-bpce",
  "639039": "fr-bpce",
  "639040": "fr-bpce",
  "639041": "fr-bpce",
  "639042": "fr-bpce",
  "639043": "fr-bpce",
  "639044": "fr-bpce",
  "639045": "fr-postale",
  "639046": "fr-postale",
  "639047": "fr-postale",
  "639048": "fr-postale",
  "639049": "fr-postale",
  "639050": "fr-postale",
  "639051": "fr-postale",
  "639052": "fr-postale",
  "639053": "fr-postale",
  "639054": "fr-postale",
  "639055": "fr-postale",
  "639056": "fr-postale",
  "639057": "fr-postale",
  "639058": "fr-postale",
  "639059": "fr-postale",
  "639060": "fr-postale",
  "639061": "fr-postale",
  "639062": "fr-postale",
  "639063": "fr-postale",
  "639064": "fr-postale",
  "639065": "fr-postale",
  "639066": "fr-postale",
  "639067": "fr-postale",
  "639068": "fr-postale",
  "639070": "fr-bpce",
  "639071": "fr-bpce",
  "639072": "fr-bpce",
  "639073": "fr-bpce",
  "639074": "fr-bpce",
  "639075": "fr-bpce",
  "639076": "fr-bpce",
  "639077": "fr-bpce",
  "639078": "fr-bpce",
  "639079": "fr-bpce",
  "639080": "fr-bpce",
  "639081": "fr-bpce",
  "639082": "fr-bpce",
  "639083": "fr-bpce",
  "639084": "fr-bpce",
  "639085": "fr-bpce",
  "639092": "fr-sgg",
  "639095": "fr-credit-mutuel",
  "639096": "fr-bnp",
  "639098": "fr-credit-mutuel",
  "639101": "fr-bpce",
  "639104": "fr-bpce",
  "639105": "fr-bpce",
  "639107": "fr-bpce",
  "639110": "fr-bpce",
  "639111": "fr-bpce",
  "639112": "fr-bpce",
  "639113": "fr-bpce",
  "639114": "fr-bpce",
  "639116": "fr-bpce",
  "639117": "fr-bpce",
  "639120": "fr-bpce",
  "639121": "fr-bpce",
  "639122": "fr-bpce",
  "639124": "fr-bpce",
  "639125": "fr-bpce",
  "639127": "fr-bpce",
  "639128": "fr-bpce",
  "670571": "fr-ab",
  "670686": "fr-bpce",
  "670903": "fr-credit-mutuel",
  "670904": "fr-credit-mutuel",
  "671178": "fr-cag",
  "676173": "fr-bnp",
  "677590": "fr-credit-mutuel"
}