{
  "379240": "mx-scotia",
  "379241": "mx-scotia",
  "379242": "mx-scotia",
  "379243": "mx-scotia",
  "379911": "mx-santander",
  "400443": "mx-inbursa",
  "400994": "mx-banamex",
  "401379": "mx-banamex",
  "402029": "mx-inbursa",
  "402129": "mx-santander",
  "402130": "mx-santander",
  "402338": "mx-scotia",
  "402687": "mx-hsbc",
  "403616": "mx-santander",
  "403707": "mx-banamex",
  "404360": "mx-inbursa",
  "404380": "mx-inbursa",
  "404748": "mx-scotia",
  "404903": "mx-inbursa",
  "404938": "mx-banamex",
  "405306": "mx-banamex",
  "405746": "mx-santander",
  "405787": "mx-santander",
  "405930": "mx-banamex",
  "406447": "mx-bajio",
  "407304": "mx-bancomer",
  "407458": "mx-banamex",
  "407559": "mx-banamex",
  "408242": "mx-banamex",
  "408244": "mx-banamex",
  "408245": "mx-banamex",
  "408341": "mx-bancomer",
  "408343": "mx-bancomer",
  "408400": "mx-bajio",
  "408401": "mx-bajio",
  "409078": "mx-santander",
  "409111": "mx-santander",
  "409112": "mx-santander",
  "409365": "mx-banorte",
  "409851": "mx-bancomer",
  "410080": "mx-banamex",
  "410177": "mx-bancomer",
  "410180": "mx-bancomer",
  "410181": "mx-bancomer",
  "413098": "mx-afirme",
  "413405": "mx-hsbc",
  "413406": "mx-hsbc",
  "414284": "mx-santander",
  "415231": "mx-bancomer",
  "416502": "mx-hsbc",
  "417195": "mx-santander",
  "417196": "mx-santander",
  "417197": "mx-santander",
  "417198": "mx-santander",
  "417657": "mx-santander",
  "417682": "mx-santander",
  "417740": "mx-santander",
  "418073": "mx-bancomer",
  "418074": "mx-bancomer",
  "418075": "mx-bancomer",
  "418076": "mx-bancomer",
  "418077": "mx-bancomer",
  "418078": "mx-bancomer",
  "418080": "mx-bancomer",
  "418091": "mx-bancomer",
  "418095": "mx-bancomer",
  "418812": "mx-santander",
  "418925": "mx-banorte",
  "420199": "mx-bajio",
  "420713": "mx-banamex",
  "421003": "mx-bajio",
  "421017": "mx-banamex",
  "421316": "mx-hsbc",
  "423135": "mx-santander",
  "423405": "mx-hsbc",
  "423406": "mx-hsbc",
  "423646": "mx-afirme",
  "425705": "mx-santander",
  "425706": "mx-santander",
  "425766": "mx-banamex",
  "426012": "mx-hsbc",
  "426188": "mx-bajio",
  "426513": "mx-hsbc",
  "426514": "mx-hsbc",
  "427303": "mx-santander",
  "427305": "mx-santander",
  "427396": "mx-santander",
  "427397": "mx-santander",
  "427792": "mx-santander",
  "427793": "mx-santander",
  "428271": "mx-santander",
  "429505": "mx-banamex",
  "429522": "mx-banamex",
  "430902": "mx-banamex",
  "430967": "mx-hsbc",
  "431479": "mx-inbursa",
  "431880": "mx-scotia",
  "432049": "mx-afirme",
  "433114": "mx-banorte",
  "433125": "mx-banorte",
  "433126": "mx-santander",
  "435188": "mx-bancomer",
  "435741": "mx-banamex",
  "437846": "mx-santander",
  "439120": "mx-banamex",
  "441310": "mx-bancomer",
  "441311": "mx-bancomer",
  "441312": "mx-bancomer",
  "441313": "mx-bancomer",
  "441314": "mx-bancomer",
  "441506": "mx-bancomer",
  "441507": "mx-santander",
  "441535": "mx-santander",
  "441541": "mx-banamex",
  "441542": "mx-banamex",
  "441545": "mx-banamex",
  "441549": "mx-banamex",
  "441551": "mx-hsbc",
  "441567": "mx-banamex",
  "442599": "mx-santander",
  "444086": "mx-bancomer",
  "444449": "mx-scotia",
  "444452": "mx-inbursa",
  "446115": "mx-bancomer",
  "446116": "mx-bancomer",
  "446117": "mx-bancomer",
  "446118": "mx-bancomer",
  "446119": "mx-bancomer",
  "446565": "mx-inbursa",
  "447517": "mx-santander",
  "447518": "mx-santander",
  "448162": "mx-santander",
  "448163": "mx-santander",
  "448164": "mx-santander",
  "448767": "mx-bancomer",
  "448790": "mx-afirme",
  "449328": "mx-santander",
  "449348": "mx-santander",
  "450437": "mx-banamex",
  "450589": "mx-hsbc",
  "450933": "mx-bancomer",
  "451298": "mx-santander",
  "451299": "mx-santander",
  "451306": "mx-banamex",
  "451312": "mx-santander",
  "451319": "mx-santander",
  "451331": "mx-banamex",
  "451332": "mx-banamex",
  "451333": "mx-banamex",
  "451334": "mx-banamex",
  "451335": "mx-banamex",
  "451712": "mx-bancomer",
  "451899": "mx-banorte",
  "452044": "mx-santander",
  "452046": "mx-santander",
  "452412": "mx-hsbc",
  "452421": "mx-hsbc",
  "452422": "mx-santander",
  "453923": "mx-santander",
  "453960": "mx-santander",
  "454001": "mx-scotia",
  "454002": "mx-scotia",
  "454003": "mx-scotia",
  "454004": "mx-scotia",
  "454005": "mx-scotia",
  "454006": "mx-scotia",
  "454007": "mx-scotia",
  "454008": "mx-scotia",
  "454009": "mx-scotia",
  "454010": "mx-scotia",
  "454011": "mx-scotia",
  "454012": "mx-scotia",
  "454013": "mx-scotia",
  "454014": "mx-scotia",
  "454057": "mx-banamex",
  "454061": "mx-banamex",
  "454069": "mx-banamex",
  "454430": "mx-santander",
  "454431": "mx-santander",
  "454492": "mx-banamex",
  "454606": "mx-santander",
  "454607": "mx-santander",
  "454714": "mx-santander",
  "454715": "mx-santander",
  "454747": "mx-santander",
  "455220": "mx-banamex",
  "455255": "mx-banamex",
  "455345": "mx-santander",
  "455500": "mx-bancomer",
  "455501": "mx-bancomer",
  "455502": "mx-bancomer",
  "455503": "mx-bancomer",
  "455504": "mx-bancomer",
  "455505": "mx-bancomer",
  "455506": "mx-bancomer",
  "455507": "mx-bancomer",
  "455508": "mx-bancomer",
  "455509": "mx-bancomer",
  "455510": "mx-bancomer",
  "455511": "mx-bancomer",
  "455512": "mx-bancomer",
  "455513": "mx-bancomer",
  "455514": "mx-bancomer",
  "455515": "mx-bancomer",
  "455517": "mx-bancomer",
  "455518": "mx-bancomer",
  "455519": "mx-bancomer",
  "455520": "mx-bancomer",
  "455525": "mx-bancomer",
  "455526": "mx-bancomer",
  "455527": "mx-bancomer",
  "455529": "mx-bancomer",
  "455531": "mx-bancomer",
  "455533": "mx-bancomer",
  "455536": "mx-bancomer",
  "455537": "mx-bancomer",
  "455540": "mx-bancomer",
  "455544": "mx-bancomer",
  "455545": "mx-bancomer",
  "455546": "mx-bancomer",
  "455550": "mx-bancomer",
  "455617": "mx-scotia",
  "456300": "mx-santander",
  "456344": "mx-santander",
  "456551": "mx-santander",
  "456880": "mx-hsbc",
  "457413": "mx-santander",
  "457932": "mx-santander",
  "461159": "mx-bancomer",
  "462974": "mx-inbursa",
  "465283": "mx-banamex",
  "465828": "mx-inbursa",
  "465829": "mx-inbursa",
  "471931": "mx-santander",
  "471941": "mx-santander",
  "471942": "mx-santander",
  "471945": "mx-santander",
  "471946": "mx-santander",
  "471947": "mx-santander",
  "471948": "mx-santander",
  "471952": "mx-santander",
  "471957": "mx-santander",
  "472303": "mx-banamex",
  "472811": "mx-santander",
  "472812": "mx-santander",
  "472813": "mx-santander",
  "473701": "mx-inbursa",
  "474176": "mx-hsbc",
  "476039": "mx-santander",
  "476041": "mx-santander",
  "476042": "mx-santander",
  "476588": "mx-banamex",
  "476684": "mx-banamex",
  "476687": "mx-banamex",
  "477156": "mx-banamex",
  "477210": "mx-bancomer",
  "477211": "mx-bancomer",
  "477212": "mx-bancomer",
  "477213": "mx-bancomer",
  "477214": "mx-bancomer",
  "477247": "mx-banamex",
  "477260": "mx-scotia",
  "477291": "mx-bancomer",
  "477292": "mx-bancomer",
  "477381": "mx-scotia",
  "478290": "mx-santander",
  "479353": "mx-hsbc",
  "479438": "mx-santander",
  "479461": "mx-banamex",
  "479653": "mx-santander",
  "480790": "mx-banamex",
  "481514": "mx-bancomer",
  "481515": "mx-bancomer",
  "481516": "mx-bancomer",
  "481517": "mx-bancomer",
  "483029": "mx-hsbc",
  "483030": "mx-hsbc",
  "485942": "mx-banamex",
  "485943": "mx-banamex",
  "486427": "mx-santander",
  "486428": "mx-santander",
  "490176": "mx-banamex",
  "490178": "mx-banamex",
  "490642": "mx-scotia",
  "490994": "mx-santander",
  "490995": "mx-santander",
  "491089": "mx-hsbc",
  "491259": "mx-santander",
  "491260": "mx-santander",
  "491271": "mx-banamex",
  "491272": "mx-banamex",
  "491279": "mx-hsbc",
  "491280": "mx-hsbc",
  "491281": "mx-hsbc",
  "491282": "mx-hsbc",
  "491283": "mx-hsbc",
  "491284": "mx-hsbc",
  "491294": "mx-hsbc",
  "491295": "mx-hsbc",
  "491327": "mx-santander",
  "491340": "mx-banorte",
  "491376": "mx-banorte",
  "491418": "mx-santander",
  "491501": "mx-banamex",
  "491502": "mx-banamex",
  "491510": "mx-santander",
  "491512": "mx-santander",
  "491529": "mx-hsbc",
  "491567": "mx-banorte",
  "491572": "mx-santander",
  "491573": "mx-santander",
  "491575": "mx-banorte",
  "491576": "mx-banorte",
  "491584": "mx-banorte",
  "491591": "mx-scotia",
  "491702": "mx-santander",
  "491871": "mx-scotia",
  "491872": "mx-scotia",
  "491873": "mx-scotia",
  "491882": "mx-santander",
  "491883": "mx-santander",
  "492119": "mx-santander",
  "492120": "mx-santander",
  "492121": "mx-santander",
  "492487": "mx-bajio",
  "493135": "mx-santander",
  "493136": "mx-santander",
  "493160": "mx-bancomer",
  "493161": "mx-bancomer",
  "493162": "mx-bancomer",
  "493164": "mx-banamex",
  "493165": "mx-banamex",
  "493166": "mx-hsbc",
  "494069": "mx-santander",
  "494133": "mx-santander",
  "494134": "mx-santander",
  "494388": "mx-banamex",
  "494398": "mx-bancomer",
  "494399": "mx-bancomer",
  "496627": "mx-santander",
  "496628": "mx-santander",
  "498460": "mx-banamex",
  "498535": "mx-santander",
  "499856": "mx-banorte",
  "506212": "mx-inbursa",
  "506217": "mx-santander",
  "506218": "mx-santander",
  "506229": "mx-hsbc",
  "506250": "mx-bajio",
  "506255": "mx-bajio",
  "506272": "mx-inbursa",
  "506339": "mx-banorte",
  "506340": "mx-banorte",
  "506349": "mx-banorte",
  "506366": "mx-inbursa",
  "510072": "mx-santander",
  "510087": "mx-santander",
  "510088": "mx-santander",
  "510107": "mx-santander",
  "510131": "mx-santander",
  "510620": "mx-santander",
  "512029": "mx-afirme",
  "512048": "mx-afirme",
  "512280": "mx-bajio",
  "512709": "mx-banamex",
  "512795": "mx-banamex",
  "512809": "mx-banamex",
  "512825": "mx-santander",
  "512887": "mx-santander",
  "513334": "mx-banorte",
  "514044": "mx-afirme",
  "515452": "mx-santander",
  "516102": "mx-bajio",
  "516103": "mx-santander",
  "516383": "mx-santander",
  "516398": "mx-santander",
  "516459": "mx-santander",
  "517440": "mx-bancomer",
  "517712": "mx-banamex",
  "517713": "mx-santander",
  "517721": "mx-banamex",
  "517763": "mx-banamex",
  "517764": "mx-banamex",
  "517771": "mx-banamex",
  "517775": "mx-banamex",
  "517795": "mx-banamex",
  "518004": "mx-banamex",
  "518205": "mx-hsbc",
  "518261": "mx-banorte",
  "518801": "mx-santander",
  "518807": "mx-santander",
  "518847": "mx-banorte",
  "518853": "mx-banamex",
  "518899": "mx-banamex",
  "519464": "mx-santander",
  "520021": "mx-banamex",
  "520116": "mx-banamex",
  "520213": "mx-banamex",
  "520346": "mx-santander",
  "520416": "mx-banamex",
  "520499": "mx-scotia",
  "520502": "mx-scotia",
  "520610": "mx-banamex",
  "520620": "mx-banamex",
  "520629": "mx-santander",
  "520660": "mx-banamex",
  "520694": "mx-banamex",
  "520698": "mx-banamex",
  "520830": "mx-banamex",
  "521192": "mx-santander",
  "521834": "mx-santander",
  "522130": "mx-banamex",
  "522174": "mx-hsbc",
  "522289": "mx-santander",
  "522498": "mx-bancomer",
  "524352": "mx-santander",
  "524711": "mx-banamex",
  "524782": "mx-santander",
  "524783": "mx-santander",
  "525643": "mx-santander",
  "525678": "mx-banamex",
  "526215": "mx-banamex",
  "526454": "mx-santander",
  "526460": "mx-inbursa",
  "526489": "mx-banamex",
  "526498": "mx-inbursa",
  "527333": "mx-inbursa",
  "528093": "mx-santander",
  "528685": "mx-santander",
  "528804": "mx-banamex",
  "528814": "mx-banamex",
  "528815": "mx-banamex",
  "528843": "mx-banamex",
  "528851": "mx-banamex",
  "528858": "mx-banamex",
  "528866": "mx-banamex",
  "528870": "mx-banamex",
  "528878": "mx-banamex",
  "528881": "mx-banamex",
  "528885": "mx-banamex",
  "528888": "mx-banamex",
  "528892": "mx-banamex",
  "528897": "mx-banamex",
  "529001": "mx-banamex",
  "529006": "mx-banamex",
  "529008": "mx-banamex",
  "529009": "mx-banamex",
  "529010": "mx-banamex",
  "529011": "mx-banamex",
  "529012": "mx-banamex",
  "529013": "mx-banamex",
  "529017": "mx-banamex",
  "529022": "mx-banamex",
  "529023": "mx-banamex",
  "529026": "mx-banamex",
  "529027": "mx-banamex",
  "529028": "mx-banamex",
  "529031": "mx-banamex",
  "529032": "mx-banamex",
  "529043": "mx-banamex",
  "529044": "mx-banamex",
  "529054": "mx-banamex",
  "529055": "mx-banamex",
  "529056": "mx-banamex",
  "529062": "mx-banamex",
  "529067": "mx-banamex",
  "529069": "mx-banamex",
  "529078": "mx-banamex",
  "529082": "mx-banamex",
  "529084": "mx-banamex",
  "529085": "mx-banamex",
  "529088": "mx-banamex",
  "529090": "mx-banamex",
  "529091": "mx-banamex",
  "529093": "mx-banamex",
  "529094": "mx-banamex",
  "529095": "mx-banamex",
  "529480": "mx-santander",
  "530056": "mx-banamex",
  "530113": "mx-inbursa",
  "530756": "mx-banamex",
  "531444": "mx-scotia",
  "531697": "mx-santander",
  "532485": "mx-bajio",
  "533335": "mx-santander",
  "533341": "mx-banamex",
  "533609": "mx-banamex",
  "533844": "mx-santander",
  "535875": "mx-bancomer",
  "535876": "mx-santander",
  "535929": "mx-santander",
  "535943": "mx-afirme",
  "536101": "mx-banamex",
  "537030": "mx-afirme",
  "537205": "mx-santander",
  "537830": "mx-inbursa",
  "537938": "mx-inbursa",
  "538775": "mx-santander",
  "539133": "mx-santander",
  "539672": "mx-afirme",
  "539723": "mx-santander",
  "539724": "mx-santander",
  "539975": "mx-inbursa",
  "540031": "mx-santander",
  "540533": "mx-banamex",
  "540714": "mx-santander",
  "540845": "mx-santander",
  "540956": "mx-hsbc",
  "541163": "mx-santander",
  "541278": "mx-hsbc",
  "541286": "mx-hsbc",
  "541289": "mx-santander",
  "541290": "mx-hsbc",
  "541541": "mx-santander",
  "541542": "mx-santander",
  "541543": "mx-santander",
  "541856": "mx-santander",
  "542010": "mx-bancomer",
  "542015": "mx-bancomer",
  "542073": "mx-bancomer",
  "542412": "mx-banamex",
  "542537": "mx-banamex",
  "542543": "mx-santander",
  "542834": "mx-banamex",
  "542977": "mx-bancomer",
  "543006": "mx-banamex",
  "543183": "mx-scotia",
  "543221": "mx-scotia",
  "543529": "mx-banamex",
  "543662": "mx-santander",
  "543818": "mx-banamex",
  "544053": "mx-bancomer",
  "544204": "mx-scotia",
  "544551": "mx-bancomer",
  "544652": "mx-scotia",
  "544898": "mx-santander",
  "544925": "mx-banamex",
  "545039": "mx-banamex",
  "545118": "mx-santander",
  "545133": "mx-santander",
  "545307": "mx-santander",
  "545375": "mx-scotia",
  "545631": "mx-banamex",
  "545659": "mx-santander",
  "545730": "mx-santander",
  "546080": "mx-santander",
  "546688": "mx-bancomer",
  "546830": "mx-bancomer",
  "546831": "mx-bancomer",
  "546834": "mx-bancomer",
  "547015": "mx-santander",
  "547046": "mx-santander",
  "547066": "mx-santander",
  "547068": "mx-hsbc",
  "547074": "mx-hsbc",
  "547075": "mx-banamex",
  "547077": "mx-bancomer",
  "547086": "mx-bancomer",
  "547092": "mx-hsbc",
  "547093": "mx-banamex",
  "547095": "mx-bancomer",
  "547146": "mx-santander",
  "547155": "mx-bancomer",
  "547156": "mx-bancomer",
  "547157": "mx-santander",
  "547370": "mx-banamex",
  "547380": "mx-banamex",
  "547406": "mx-hsbc",
  "547407": "mx-scotia",
  "547484": "mx-santander",
  "547488": "mx-scotia",
  "547492": "mx-bancomer",
  "547514": "mx-banamex",
  "547659": "mx-santander",
  "547863": "mx-santander",
  "548234": "mx-banamex",
  "548236": "mx-banamex",
  "548843": "mx-banamex",
  "548901": "mx-santander",
  "548902": "mx-santander",
  "548904": "mx-santander",
  "548912": "mx-santander",
  "549138": "mx-banamex",
  "549611": "mx-santander",
  "549631": "mx-banamex",
  "549639": "mx-banamex",
  "549949": "mx-banamex",
  "550056": "mx-banamex",
  "550081": "mx-bancomer",
  "550233": "mx-banamex",
  "550454": "mx-scotia",
  "550962": "mx-banamex",
  "551077": "mx-banamex",
  "551081": "mx-banamex",
  "551134": "mx-banamex",
  "551240": "mx-banamex",
  "551244": "mx-banamex",
  "551253": "mx-banamex",
  "551276": "mx-banamex",
  "551323": "mx-hsbc",
  "551969": "mx-santander",
  "551978": "mx-santander",
  "552145": "mx-santander",
  "552263": "mx-scotia",
  "552488": "mx-santander",
  "552540": "mx-santander",
  "552541": "mx-santander",
  "552698": "mx-santander",
  "552699": "mx-santander",
  "552700": "mx-santander",
  "552701": "mx-santander",
  "552795": "mx-santander",
  "552859": "mx-santander",
  "553253": "mx-santander",
  "553401": "mx-santander",
  "553579": "mx-banamex",
  "553978": "mx-santander",
  "554390": "mx-santander",
  "554492": "mx-banamex",
  "554625": "mx-banamex",
  "554628": "mx-banamex",
  "554629": "mx-bancomer",
  "554691": "mx-banamex",
  "554900": "mx-santander",
  "557561": "mx-banamex",
  "557602": "mx-banamex",
  "557644": "mx-santander",
  "557764": "mx-bajio",
  "557874": "mx-banamex",
  "557875": "mx-banamex",
  "557905": "mx-santander",
  "557906": "mx-santander",
  "557907": "mx-santander",
  "557908": "mx-santander",
  "557909": "mx-santander",
  "557910": "mx-santander",
  "557920": "mx-scotia",
  "557921": "mx-scotia",
  "557922": "mx-scotia",
  "557923": "mx-bancomer",
  "557924": "mx-scotia",
  "557991": "mx-banamex",
  "558426": "mx-banamex",
  "558756": "mx-santander",
  "558781": "mx-santander",
  "558784": "mx-banamex",
  "559209": "mx-banamex",
  "559599": "mx-santander",
  "588772": "mx-scotia",
  "639790": "mx-banamex",
  "676293": "mx-santander",
  "676296": "mx-santander",
  "676297": "mx-santander",
  "676305": "mx-santander",
  "676677": "mx-santander",
  "676822": "mx-santander",
  "676866": "mx-santander",
  "677073": "mx-santander",
  "854809": "mx-banamex",
  "854819": "mx-banamex",
  "854840": "mx-banamex",
  "854858": "mx-banamex",
  "854859": "mx-banamex",
  "854860": "mx-banamex",
  "854863": "mx-banamex",
  "854873": "mx-banamex",
  "854874": "mx-banamex",
  "854881": "mx-banamex",
  "854897": "mx-banamex",
  "854899": "mx-banamex",
  "881006": "mx-banamex",
  "881021": "mx-banamex",
  "881052": "mx-banamex",
  "900037": "mx-santander",
  "900038": "mx-santander",
  "900039": "mx-santander",
  "972461": "mx-santander",
  "972464": "mx-santander",
  "980049": "mx-santander"
}