{
  "111200": "gb-paypal",
  "111201": "gb-paypal",
  "111202": "gb-paypal",
  "111203": "gb-paypal",
  "111204": "gb-paypal",
  "111205": "gb-paypal",
  "111206": "gb-paypal",
  "111207": "gb-paypal",
  "111208": "gb-paypal",
  "111209": "gb-paypal",
  "111210": "gb-paypal",
  "111211": "gb-paypal",
  "111212": "gb-paypal",
  "111213": "gb-paypal",
  "111214": "gb-paypal",
  "111215": "gb-paypal",
  "111216": "gb-paypal",
  "111217": "gb-paypal",
  "111218": "gb-paypal",
  "111219": "gb-paypal",
  "111220": "gb-paypal",
  "111221": "gb-paypal",
  "111222": "gb-paypal",
  "111223": "gb-paypal",
  "111224": "gb-paypal",
  "111225": "gb-paypal",
  "111226": "gb-paypal",
  "111227": "gb-paypal",
  "111228": "gb-paypal",
  "111229": "gb-paypal",
  "111230": "gb-paypal",
  "111231": "gb-paypal",
  "111232": "gb-paypal",
  "111233": "gb-paypal",
  "111234": "gb-paypal",
  "111235": "gb-paypal",
  "111236": "gb-paypal",
  "111237": "gb-paypal",
  "111238": "gb-paypal",
  "111239": "gb-paypal",
  "111240": "gb-paypal",
  "111241": "gb-paypal",
  "111242": "gb-paypal",
  "111243": "gb-paypal",
  "111244": "gb-paypal",
  "111245": "gb-paypal",
  "111246": "gb-paypal",
  "111247": "gb-paypal",
  "111248": "gb-paypal",
  "111249": "gb-paypal",
  "111250": "gb-paypal",
  "111251": "gb-paypal",
  "111252": "gb-paypal",
  "111253": "gb-paypal",
  "111254": "gb-paypal",
  "111255": "gb-paypal",
  "111256": "gb-paypal",
  "111257": "gb-paypal",
  "111258": "gb-paypal",
  "111259": "gb-paypal",
  "111260": "gb-paypal",
  "111261": "gb-paypal",
  "111262": "gb-paypal",
  "111263": "gb-paypal",
  "111264": "gb-paypal",
  "111265": "gb-paypal",
  "111266": "gb-paypal",
  "111267": "gb-paypal",
  "111268": "gb-paypal",
  "111269": "gb-paypal",
  "111270": "gb-paypal",
  "111271": "gb-paypal",
  "111272": "gb-paypal",
  "111273": "gb-paypal",
  "111274": "gb-paypal",
  "111275": "gb-paypal",
  "111276": "gb-paypal",
  "111277": "gb-paypal",
  "111278": "gb-paypal",
  "111279": "gb-paypal",
  "111280": "gb-paypal",
  "111281": "gb-paypal",
  "111282": "gb-paypal",
  "111283": "gb-paypal",
  "111284": "gb-paypal",
  "111285": "gb-paypal",
  "111286": "gb-paypal",
  "111287": "gb-paypal",
  "111288": "gb-paypal",
  "111289": "gb-paypal",
  "111290": "gb-paypal",
  "111291": "gb-paypal",
  "111292": "gb-paypal",
  "111293": "gb-paypal",
  "111294": "gb-paypal",
  "111295": "gb-paypal",
  "111296": "gb-paypal",
  "111297": "gb-paypal",
  "111298": "gb-paypal",
  "111299": "gb-paypal",
  "112500": "gb-british-airways",
  "112501": "gb-british-airways",
  "112502": "gb-british-airways",
  "112503": "gb-british-airways",
  "112504": "gb-british-airways",
  "112505": "gb-british-airways",
  "112506": "gb-british-airways",
  "112507": "gb-british-airways",
  "112508": "gb-british-airways",
  "112509": "gb-british-airways",
  "112510": "gb-british-airways",
  "112511": "gb-british-airways",
  "112512": "gb-british-airways",
  "112513": "gb-british-airways",
  "112514": "gb-british-airways",
  "112515": "gb-british-airways",
  "112516": "gb-british-airways",
  "112517": "gb-british-airways",
  "112518": "gb-british-airways",
  "112519": "gb-british-airways",
  "112520": "gb-british-airways",
  "112521": "gb-british-airways",
  "112522": "gb-british-airways",
  "112523": "gb-british-airways",
  "112524": "gb-british-airways",
  "112525": "gb-british-airways",
  "112526": "gb-british-airways",
  "112527": "gb-british-airways",
  "112528": "gb-british-airways",
  "112529": "gb-british-airways",
  "112530": "gb-british-airways",
  "112531": "gb-british-airways",
  "112532": "gb-british-airways",
  "112533": "gb-british-airways",
  "112534": "gb-british-airways",
  "112535": "gb-british-airways",
  "112536": "gb-british-airways",
  "112537": "gb-british-airways",
  "112538": "gb-british-airways",
  "112539": "gb-british-airways",
  "112540": "gb-british-airways",
  "112541": "gb-british-airways",
  "112542": "gb-british-airways",
  "112543": "gb-british-airways",
  "112544": "gb-british-airways",
  "112545": "gb-british-airways",
  "112546": "gb-british-airways",
  "112547": "gb-british-airways",
  "112548": "gb-british-airways",
  "112549": "gb-british-airways",
  "112550": "gb-british-airways",
  "112551": "gb-british-airways",
  "112552": "gb-british-airways",
  "112553": "gb-british-airways",
  "112554": "gb-british-airways",
  "112555": "gb-british-airways",
  "112556": "gb-british-airways",
  "112557": "gb-british-airways",
  "112558": "gb-british-airways",
  "112559": "gb-british-airways",
  "112560": "gb-british-airways",
  "112561": "gb-british-airways",
  "112562": "gb-british-airways",
  "112563": "gb-british-airways",
  "112564": "gb-british-airways",
  "112565": "gb-british-airways",
  "112566": "gb-british-airways",
  "112567": "gb-british-airways",
  "112568": "gb-british-airways",
  "112569": "gb-british-airways",
  "112570": "gb-british-airways",
  "112571": "gb-british-airways",
  "112572": "gb-british-airways",
  "112573": "gb-british-airways",
  "112574": "gb-british-airways",
  "112575": "gb-british-airways",
  "112576": "gb-british-airways",
  "112577": "gb-british-airways",
  "112578": "gb-british-airways",
  "112579": "gb-british-airways",
  "112580": "gb-british-airways",
  "112581": "gb-british-airways",
  "112582": "gb-british-airways",
  "112583": "gb-british-airways",
  "112584": "gb-british-airways",
  "112585": "gb-british-airways",
  "112586": "gb-british-airways",
  "112587": "gb-british-airways",
  "112588": "gb-british-airways",
  "112589": "gb-british-airways",
  "112590": "gb-british-airways",
  "112591": "gb-british-airways",
  "112592": "gb-british-airways",
  "112593": "gb-british-airways",
  "112594": "gb-british-airways",
  "112595": "gb-british-airways",
  "112596": "gb-british-airways",
  "112597": "gb-british-airways",
  "112598": "gb-british-airways",
  "112599": "gb-british-airways",
  "161700": "gb-tuifly",
  "161701": "gb-tuifly",
  "161702": "gb-tuifly",
  "161703": "gb-tuifly",
  "161704": "gb-tuifly",
  "161705": "gb-tuifly",
  "161706": "gb-tuifly",
  "161707": "gb-tuifly",
  "161708": "gb-tuifly",
  "161709": "gb-tuifly",
  "161710": "gb-tuifly",
  "161711": "gb-tuifly",
  "161712": "gb-tuifly",
  "161713": "gb-tuifly",
  "161714": "gb-tuifly",
  "161715": "gb-tuifly",
  "161716": "gb-tuifly",
  "161717": "gb-tuifly",
  "161718": "gb-tuifly",
  "161719": "gb-tuifly",
  "161720": "gb-tuifly",
  "161721": "gb-tuifly",
  "161722": "gb-tuifly",
  "161723": "gb-tuifly",
  "161724": "gb-tuifly",
  "161725": "gb-tuifly",
  "161726": "gb-tuifly",
  "161727": "gb-tuifly",
  "161728": "gb-tuifly",
  "161729": "gb-tuifly",
  "161730": "gb-tuifly",
  "161731": "gb-tuifly",
  "161732": "gb-tuifly",
  "161733": "gb-tuifly",
  "161734": "gb-tuifly",
  "161735": "gb-tuifly",
  "161736": "gb-tuifly",
  "161737": "gb-tuifly",
  "161738": "gb-tuifly",
  "161739": "gb-tuifly",
  "161740": "gb-tuifly",
  "161741": "gb-tuifly",
  "161742": "gb-tuifly",
  "161743": "gb-tuifly",
  "161744": "gb-tuifly",
  "161745": "gb-tuifly",
  "161746": "gb-tuifly",
  "161747": "gb-tuifly",
  "161748": "gb-tuifly",
  "161749": "gb-tuifly",
  "161750": "gb-tuifly",
  "161751": "gb-tuifly",
  "161752": "gb-tuifly",
  "161753": "gb-tuifly",
  "161754": "gb-tuifly",
  "161755": "gb-tuifly",
  "161756": "gb-tuifly",
  "161757": "gb-tuifly",
  "161758": "gb-tuifly",
  "161759": "gb-tuifly",
  "161760": "gb-tuifly",
  "161761": "gb-tuifly",
  "161762": "gb-tuifly",
  "161763": "gb-tuifly",
  "161764": "gb-tuifly",
  "161765": "gb-tuifly",
  "161766": "gb-tuifly",
  "161767": "gb-tuifly",
  "161768": "gb-tuifly",
  "161769": "gb-tuifly",
  "161770": "gb-tuifly",
  "161771": "gb-tuifly",
  "161772": "gb-tuifly",
  "161773": "gb-tuifly",
  "161774": "gb-tuifly",
  "161775": "gb-tuifly",
  "161776": "gb-tuifly",
  "161777": "gb-tuifly",
  "161778": "gb-tuifly",
  "161779": "gb-tuifly",
  "161780": "gb-tuifly",
  "161781": "gb-tuifly",
  "161782": "gb-tuifly",
  "161783": "gb-tuifly",
  "161784": "gb-tuifly",
  "161785": "gb-tuifly",
  "161786": "gb-tuifly",
  "161787": "gb-tuifly",
  "161788": "gb-tuifly",
  "161789": "gb-tuifly",
  "161790": "gb-tuifly",
  "161791": "gb-tuifly",
  "161792": "gb-tuifly",
  "161793": "gb-tuifly",
  "161794": "gb-tuifly",
  "161795": "gb-tuifly",
  "161796": "gb-tuifly",
  "161797": "gb-tuifly",
  "161798": "gb-tuifly",
  "161799": "gb-tuifly",
  "222647": "gb-raphaels",
  "340010": "gb-amex",
  "342181": "gb-amex",
  "342540": "gb-amex",
  "342563": "gb-amex",
  "342566": "gb-amex",
  "342569": "gb-amex",
  "342571": "gb-amex",
  "342690": "gb-amex",
  "343199": "gb-amex",
  "343425": "gb-amex",
  "343500": "gb-amex",
  "343659": "gb-amex",
  "344111": "gb-amex",
  "344301": "gb-amex",
  "344346": "gb-amex",
  "344421": "gb-amex",
  "344489": "gb-amex",
  "345434": "gb-amex",
  "345455": "gb-amex",
  "345789": "gb-amex",
  "345818": "gb-amex",
  "346239": "gb-amex",
  "346657": "gb-amex",
  "346791": "gb-amex",
  "346829": "gb-amex",
  "347023": "gb-amex",
  "347140": "gb-amex",
  "347251": "gb-amex",
  "347281": "gb-amex",
  "347283": "gb-amex",
  "347286": "gb-amex",
  "347355": "gb-amex",
  "347601": "gb-amex",
  "347737": "gb-amex",
  "348627": "gb-amex",
  "348841": "gb-amex",
  "348901": "gb-amex",
  "348948": "gb-amex",
  "349734": "gb-amex",
  "349765": "gb-amex",
  "370544": "gb-amex",
  "371780": "gb-amex",
  "371781": "gb-amex",
  "371782": "gb-amex",
  "371783": "gb-amex",
  "371784": "gb-amex",
  "371785": "gb-amex",
  "371786": "gb-amex",
  "371787": "gb-amex",
  "371788": "gb-amex",
  "371789": "gb-amex",
  "371791": "gb-amex",
  "374200": "gb-amex",
  "374201": "gb-amex",
  "374202": "gb-amex",
  "374203": "gb-amex",
  "374204": "gb-amex",
  "374205": "gb-amex",
  "374206": "gb-amex",
  "374207": "gb-amex",
  "374208": "gb-amex",
  "374209": "gb-amex",
  "374210": "gb-amex",
  "374211": "gb-amex",
  "374212": "gb-amex",
  "374213": "gb-amex",
  "374214": "gb-amex",
  "374215": "gb-amex",
  "374216": "gb-amex",
  "374217": "gb-amex",
  "374218": "gb-amex",
  "374219": "gb-amex",
  "374220": "gb-amex",
  "374221": "gb-amex",
  "374222": "gb-amex",
  "374223": "gb-amex",
  "374224": "gb-amex",
  "374225": "gb-amex",
  "374226": "gb-amex",
  "374227": "gb-amex",
  "374228": "gb-amex",
  "374229": "gb-amex",
  "374230": "gb-amex",
  "374231": "gb-amex",
  "374232": "gb-amex",
  "374233": "gb-amex",
  "374234": "gb-amex",
  "374235": "gb-amex",
  "374236": "gb-amex",
  "374237": "gb-amex",
  "374238": "gb-amex",
  "374239": "gb-amex",
  "374240": "gb-amex",
  "374241": "gb-amex",
  "374242": "gb-amex",
  "374243": "gb-amex",
  "374244": "gb-amex",
  "374245": "gb-amex",
  "374246": "gb-amex",
  "374247": "gb-amex",
  "374248": "gb-amex",
  "374249": "gb-amex",
  "374250": "gb-amex",
  "374251": "gb-amex",
  "374252": "gb-amex",
  "374253": "gb-amex",
  "374254": "gb-amex",
  "374255": "gb-amex",
  "374256": "gb-amex",
  "374257": "gb-amex",
  "374258": "gb-amex",
  "374259": "gb-amex",
  "374260": "gb-amex",
  "374261": "gb-amex",
  "374262": "gb-amex",
  "374263": "gb-amex",
  "374264": "gb-amex",
  "374265": "gb-amex",
  "374266": "gb-amex",
  "374267": "gb-amex",
  "374268": "gb-amex",
  "374269": "gb-amex",
  "374270": "gb-amex",
  "374271": "gb-amex",
  "374272": "gb-amex",
  "374273": "gb-amex",
  "374274": "gb-amex",
  "374275": "gb-amex",
  "374276": "gb-amex",
  "374277": "gb-amex",
  "374278": "gb-amex",
  "374279": "gb-amex",
  "374280": "gb-amex",
  "374281": "gb-amex",
  "374282": "gb-amex",
  "374283": "gb-amex",
  "374284": "gb-amex",
  "374285": "gb-amex",
  "374286": "gb-amex",
  "374287": "gb-amex",
  "374288": "gb-amex",
  "374289": "gb-amex",
  "374290": "gb-amex",
  "374291": "gb-amex",
  "374292": "gb-amex",
  "374293": "gb-amex",
  "374294": "gb-amex",
  "374295": "gb-amex",
  "374296": "gb-amex",
  "374297": "gb-amex",
  "374298": "gb-amex",
  "374299": "gb-amex",
  "374323": "gb-amex",
  "374383": "gb-amex",
  "374388": "gb-amex",
  "374397": "gb-amex",
  "374398": "gb-amex",
  "374600": "gb-amex",
  "374601": "gb-amex",
  "374602": "gb-amex",
  "374603": "gb-amex",
  "374604": "gb-amex",
  "374605": "gb-amex",
  "374606": "gb-amex",
  "374607": "gb-amex",
  "374608": "gb-amex",
  "374609": "gb-amex",
  "374614": "gb-amex",
  "374619": "gb-british-airways",
  "374687": "gb-amex",
  "374690": "gb-amex",
  "374691": "gb-amex",
  "374692": "gb-amex",
  "374693": "gb-amex",
  "376013": "gb-amex",
  "376014": "gb-amex",
  "376015": "gb-amex",
  "376469": "gb-amex",
  "376682": "gb-amex",
  "376683": "gb-amex",
  "376684": "gb-amex",
  "376872": "gb-amex",
  "377048": "gb-lloyd",
  "377049": "gb-lloyd",
  "377050": "gb-lloyd",
  "377052": "gb-lloyd",
  "377053": "gb-lloyd",
  "377054": "gb-lloyd",
  "377055": "gb-lloyd",
  "377056": "gb-lloyd",
  "377057": "gb-lloyd",
  "377058": "gb-lloyd",
  "377059": "gb-lloyd",
  "377060": "gb-lloyd",
  "377061": "gb-lloyd",
  "377062": "gb-lloyd",
  "377063": "gb-lloyd",
  "377064": "gb-lloyd",
  "377065": "gb-lloyd",
  "377066": "gb-lloyd",
  "377067": "gb-lloyd",
  "377068": "gb-lloyd",
  "377069": "gb-lloyd",
  "377071": "gb-lloyd",
  "377072": "gb-lloyd",
  "377073": "gb-lloyd",
  "377074": "gb-lloyd",
  "377075": "gb-lloyd",
  "377076": "gb-lloyd",
  "377077": "gb-lloyd",
  "377078": "gb-lloyd",
  "377079": "gb-lloyd",
  "377081": "gb-lloyd",
  "377082": "gb-lloyd",
  "377083": "gb-lloyd",
  "377084": "gb-lloyd",
  "377085": "gb-lloyd",
  "377086": "gb-lloyd",
  "377087": "gb-lloyd",
  "377088": "gb-lloyd",
  "377128": "gb-mbna",
  "377130": "gb-mbna",
  "377131": "gb-mbna",
  "377132": "gb-mbna",
  "377133": "gb-mbna",
  "377171": "gb-barklays",
  "377310": "gb-mbna",
  "377311": "gb-mbna",
  "377312": "gb-mbna",
  "377313": "gb-mbna",
  "377315": "gb-mbna",
  "377316": "gb-mbna",
  "377687": "gb-tsb",
  "379021": "gb-amex",
  "379022": "gb-amex",
  "379023": "gb-amex",
  "379025": "gb-amex",
  "379027": "gb-amex",
  "379100": "gb-amex",
  "379101": "gb-amex",
  "379102": "gb-amex",
  "379103": "gb-amex",
  "379104": "gb-amex",
  "379105": "gb-amex",
  "379106": "gb-amex",
  "379107": "gb-amex",
  "379108": "gb-amex",
  "379109": "gb-amex",
  "379164": "gb-amex",
  "379179": "gb-amex",
  "379188": "gb-british-airways",
  "379196": "gb-amex",
  "379984": "gb-barklays",
  "400846": "gb-lloyd",
  "400847": "gb-lloyd",
  "400860": "gb-halifax",
  "400880": "gb-royal-bank-of-scotland",
  "401343": "gb-royal-bank-of-scotland",
  "401344": "gb-royal-bank-of-scotland",
  "402189": "gb-raphaels",
  "402193": "gb-natwest",
  "402939": "gb-tesko",
  "403334": "gb-raphaels",
  "403556": "gb-ulster",
  "403557": "gb-ulster",
  "403620": "gb-bank-of-scotland",
  "404783": "gb-natwest",
  "404842": "gb-bank-of-scotland",
  "404970": "gb-bank-of-scotland",
  "404971": "gb-bank-of-scotland",
  "404972": "gb-bank-of-scotland",
  "405657": "gb-bank-of-scotland",
  "406414": "gb-co-operative",
  "406664": "gb-lloyd",
  "407705": "gb-raphaels",
  "408376": "gb-royal-bank-of-scotland",
  "408532": "gb-lloyd",
  "408754": "gb-virgin",
  "409655": "gb-co-operative",
  "409656": "gb-co-operative",
  "409657": "gb-co-operative",
  "410558": "gb-santander-uk",
  "411298": "gb-lloyd",
  "411975": "gb-bank-of-scotland",
  "412285": "gb-mbna",
  "412286": "gb-virgin",
  "412312": "gb-lloyd",
  "412733": "gb-lloyd",
  "412734": "gb-lloyd",
  "412735": "gb-lloyd",
  "412921": "gb-raphaels",
  "412923": "gb-raphaels",
  "412983": "gb-mbna",
  "412984": "gb-mbna",
  "412985": "gb-mbna",
  "413514": "gb-raphaels",
  "413761": "gb-nationwide",
  "414019": "gb-royal-bank-of-scotland",
  "414691": "gb-royal-bank-of-scotland",
  "414831": "gb-bank-of-scotland",
  "415548": "gb-mbna",
  "415930": "gb-santander-uk",
  "415931": "gb-santander-uk",
  "416044": "gb-lloyd",
  "416045": "gb-lloyd",
  "417264": "gb-bank-of-scotland",
  "417265": "gb-bank-of-scotland",
  "417266": "gb-bank-of-scotland",
  "417267": "gb-bank-of-scotland",
  "417268": "gb-bank-of-scotland",
  "417269": "gb-bank-of-scotland",
  "417270": "gb-bank-of-scotland",
  "417271": "gb-bank-of-scotland",
  "417272": "gb-bank-of-scotland",
  "417404": "gb-bank-of-scotland",
  "417640": "gb-royal-bank-of-scotland",
  "417727": "gb-lloyd",
  "417935": "gb-raphaels",
  "418949": "gb-royal-bank-of-scotland",
  "418950": "gb-royal-bank-of-scotland",
  "418951": "gb-royal-bank-of-scotland",
  "418952": "gb-royal-bank-of-scotland",
  "419049": "gb-royal-bank-of-scotland",
  "419740": "gb-raphaels",
  "419741": "gb-raphaels",
  "419772": "gb-raphaels",
  "419773": "gb-raphaels",
  "419774": "gb-raphaels",
  "419776": "gb-raphaels",
  "419880": "gb-royal-bank-of-scotland",
  "419985": "gb-santander-uk",
  "419987": "gb-santander-uk",
  "420349": "gb-santander-uk",
  "420350": "gb-santander-uk",
  "420351": "gb-santander-uk",
  "420570": "gb-lloyd",
  "420672": "gb-mbna",
  "420722": "gb-lloyd",
  "420723": "gb-lloyd",
  "421182": "gb-mbna",
  "421183": "gb-mbna",
  "421592": "gb-raphaels",
  "421593": "gb-raphaels",
  "421594": "gb-raphaels",
  "421952": "gb-raphaels",
  "421954": "gb-raphaels",
  "422278": "gb-santander-uk",
  "422279": "gb-santander-uk",
  "423769": "gb-santander-uk",
  "424191": "gb-lloyd",
  "424192": "gb-lloyd",
  "424193": "gb-lloyd",
  "424194": "gb-lloyd",
  "424195": "gb-lloyd",
  "424196": "gb-lloyd",
  "424197": "gb-lloyd",
  "424198": "gb-lloyd",
  "424329": "gb-coventry",
  "424495": "gb-santander-uk",
  "424496": "gb-nationwide",
  "424497": "gb-nationwide",
  "425511": "gb-lloyd",
  "425512": "gb-lloyd",
  "425513": "gb-lloyd",
  "425514": "gb-lloyd",
  "425515": "gb-lloyd",
  "425516": "gb-lloyd",
  "425517": "gb-lloyd",
  "425518": "gb-lloyd",
  "425719": "gb-natwest",
  "425749": "gb-royal-bank-of-scotland",
  "426320": "gb-natwest",
  "426323": "gb-natwest",
  "426326": "gb-natwest",
  "426331": "gb-natwest",
  "426338": "gb-natwest",
  "426393": "gb-natwest",
  "426504": "gb-raphaels",
  "426566": "gb-raphaels",
  "427300": "gb-natwest",
  "427342": "gb-lloyd",
  "428384": "gb-mbna",
  "429503": "gb-lloyd",
  "429504": "gb-lloyd",
  "430566": "gb-royal-bank-of-scotland",
  "430567": "gb-tesko",
  "430568": "gb-royal-bank-of-scotland",
  "431072": "gb-clydesdale",
  "431241": "gb-tsb",
  "431930": "gb-halifax",
  "431936": "gb-royal-bank-of-scotland",
  "431937": "gb-royal-bank-of-scotland",
  "431942": "gb-royal-bank-of-scotland",
  "431943": "gb-royal-bank-of-scotland",
  "431945": "gb-royal-bank-of-scotland",
  "431946": "gb-royal-bank-of-scotland",
  "431948": "gb-royal-bank-of-scotland",
  "431949": "gb-royal-bank-of-scotland",
  "431950": "gb-royal-bank-of-scotland",
  "431951": "gb-royal-bank-of-scotland",
  "431952": "gb-royal-bank-of-scotland",
  "431953": "gb-royal-bank-of-scotland",
  "431954": "gb-royal-bank-of-scotland",
  "431955": "gb-royal-bank-of-scotland",
  "431956": "gb-royal-bank-of-scotland",
  "431957": "gb-royal-bank-of-scotland",
  "431958": "gb-royal-bank-of-scotland",
  "431959": "gb-royal-bank-of-scotland",
  "431960": "gb-royal-bank-of-scotland",
  "431961": "gb-royal-bank-of-scotland",
  "431962": "gb-royal-bank-of-scotland",
  "431963": "gb-royal-bank-of-scotland",
  "431964": "gb-royal-bank-of-scotland",
  "431965": "gb-royal-bank-of-scotland",
  "431966": "gb-royal-bank-of-scotland",
  "431967": "gb-royal-bank-of-scotland",
  "431968": "gb-royal-bank-of-scotland",
  "431969": "gb-royal-bank-of-scotland",
  "431970": "gb-royal-bank-of-scotland",
  "431971": "gb-royal-bank-of-scotland",
  "431972": "gb-royal-bank-of-scotland",
  "431973": "gb-royal-bank-of-scotland",
  "431974": "gb-royal-bank-of-scotland",
  "431975": "gb-royal-bank-of-scotland",
  "431976": "gb-royal-bank-of-scotland",
  "431977": "gb-royal-bank-of-scotland",
  "431978": "gb-royal-bank-of-scotland",
  "431979": "gb-royal-bank-of-scotland",
  "431980": "gb-santander-uk",
  "432138": "gb-raphaels",
  "433506": "gb-mbna",
  "433507": "gb-mbna",
  "433508": "gb-mbna",
  "438280": "gb-yorkshire",
  "438615": "gb-tsb",
  "439314": "gb-barklays",
  "440287": "gb-mbna",
  "440288": "gb-mbna",
  "440296": "gb-mbna",
  "441084": "gb-santander-uk",
  "442162": "gb-mbna",
  "442181": "gb-lloyd",
  "443856": "gb-santander-uk",
  "444000": "gb-clydesdale",
  "444001": "gb-clydesdale",
  "444005": "gb-lloyd",
  "444006": "gb-lloyd",
  "444007": "gb-lloyd",
  "444008": "gb-lloyd",
  "445803": "gb-nationwide",
  "445958": "gb-natwest",
  "445974": "gb-royal-bank-of-scotland",
  "446204": "gb-bank-of-scotland",
  "446210": "gb-royal-bank-of-scotland",
  "446211": "gb-yorkshire",
  "446238": "gb-bank-of-scotland",
  "446259": "gb-lloyd",
  "446261": "gb-lloyd",
  "446262": "gb-lloyd",
  "446266": "gb-clydesdale",
  "446271": "gb-bank-of-scotland",
  "446272": "gb-lloyd",
  "446274": "gb-lloyd",
  "446277": "gb-santander-uk",
  "446278": "gb-bank-of-scotland",
  "446279": "gb-bank-of-scotland",
  "446280": "gb-bank-of-scotland",
  "446281": "gb-bank-of-scotland",
  "446282": "gb-bank-of-scotland",
  "446283": "gb-santander-uk",
  "446291": "gb-bank-of-scotland",
  "446292": "gb-bank-of-scotland",
  "446311": "gb-bank-of-scotland",
  "446627": "gb-halifax",
  "448405": "gb-royal-bank-of-scotland",
  "448409": "gb-royal-bank-of-scotland",
  "448445": "gb-lloyd",
  "448463": "gb-royal-bank-of-scotland",
  "448527": "gb-natwest",
  "448570": "gb-co-operative",
  "449352": "gb-nationwide",
  "449353": "gb-nationwide",
  "450082": "gb-mbna",
  "450196": "gb-mbna",
  "450197": "gb-mbna",
  "450198": "gb-mbna",
  "450199": "gb-mbna",
  "450783": "gb-bank-of-scotland",
  "450823": "gb-lloyd",
  "450859": "gb-santander-uk",
  "450874": "gb-lloyd",
  "450875": "gb-co-operative",
  "450897": "gb-lloyd",
  "450901": "gb-mbna",
  "450906": "gb-clydesdale",
  "450999": "gb-mbna",
  "452045": "gb-santander-uk",
  "453929": "gb-natwest",
  "453937": "gb-natwest",
  "454103": "gb-bank-of-scotland",
  "454305": "gb-royal-bank-of-scotland",
  "454306": "gb-royal-bank-of-scotland",
  "454313": "gb-nationwide",
  "454364": "gb-mbna",
  "454365": "gb-clydesdale",
  "454366": "gb-clydesdale",
  "454420": "gb-natwest",
  "454432": "gb-lloyd",
  "454433": "gb-lloyd",
  "454435": "gb-lloyd",
  "454438": "gb-natwest",
  "454443": "gb-clydesdale",
  "454495": "gb-co-operative",
  "454634": "gb-ulster",
  "454643": "gb-lloyd",
  "454645": "gb-lloyd",
  "454742": "gb-santander-uk",
  "454745": "gb-santander-uk",
  "454769": "gb-santander-uk",
  "455025": "gb-co-operative",
  "455206": "gb-co-operative",
  "455207": "gb-santander-uk",
  "455299": "gb-mbna",
  "455547": "gb-co-operative",
  "455572": "gb-co-operative",
  "455594": "gb-lloyd",
  "455647": "gb-bank-of-scotland",
  "455653": "gb-mbna",
  "455718": "gb-ulster",
  "455745": "gb-mbna",
  "456026": "gb-santander-uk",
  "456072": "gb-bank-of-scotland",
  "456073": "gb-bank-of-scotland",
  "456375": "gb-bank-of-scotland",
  "456726": "gb-santander-uk",
  "456729": "gb-nationwide",
  "456731": "gb-santander-uk",
  "456734": "gb-santander-uk",
  "456735": "gb-santander-uk",
  "456785": "gb-lloyd",
  "456831": "gb-santander-uk",
  "456849": "gb-royal-bank-of-scotland",
  "457348": "gb-bank-of-scotland",
  "457349": "gb-bank-of-scotland",
  "457350": "gb-bank-of-scotland",
  "457351": "gb-bank-of-scotland",
  "457352": "gb-bank-of-scotland",
  "457720": "gb-lloyd",
  "458084": "gb-royal-bank-of-scotland",
  "458111": "gb-clydesdale",
  "458114": "gb-clydesdale",
  "459000": "gb-nationwide",
  "459338": "gb-raphaels",
  "459364": "gb-raphaels",
  "459545": "gb-lloyd",
  "459607": "gb-nationwide",
  "459640": "gb-raphaels",
  "459854": "gb-raphaels",
  "460024": "gb-coventry",
  "465310": "gb-mbna",
  "465311": "gb-mbna",
  "465590": "gb-tesko",
  "465830": "gb-bank-of-scotland",
  "465831": "gb-bank-of-scotland",
  "465832": "gb-bank-of-scotland",
  "465833": "gb-raphaels",
  "465834": "gb-raphaels",
  "465835": "gb-raphaels",
  "465837": "gb-bank-of-scotland",
  "465838": "gb-santander-uk",
  "465842": "gb-bank-of-scotland",
  "465843": "gb-coventry",
  "465845": "gb-yorkshire",
  "465848": "gb-santander-uk",
  "465849": "gb-bank-of-scotland",
  "465853": "gb-bank-of-scotland",
  "465854": "gb-bank-of-scotland",
  "465857": "gb-coventry",
  "465868": "gb-bank-of-scotland",
  "465869": "gb-bank-of-scotland",
  "465872": "gb-santander-uk",
  "465873": "gb-santander-uk",
  "465874": "gb-santander-uk",
  "465875": "gb-santander-uk",
  "465877": "gb-santander-uk",
  "465878": "gb-santander-uk",
  "465879": "gb-santander-uk",
  "465904": "gb-santander-uk",
  "465905": "gb-bank-of-scotland",
  "465906": "gb-santander-uk",
  "465907": "gb-lloyd",
  "465908": "gb-lloyd",
  "465909": "gb-lloyd",
  "465910": "gb-lloyd",
  "465912": "gb-santander-uk",
  "465913": "gb-santander-uk",
  "465914": "gb-santander-uk",
  "465915": "gb-santander-uk",
  "465916": "gb-santander-uk",
  "465917": "gb-santander-uk",
  "465918": "gb-santander-uk",
  "465919": "gb-santander-uk",
  "465920": "gb-santander-uk",
  "465924": "gb-santander-uk",
  "465925": "gb-santander-uk",
  "465926": "gb-santander-uk",
  "465927": "gb-santander-uk",
  "465928": "gb-santander-uk",
  "465929": "gb-santander-uk",
  "465930": "gb-santander-uk",
  "465931": "gb-santander-uk",
  "465932": "gb-santander-uk",
  "465934": "gb-bank-of-scotland",
  "465935": "gb-nationwide",
  "465936": "gb-raphaels",
  "465937": "gb-bank-of-scotland",
  "465940": "gb-bank-of-scotland",
  "465951": "gb-lloyd",
  "465969": "gb-halifax",
  "467062": "gb-lloyd",
  "469713": "gb-tesko",
  "470608": "gb-lloyd",
  "471505": "gb-natwest",
  "471558": "gb-ulster",
  "471559": "gb-ulster",
  "472411": "gb-halifax",
  "474215": "gb-yorkshire",
  "474362": "gb-santander-uk",
  "474542": "gb-santander-uk",
  "474544": "gb-santander-uk",
  "475110": "gb-ulster",
  "475111": "gb-ulster",
  "475112": "gb-ulster",
  "475116": "gb-royal-bank-of-scotland",
  "475117": "gb-royal-bank-of-scotland",
  "475118": "gb-royal-bank-of-scotland",
  "475119": "gb-royal-bank-of-scotland",
  "475123": "gb-royal-bank-of-scotland",
  "475124": "gb-royal-bank-of-scotland",
  "475125": "gb-royal-bank-of-scotland",
  "475126": "gb-royal-bank-of-scotland",
  "475127": "gb-natwest",
  "475128": "gb-natwest",
  "475129": "gb-natwest",
  "475130": "gb-natwest",
  "475131": "gb-natwest",
  "475132": "gb-natwest",
  "475133": "gb-royal-bank-of-scotland",
  "475139": "gb-nationwide",
  "475140": "gb-nationwide",
  "475141": "gb-nationwide",
  "475142": "gb-nationwide",
  "475143": "gb-nationwide",
  "475144": "gb-nationwide",
  "475145": "gb-nationwide",
  "475154": "gb-santander-uk",
  "475159": "gb-santander-uk",
  "475229": "gb-natwest",
  "475230": "gb-natwest",
  "475710": "gb-royal-bank-of-scotland",
  "475713": "gb-santander-uk",
  "475714": "gb-santander-uk",
  "475720": "gb-royal-bank-of-scotland",
  "475724": "gb-royal-bank-of-scotland",
  "475728": "gb-clydesdale",
  "475730": "gb-tesko",
  "475732": "gb-bank-of-scotland",
  "475733": "gb-lloyd",
  "475734": "gb-royal-bank-of-scotland",
  "475738": "gb-lloyd",
  "475740": "gb-raphaels",
  "475745": "gb-royal-bank-of-scotland",
  "475746": "gb-ulster",
  "475747": "gb-natwest",
  "475748": "gb-royal-bank-of-scotland",
  "475749": "gb-clydesdale",
  "475750": "gb-royal-bank-of-scotland",
  "475751": "gb-natwest",
  "475752": "gb-natwest",
  "475753": "gb-natwest",
  "475754": "gb-natwest",
  "475755": "gb-natwest",
  "475758": "gb-royal-bank-of-scotland",
  "475759": "gb-royal-bank-of-scotland",
  "476034": "gb-santander-uk",
  "476220": "gb-bank-of-scotland",
  "476221": "gb-bank-of-scotland",
  "476222": "gb-bank-of-scotland",
  "476223": "gb-bank-of-scotland",
  "476224": "gb-bank-of-scotland",
  "476225": "gb-bank-of-scotland",
  "476226": "gb-santander-uk",
  "476227": "gb-santander-uk",
  "476228": "gb-royal-bank-of-scotland",
  "476229": "gb-royal-bank-of-scotland",
  "476230": "gb-royal-bank-of-scotland",
  "476231": "gb-royal-bank-of-scotland",
  "476232": "gb-natwest",
  "476233": "gb-natwest",
  "476234": "gb-royal-bank-of-scotland",
  "476235": "gb-royal-bank-of-scotland",
  "476236": "gb-royal-bank-of-scotland",
  "476240": "gb-royal-bank-of-scotland",
  "476241": "gb-royal-bank-of-scotland",
  "476242": "gb-lloyd",
  "476243": "gb-raphaels",
  "476244": "gb-raphaels",
  "476245": "gb-royal-bank-of-scotland",
  "476246": "gb-royal-bank-of-scotland",
  "476248": "gb-royal-bank-of-scotland",
  "476249": "gb-royal-bank-of-scotland",
  "476250": "gb-royal-bank-of-scotland",
  "476252": "gb-royal-bank-of-scotland",
  "476256": "gb-santander-uk",
  "476259": "gb-santander-uk",
  "476260": "gb-royal-bank-of-scotland",
  "476261": "gb-royal-bank-of-scotland",
  "476263": "gb-royal-bank-of-scotland",
  "476267": "gb-royal-bank-of-scotland",
  "476269": "gb-royal-bank-of-scotland",
  "476346": "gb-natwest",
  "476347": "gb-natwest",
  "476348": "gb-royal-bank-of-scotland",
  "476349": "gb-royal-bank-of-scotland",
  "476350": "gb-royal-bank-of-scotland",
  "476351": "gb-royal-bank-of-scotland",
  "476352": "gb-royal-bank-of-scotland",
  "476353": "gb-royal-bank-of-scotland",
  "476354": "gb-royal-bank-of-scotland",
  "476357": "gb-royal-bank-of-scotland",
  "476359": "gb-royal-bank-of-scotland",
  "476360": "gb-royal-bank-of-scotland",
  "476361": "gb-santander-uk",
  "476362": "gb-royal-bank-of-scotland",
  "476363": "gb-tsb",
  "476364": "gb-tsb",
  "476365": "gb-tsb",
  "476366": "gb-tsb",
  "476367": "gb-tsb",
  "476368": "gb-tsb",
  "476369": "gb-royal-bank-of-scotland",
  "476371": "gb-royal-bank-of-scotland",
  "476373": "gb-royal-bank-of-scotland",
  "476377": "gb-royal-bank-of-scotland",
  "476378": "gb-raphaels",
  "476379": "gb-raphaels",
  "476380": "gb-royal-bank-of-scotland",
  "476386": "gb-royal-bank-of-scotland",
  "476387": "gb-royal-bank-of-scotland",
  "476389": "gb-royal-bank-of-scotland",
  "476621": "gb-royal-bank-of-scotland",
  "477591": "gb-natwest",
  "479214": "gb-natwest",
  "479244": "gb-mbna",
  "479245": "gb-mbna",
  "479293": "gb-santander-uk",
  "479294": "gb-santander-uk",
  "479295": "gb-santander-uk",
  "479532": "gb-tsb",
  "479533": "gb-tsb",
  "479738": "gb-santander-uk",
  "480240": "gb-santander-uk",
  "481877": "gb-halifax",
  "481878": "gb-bank-of-scotland",
  "481879": "gb-bank-of-scotland",
  "481880": "gb-bank-of-scotland",
  "481881": "gb-bank-of-scotland",
  "481882": "gb-bank-of-scotland",
  "481883": "gb-bank-of-scotland",
  "481884": "gb-bank-of-scotland",
  "481885": "gb-bank-of-scotland",
  "481886": "gb-bank-of-scotland",
  "481887": "gb-bank-of-scotland",
  "481888": "gb-bank-of-scotland",
  "481889": "gb-bank-of-scotland",
  "481890": "gb-bank-of-scotland",
  "481897": "gb-lloyd",
  "481898": "gb-lloyd",
  "481899": "gb-lloyd",
  "481900": "gb-lloyd",
  "481915": "gb-lloyd",
  "481918": "gb-mbna",
  "481919": "gb-mbna",
  "481920": "gb-mbna",
  "482171": "gb-mbna",
  "482172": "gb-mbna",
  "482173": "gb-mbna",
  "482174": "gb-natwest",
  "482175": "gb-natwest",
  "482176": "gb-nationwide",
  "482177": "gb-nationwide",
  "482178": "gb-nationwide",
  "482179": "gb-nationwide",
  "482180": "gb-nationwide",
  "482181": "gb-nationwide",
  "482182": "gb-royal-bank-of-scotland",
  "482183": "gb-royal-bank-of-scotland",
  "482185": "gb-royal-bank-of-scotland",
  "482186": "gb-santander-uk",
  "482187": "gb-santander-uk",
  "482188": "gb-santander-uk",
  "482189": "gb-santander-uk",
  "482190": "gb-santander-uk",
  "482191": "gb-santander-uk",
  "482192": "gb-santander-uk",
  "482193": "gb-bank-of-scotland",
  "482194": "gb-mbna",
  "482871": "gb-santander-uk",
  "482872": "gb-nationwide",
  "482873": "gb-nationwide",
  "482874": "gb-nationwide",
  "483193": "gb-santander-uk",
  "483194": "gb-santander-uk",
  "483204": "gb-lloyd",
  "483205": "gb-halifax",
  "483206": "gb-bank-of-scotland",
  "483209": "gb-nationwide",
  "483210": "gb-mbna",
  "483211": "gb-bank-of-scotland",
  "483214": "gb-royal-bank-of-scotland",
  "484407": "gb-bank-of-scotland",
  "484408": "gb-bank-of-scotland",
  "484412": "gb-santander-uk",
  "484413": "gb-bank-of-scotland",
  "484414": "gb-mbna",
  "484415": "gb-santander-uk",
  "484416": "gb-santander-uk",
  "484417": "gb-santander-uk",
  "484418": "gb-santander-uk",
  "484421": "gb-royal-bank-of-scotland",
  "484422": "gb-raphaels",
  "484423": "gb-bank-of-scotland",
  "484424": "gb-royal-bank-of-scotland",
  "484425": "gb-royal-bank-of-scotland",
  "484428": "gb-bank-of-scotland",
  "484429": "gb-clydesdale",
  "484430": "gb-bank-of-scotland",
  "484431": "gb-bank-of-scotland",
  "484432": "gb-bank-of-scotland",
  "484433": "gb-bank-of-scotland",
  "484435": "gb-bank-of-scotland",
  "484436": "gb-bank-of-scotland",
  "484437": "gb-bank-of-scotland",
  "484438": "gb-bank-of-scotland",
  "484439": "gb-bank-of-scotland",
  "484440": "gb-bank-of-scotland",
  "484442": "gb-bank-of-scotland",
  "484443": "gb-bank-of-scotland",
  "484444": "gb-bank-of-scotland",
  "484445": "gb-bank-of-scotland",
  "484446": "gb-bank-of-scotland",
  "484447": "gb-bank-of-scotland",
  "484448": "gb-bank-of-scotland",
  "484449": "gb-bank-of-scotland",
  "484450": "gb-bank-of-scotland",
  "484451": "gb-bank-of-scotland",
  "484452": "gb-bank-of-scotland",
  "484453": "gb-bank-of-scotland",
  "484454": "gb-bank-of-scotland",
  "484455": "gb-bank-of-scotland",
  "485473": "gb-tsb",
  "485474": "gb-tsb",
  "486380": "gb-clydesdale",
  "486381": "gb-clydesdale",
  "486430": "gb-lloyd",
  "488979": "gb-royal-bank-of-scotland",
  "489014": "gb-royal-bank-of-scotland",
  "489342": "gb-clydesdale",
  "489343": "gb-clydesdale",
  "489394": "gb-nationwide",
  "489395": "gb-nationwide",
  "489396": "gb-nationwide",
  "490525": "gb-royal-bank-of-scotland",
  "490526": "gb-royal-bank-of-scotland",
  "490527": "gb-royal-bank-of-scotland",
  "490528": "gb-royal-bank-of-scotland",
  "490529": "gb-royal-bank-of-scotland",
  "490743": "gb-natwest",
  "490918": "gb-bank-of-scotland",
  "490946": "gb-natwest",
  "490964": "gb-lloyd",
  "490969": "gb-virgin",
  "490977": "gb-lloyd",
  "491007": "gb-royal-bank-of-scotland",
  "491012": "gb-mbna",
  "491100": "gb-bank-of-scotland",
  "491101": "gb-bank-of-scotland",
  "491102": "gb-bank-of-scotland",
  "491103": "gb-bank-of-scotland",
  "491104": "gb-bank-of-scotland",
  "491105": "gb-bank-of-scotland",
  "491106": "gb-bank-of-scotland",
  "491107": "gb-bank-of-scotland",
  "491108": "gb-bank-of-scotland",
  "491109": "gb-bank-of-scotland",
  "491110": "gb-bank-of-scotland",
  "491111": "gb-bank-of-scotland",
  "491112": "gb-bank-of-scotland",
  "491113": "gb-bank-of-scotland",
  "491114": "gb-bank-of-scotland",
  "491115": "gb-bank-of-scotland",
  "491116": "gb-bank-of-scotland",
  "491117": "gb-bank-of-scotland",
  "491118": "gb-bank-of-scotland",
  "491119": "gb-bank-of-scotland",
  "491120": "gb-bank-of-scotland",
  "491121": "gb-bank-of-scotland",
  "491122": "gb-bank-of-scotland",
  "491123": "gb-bank-of-scotland",
  "491124": "gb-bank-of-scotland",
  "491125": "gb-bank-of-scotland",
  "491126": "gb-bank-of-scotland",
  "491127": "gb-bank-of-scotland",
  "491128": "gb-bank-of-scotland",
  "491129": "gb-bank-of-scotland",
  "491130": "gb-bank-of-scotland",
  "491131": "gb-bank-of-scotland",
  "491132": "gb-bank-of-scotland",
  "491133": "gb-bank-of-scotland",
  "491134": "gb-bank-of-scotland",
  "491135": "gb-bank-of-scotland",
  "491136": "gb-bank-of-scotland",
  "491137": "gb-bank-of-scotland",
  "491138": "gb-bank-of-scotland",
  "491139": "gb-bank-of-scotland",
  "491140": "gb-bank-of-scotland",
  "491141": "gb-bank-of-scotland",
  "491142": "gb-bank-of-scotland",
  "491143": "gb-bank-of-scotland",
  "491144": "gb-bank-of-scotland",
  "491145": "gb-bank-of-scotland",
  "491146": "gb-bank-of-scotland",
  "491147": "gb-bank-of-scotland",
  "491148": "gb-bank-of-scotland",
  "491149": "gb-bank-of-scotland",
  "491150": "gb-bank-of-scotland",
  "491151": "gb-bank-of-scotland",
  "491152": "gb-bank-of-scotland",
  "491153": "gb-bank-of-scotland",
  "491154": "gb-bank-of-scotland",
  "491155": "gb-bank-of-scotland",
  "491156": "gb-bank-of-scotland",
  "491157": "gb-bank-of-scotland",
  "491158": "gb-bank-of-scotland",
  "491159": "gb-bank-of-scotland",
  "491161": "gb-bank-of-scotland",
  "491162": "gb-bank-of-scotland",
  "491163": "gb-bank-of-scotland",
  "491164": "gb-bank-of-scotland",
  "491165": "gb-bank-of-scotland",
  "491166": "gb-bank-of-scotland",
  "491167": "gb-bank-of-scotland",
  "491168": "gb-bank-of-scotland",
  "491169": "gb-bank-of-scotland",
  "491170": "gb-bank-of-scotland",
  "491171": "gb-bank-of-scotland",
  "491172": "gb-bank-of-scotland",
  "491173": "gb-bank-of-scotland",
  "491174": "gb-clydesdale",
  "491175": "gb-clydesdale",
  "491176": "gb-clydesdale",
  "491177": "gb-clydesdale",
  "491178": "gb-clydesdale",
  "491179": "gb-clydesdale",
  "491180": "gb-clydesdale",
  "491181": "gb-clydesdale",
  "491182": "gb-clydesdale",
  "491183": "gb-bank-of-scotland",
  "491184": "gb-bank-of-scotland",
  "491185": "gb-bank-of-scotland",
  "491186": "gb-bank-of-scotland",
  "491187": "gb-bank-of-scotland",
  "491188": "gb-bank-of-scotland",
  "491189": "gb-bank-of-scotland",
  "491190": "gb-bank-of-scotland",
  "491191": "gb-bank-of-scotland",
  "491192": "gb-bank-of-scotland",
  "491193": "gb-bank-of-scotland",
  "491194": "gb-bank-of-scotland",
  "491195": "gb-bank-of-scotland",
  "491196": "gb-bank-of-scotland",
  "491197": "gb-bank-of-scotland",
  "491198": "gb-bank-of-scotland",
  "491199": "gb-bank-of-scotland",
  "491600": "gb-mbna",
  "491601": "gb-mbna",
  "491605": "gb-bank-of-scotland",
  "491624": "gb-mbna",
  "491679": "gb-ulster",
  "491700": "gb-bank-of-scotland",
  "491730": "gb-nationwide",
  "491731": "gb-santander-uk",
  "491734": "gb-lloyd",
  "491735": "gb-lloyd",
  "491736": "gb-lloyd",
  "491740": "gb-lloyd",
  "491746": "gb-lloyd",
  "491751": "gb-santander-uk",
  "491752": "gb-santander-uk",
  "491753": "gb-santander-uk",
  "491754": "gb-bank-of-scotland",
  "491755": "gb-bank-of-scotland",
  "491795": "gb-mbna",
  "491834": "gb-royal-bank-of-scotland",
  "492181": "gb-lloyd",
  "492182": "gb-lloyd",
  "492183": "gb-lloyd",
  "492781": "gb-lloyd",
  "493600": "gb-natwest",
  "493601": "gb-natwest",
  "493602": "gb-natwest",
  "493603": "gb-natwest",
  "493604": "gb-natwest",
  "493605": "gb-natwest",
  "493606": "gb-natwest",
  "493607": "gb-natwest",
  "493608": "gb-natwest",
  "493609": "gb-natwest",
  "493610": "gb-natwest",
  "493611": "gb-natwest",
  "493612": "gb-natwest",
  "493613": "gb-natwest",
  "493614": "gb-natwest",
  "493615": "gb-natwest",
  "493616": "gb-natwest",
  "493617": "gb-natwest",
  "493618": "gb-natwest",
  "493619": "gb-natwest",
  "493620": "gb-natwest",
  "493621": "gb-natwest",
  "493622": "gb-natwest",
  "493623": "gb-natwest",
  "493624": "gb-natwest",
  "493625": "gb-natwest",
  "493626": "gb-natwest",
  "493627": "gb-natwest",
  "493628": "gb-natwest",
  "493629": "gb-natwest",
  "493630": "gb-natwest",
  "493631": "gb-natwest",
  "493632": "gb-natwest",
  "493633": "gb-natwest",
  "493634": "gb-natwest",
  "493635": "gb-natwest",
  "493636": "gb-natwest",
  "493637": "gb-natwest",
  "493638": "gb-natwest",
  "493639": "gb-natwest",
  "493640": "gb-natwest",
  "493641": "gb-natwest",
  "493642": "gb-natwest",
  "493643": "gb-natwest",
  "493644": "gb-natwest",
  "493645": "gb-natwest",
  "493646": "gb-natwest",
  "493647": "gb-natwest",
  "493648": "gb-natwest",
  "493649": "gb-natwest",
  "493650": "gb-natwest",
  "493651": "gb-natwest",
  "493652": "gb-natwest",
  "493653": "gb-natwest",
  "493654": "gb-natwest",
  "493655": "gb-natwest",
  "493656": "gb-natwest",
  "493657": "gb-natwest",
  "493658": "gb-natwest",
  "493659": "gb-natwest",
  "493660": "gb-natwest",
  "493661": "gb-natwest",
  "493662": "gb-natwest",
  "493663": "gb-natwest",
  "493664": "gb-natwest",
  "493665": "gb-natwest",
  "493666": "gb-natwest",
  "493667": "gb-natwest",
  "493668": "gb-natwest",
  "493669": "gb-natwest",
  "493670": "gb-natwest",
  "493671": "gb-natwest",
  "493672": "gb-natwest",
  "493673": "gb-natwest",
  "493674": "gb-natwest",
  "493675": "gb-natwest",
  "493676": "gb-natwest",
  "493677": "gb-natwest",
  "493678": "gb-natwest",
  "493679": "gb-natwest",
  "493680": "gb-natwest",
  "493681": "gb-natwest",
  "493682": "gb-natwest",
  "493683": "gb-natwest",
  "493684": "gb-natwest",
  "493685": "gb-natwest",
  "493686": "gb-natwest",
  "493687": "gb-natwest",
  "493688": "gb-natwest",
  "493689": "gb-natwest",
  "493690": "gb-natwest",
  "493691": "gb-natwest",
  "493692": "gb-natwest",
  "493693": "gb-natwest",
  "493694": "gb-natwest",
  "493695": "gb-natwest",
  "493696": "gb-natwest",
  "493697": "gb-natwest",
  "493698": "gb-ulster",
  "493699": "gb-royal-bank-of-scotland",
  "493833": "gb-mbna",
  "493844": "gb-mbna",
  "494071": "gb-lloyd",
  "495181": "gb-lloyd",
  "496668": "gb-lloyd",
  "498541": "gb-tesko",
  "498823": "gb-co-operative",
  "498824": "gb-co-operative",
  "499844": "gb-raphaels",
  "499845": "gb-raphaels",
  "500163": "gb-royal-bank-of-scotland",
  "510108": "gb-lloyd",
  "511435": "gb-raphaels",
  "511681": "gb-raphaels",
  "511682": "gb-raphaels",
  "511689": "gb-raphaels",
  "511691": "gb-natwest",
  "512006": "gb-santander-uk",
  "512569": "gb-lloyd",
  "513082": "gb-raphaels",
  "513388": "gb-tsb",
  "515459": "gb-santander-uk",
  "515463": "gb-santander-uk",
  "515470": "gb-natwest",
  "515494": "gb-natwest",
  "515496": "gb-natwest",
  "516362": "gb-natwest",
  "516569": "gb-natwest",
  "517246": "gb-raphaels",
  "517247": "gb-raphaels",
  "517248": "gb-raphaels",
  "517249": "gb-raphaels",
  "517342": "gb-raphaels",
  "517349": "gb-raphaels",
  "517350": "gb-raphaels",
  "517381": "gb-raphaels",
  "517382": "gb-raphaels",
  "517383": "gb-raphaels",
  "517385": "gb-raphaels",
  "517386": "gb-raphaels",
  "517387": "gb-raphaels",
  "517388": "gb-raphaels",
  "518645": "gb-tesko",
  "518652": "gb-tesko",
  "518675": "gb-mbna",
  "518791": "gb-lloyd",
  "519520": "gb-raphaels",
  "519524": "gb-raphaels",
  "519763": "gb-raphaels",
  "519772": "gb-santander-uk",
  "519775": "gb-raphaels",
  "519959": "gb-mbna",
  "520311": "gb-raphaels",
  "520326": "gb-natwest",
  "520334": "gb-bank-of-scotland",
  "520340": "gb-lloyd",
  "520640": "gb-natwest",
  "520641": "gb-tesko",
  "520749": "gb-lloyd",
  "520750": "gb-lloyd",
  "520751": "gb-lloyd",
  "521301": "gb-mbna",
  "521422": "gb-lloyd",
  "521436": "gb-natwest",
  "521539": "gb-raphaels",
  "521540": "gb-raphaels",
  "521541": "gb-raphaels",
  "521542": "gb-raphaels",
  "521543": "gb-raphaels",
  "521544": "gb-raphaels",
  "521545": "gb-raphaels",
  "521546": "gb-raphaels",
  "521547": "gb-raphaels",
  "521548": "gb-raphaels",
  "521549": "gb-raphaels",
  "521550": "gb-raphaels",
  "521765": "gb-lloyd",
  "521804": "gb-tesko",
  "522009": "gb-raphaels",
  "522948": "gb-santander-uk",
  "522996": "gb-clydesdale",
  "523067": "gb-mbna",
  "523074": "gb-bank-of-scotland",
  "523150": "gb-raphaels",
  "523749": "gb-natwest",
  "524830": "gb-mbna",
  "525302": "gb-bank-of-scotland",
  "525303": "gb-bank-of-scotland",
  "527154": "gb-raphaels",
  "527252": "gb-raphaels",
  "527264": "gb-raphaels",
  "527273": "gb-raphaels",
  "527636": "gb-raphaels",
  "527669": "gb-virgin",
  "527770": "gb-raphaels",
  "528682": "gb-bank-of-scotland",
  "528683": "gb-bank-of-scotland",
  "528689": "gb-santander-uk",
  "529400": "gb-bank-of-scotland",
  "529507": "gb-santander-uk",
  "529514": "gb-santander-uk",
  "529596": "gb-raphaels",
  "529916": "gb-royal-bank-of-scotland",
  "530464": "gb-raphaels",
  "530670": "gb-clydesdale",
  "530671": "gb-clydesdale",
  "530675": "gb-royal-bank-of-scotland",
  "530676": "gb-bank-of-scotland",
  "530850": "gb-tesko",
  "531045": "gb-virgin",
  "531049": "gb-santander-uk",
  "531065": "gb-tesko",
  "531546": "gb-santander-uk",
  "531710": "gb-raphaels",
  "531726": "gb-raphaels",
  "531837": "gb-raphaels",
  "532050": "gb-raphaels",
  "532123": "gb-raphaels",
  "532150": "gb-raphaels",
  "532692": "gb-bank-of-scotland",
  "532823": "gb-bank-of-scotland",
  "532865": "gb-lloyd",
  "532866": "gb-lloyd",
  "532920": "gb-raphaels",
  "532941": "gb-raphaels",
  "533033": "gb-raphaels",
  "533039": "gb-raphaels",
  "533040": "gb-santander-uk",
  "533144": "gb-raphaels",
  "533163": "gb-mbna",
  "533164": "gb-mbna",
  "533165": "gb-mbna",
  "533195": "gb-bank-of-scotland",
  "533200": "gb-metro",
  "533865": "gb-clydesdale",
  "533867": "gb-raphaels",
  "533869": "gb-clydesdale",
  "534316": "gb-raphaels",
  "535127": "gb-raphaels",
  "535539": "gb-raphaels",
  "535626": "gb-tsb",
  "535627": "gb-tsb",
  "535628": "gb-tsb",
  "535629": "gb-tsb",
  "535630": "gb-tsb",
  "535631": "gb-tsb",
  "535666": "gb-santander-uk",
  "535667": "gb-santander-uk",
  "535668": "gb-santander-uk",
  "535669": "gb-santander-uk",
  "535923": "gb-mbna",
  "536145": "gb-raphaels",
  "536563": "gb-raphaels",
  "537476": "gb-raphaels",
  "537648": "gb-raphaels",
  "537681": "gb-raphaels",
  "538149": "gb-hsbc",
  "538412": "gb-raphaels",
  "538418": "gb-raphaels",
  "538423": "gb-raphaels",
  "538424": "gb-raphaels",
  "538427": "gb-raphaels",
  "538430": "gb-raphaels",
  "538431": "gb-raphaels",
  "538433": "gb-raphaels",
  "538435": "gb-raphaels",
  "538436": "gb-raphaels",
  "538437": "gb-raphaels",
  "538458": "gb-raphaels",
  "538600": "gb-raphaels",
  "538606": "gb-raphaels",
  "538628": "gb-raphaels",
  "538641": "gb-raphaels",
  "538642": "gb-raphaels",
  "538667": "gb-raphaels",
  "538668": "gb-raphaels",
  "538669": "gb-raphaels",
  "538670": "gb-raphaels",
  "538672": "gb-raphaels",
  "538674": "gb-raphaels",
  "538675": "gb-raphaels",
  "538676": "gb-raphaels",
  "538677": "gb-raphaels",
  "538678": "gb-raphaels",
  "538679": "gb-raphaels",
  "538680": "gb-raphaels",
  "538681": "gb-raphaels",
  "538682": "gb-raphaels",
  "538683": "gb-raphaels",
  "538684": "gb-raphaels",
  "538685": "gb-raphaels",
  "538686": "gb-raphaels",
  "538687": "gb-raphaels",
  "538688": "gb-raphaels",
  "538689": "gb-raphaels",
  "538697": "gb-clydesdale",
  "538698": "gb-clydesdale",
  "538699": "gb-clydesdale",
  "538813": "gb-royal-bank-of-scotland",
  "539162": "gb-raphaels",
  "540055": "gb-lloyd",
  "540152": "gb-bank-of-scotland",
  "540153": "gb-bank-of-scotland",
  "540222": "gb-tsb",
  "540242": "gb-tsb",
  "540243": "gb-tsb",
  "540427": "gb-lloyd",
  "540429": "gb-lloyd",
  "540431": "gb-lloyd",
  "540436": "gb-lloyd",
  "540437": "gb-lloyd",
  "540438": "gb-lloyd",
  "540439": "gb-lloyd",
  "540440": "gb-lloyd",
  "540441": "gb-lloyd",
  "540442": "gb-lloyd",
  "540453": "gb-clydesdale",
  "540456": "gb-lloyd",
  "540463": "gb-lloyd",
  "540464": "gb-raphaels",
  "540471": "gb-lloyd",
  "540485": "gb-lloyd",
  "540635": "gb-mbna",
  "540758": "gb-mbna",
  "540964": "gb-natwest",
  "541156": "gb-clydesdale",
  "541166": "gb-clydesdale",
  "541170": "gb-royal-bank-of-scotland",
  "541647": "gb-santander-uk",
  "542004": "gb-royal-bank-of-scotland",
  "542180": "gb-natwest",
  "542195": "gb-bank-of-scotland",
  "542309": "gb-lloyd",
  "542417": "gb-natwest",
  "542502": "gb-lloyd",
  "542533": "gb-natwest",
  "542615": "gb-royal-bank-of-scotland",
  "542851": "gb-natwest",
  "543166": "gb-natwest",
  "543298": "gb-raphaels",
  "543325": "gb-royal-bank-of-scotland",
  "543429": "gb-bank-of-scotland",
  "543468": "gb-natwest",
  "543469": "gb-natwest",
  "543470": "gb-natwest",
  "543471": "gb-natwest",
  "543472": "gb-natwest",
  "543473": "gb-natwest",
  "543474": "gb-natwest",
  "543475": "gb-natwest",
  "543477": "gb-clydesdale",
  "543480": "gb-natwest",
  "543482": "gb-natwest",
  "543484": "gb-natwest",
  "543556": "gb-natwest",
  "543557": "gb-natwest",
  "543699": "gb-natwest",
  "543721": "gb-clydesdale",
  "543731": "gb-natwest",
  "543967": "gb-natwest",
  "543969": "gb-bank-of-scotland",
  "544182": "gb-mbna",
  "544426": "gb-natwest",
  "544608": "gb-raphaels",
  "544631": "gb-clydesdale",
  "544698": "gb-natwest",
  "544752": "gb-natwest",
  "544853": "gb-natwest",
  "544996": "gb-bank-of-scotland",
  "545043": "gb-mbna",
  "545061": "gb-raphaels",
  "545100": "gb-natwest",
  "545108": "gb-natwest",
  "545110": "gb-natwest",
  "545112": "gb-natwest",
  "545113": "gb-natwest",
  "545121": "gb-natwest",
  "545130": "gb-natwest",
  "545135": "gb-natwest",
  "545140": "gb-natwest",
  "545141": "gb-bank-of-scotland",
  "545142": "gb-natwest",
  "545145": "gb-natwest",
  "545175": "gb-natwest",
  "545176": "gb-natwest",
  "545187": "gb-natwest",
  "545188": "gb-natwest",
  "545191": "gb-natwest",
  "545460": "gb-natwest",
  "545475": "gb-natwest",
  "545476": "gb-raphaels",
  "545501": "gb-natwest",
  "545514": "gb-natwest",
  "545515": "gb-natwest",
  "545516": "gb-natwest",
  "545517": "gb-natwest",
  "545518": "gb-natwest",
  "545520": "gb-natwest",
  "545521": "gb-natwest",
  "545522": "gb-natwest",
  "545523": "gb-natwest",
  "545524": "gb-natwest",
  "545578": "gb-bank-of-scotland",
  "545664": "gb-mbna",
  "545665": "gb-santander-uk",
  "545673": "gb-mbna",
  "545710": "gb-natwest",
  "545760": "gb-santander-uk",
  "545901": "gb-raphaels",
  "545902": "gb-natwest",
  "545904": "gb-natwest",
  "545905": "gb-natwest",
  "545909": "gb-natwest",
  "545913": "gb-natwest",
  "545995": "gb-mbna",
  "545997": "gb-santander-uk",
  "546016": "gb-natwest",
  "546019": "gb-natwest",
  "546779": "gb-lloyd",
  "546780": "gb-lloyd",
  "546811": "gb-natwest",
  "546895": "gb-mbna",
  "547018": "gb-mbna",
  "547110": "gb-natwest",
  "547116": "gb-mbna",
  "547184": "gb-natwest",
  "547203": "gb-clydesdale",
  "547353": "gb-clydesdale",
  "547356": "gb-natwest",
  "547367": "gb-natwest",
  "547368": "gb-natwest",
  "547772": "gb-natwest",
  "547853": "gb-clydesdale",
  "548507": "gb-bank-of-scotland",
  "548510": "gb-santander-uk",
  "548782": "gb-bank-of-scotland",
  "548861": "gb-bank-of-scotland",
  "548862": "gb-bank-of-scotland",
  "548942": "gb-bank-of-scotland",
  "549023": "gb-natwest",
  "549031": "gb-bank-of-scotland",
  "549032": "gb-bank-of-scotland",
  "549046": "gb-bank-of-scotland",
  "549052": "gb-bank-of-scotland",
  "549056": "gb-bank-of-scotland",
  "549199": "gb-mbna",
  "549503": "gb-royal-bank-of-scotland",
  "550443": "gb-natwest",
  "550450": "gb-clydesdale",
  "550500": "gb-natwest",
  "550512": "gb-clydesdale",
  "550522": "gb-clydesdale",
  "550533": "gb-clydesdale",
  "552068": "gb-natwest",
  "552073": "gb-bank-of-scotland",
  "552085": "gb-natwest",
  "552148": "gb-mbna",
  "552157": "gb-lloyd",
  "552188": "gb-tesko",
  "552213": "gb-natwest",
  "552217": "gb-natwest",
  "552242": "gb-natwest",
  "552249": "gb-natwest",
  "552298": "gb-natwest",
  "552560": "gb-metro",
  "552562": "gb-raphaels",
  "552774": "gb-raphaels",
  "553255": "gb-royal-bank-of-scotland",
  "553256": "gb-natwest",
  "553270": "gb-bank-of-scotland",
  "553285": "gb-natwest",
  "553314": "gb-lloyd",
  "553315": "gb-lloyd",
  "553325": "gb-bank-of-scotland",
  "553326": "gb-bank-of-scotland",
  "553408": "gb-raphaels",
  "553411": "gb-raphaels",
  "553421": "gb-bank-of-scotland",
  "553480": "gb-raphaels",
  "553482": "gb-raphaels",
  "553483": "gb-raphaels",
  "553497": "gb-raphaels",
  "553521": "gb-raphaels",
  "553529": "gb-santander-uk",
  "553536": "gb-raphaels",
  "553538": "gb-raphaels",
  "553539": "gb-raphaels",
  "553541": "gb-raphaels",
  "553542": "gb-raphaels",
  "553543": "gb-raphaels",
  "553544": "gb-raphaels",
  "553545": "gb-raphaels",
  "553546": "gb-raphaels",
  "553547": "gb-raphaels",
  "553549": "gb-raphaels",
  "553551": "gb-raphaels",
  "553552": "gb-raphaels",
  "553553": "gb-raphaels",
  "553554": "gb-raphaels",
  "553556": "gb-raphaels",
  "553558": "gb-raphaels",
  "553560": "gb-raphaels",
  "553562": "gb-raphaels",
  "553564": "gb-raphaels",
  "553566": "gb-raphaels",
  "553568": "gb-raphaels",
  "553570": "gb-raphaels",
  "553572": "gb-raphaels",
  "553575": "gb-raphaels",
  "553577": "gb-raphaels",
  "553580": "gb-raphaels",
  "554196": "gb-lloyd",
  "554231": "gb-clydesdale",
  "554233": "gb-clydesdale",
  "554239": "gb-co-operative",
  "554539": "gb-natwest",
  "555026": "gb-raphaels",
  "555146": "gb-raphaels",
  "555147": "gb-raphaels",
  "555274": "gb-raphaels",
  "555277": "gb-raphaels",
  "555278": "gb-raphaels",
  "555279": "gb-raphaels",
  "555963": "gb-royal-bank-of-scotland",
  "556084": "gb-natwest",
  "556085": "gb-natwest",
  "556092": "gb-bank-of-scotland",
  "556093": "gb-lloyd",
  "556101": "gb-natwest",
  "556103": "gb-natwest",
  "556111": "gb-royal-bank-of-scotland",
  "556115": "gb-lloyd",
  "556116": "gb-bank-of-scotland",
  "556311": "gb-bank-of-scotland",
  "556314": "gb-lloyd",
  "556335": "gb-raphaels",
  "556343": "gb-santander-uk",
  "556360": "gb-natwest",
  "556362": "gb-natwest",
  "556740": "gb-bank-of-scotland",
  "556741": "gb-lloyd",
  "556755": "gb-lloyd",
  "556793": "gb-bank-of-scotland",
  "556799": "gb-lloyd",
  "556950": "gb-natwest",
  "556951": "gb-natwest",
  "556969": "gb-natwest",
  "556970": "gb-natwest",
  "557349": "gb-clydesdale",
  "557350": "gb-clydesdale",
  "557351": "gb-clydesdale",
  "557352": "gb-clydesdale",
  "557360": "gb-metro",
  "557361": "gb-metro",
  "557413": "gb-raphaels",
  "557414": "gb-raphaels",
  "557415": "gb-raphaels",
  "557418": "gb-raphaels",
  "557434": "gb-virgin",
  "557436": "gb-virgin",
  "557712": "gb-santander-uk",
  "558709": "gb-raphaels",
  "558718": "gb-raphaels",
  "558731": "gb-raphaels",
  "558734": "gb-raphaels",
  "558736": "gb-raphaels",
  "558754": "gb-raphaels",
  "558764": "gb-raphaels",
  "558773": "gb-raphaels",
  "558798": "gb-raphaels",
  "559141": "gb-raphaels",
  "559208": "gb-raphaels",
  "559210": "gb-raphaels",
  "559534": "gb-natwest",
  "559543": "gb-natwest",
  "559941": "gb-raphaels",
  "559960": "gb-raphaels",
  "559978": "gb-raphaels",
  "560372": "gb-santander-uk",
  "560373": "gb-santander-uk",
  "560374": "gb-santander-uk",
  "560377": "gb-lloyd",
  "564100": "gb-santander-uk",
  "564104": "gb-nationwide",
  "564120": "gb-nationwide",
  "564182": "gb-halifax",
  "564192": "gb-nationwide",
  "580149": "gb-bank-of-scotland",
  "601104": "gb-paypal",
  "601300": "gb-mbna",
  "630498": "gb-ulster",
  "633110": "gb-bank-of-scotland",
  "633174": "gb-co-operative",
  "633302": "gb-halifax",
  "633303": "gb-halifax",
  "633304": "gb-bank-of-scotland",
  "633305": "gb-halifax",
  "633311": "gb-royal-bank-of-scotland",
  "633312": "gb-halifax",
  "633450": "gb-royal-bank-of-scotland",
  "633451": "gb-royal-bank-of-scotland",
  "633452": "gb-royal-bank-of-scotland",
  "633453": "gb-royal-bank-of-scotland",
  "633454": "gb-royal-bank-of-scotland",
  "633455": "gb-raphaels",
  "633456": "gb-royal-bank-of-scotland",
  "633473": "gb-clydesdale",
  "633478": "gb-clydesdale",
  "633490": "gb-bank-of-scotland",
  "633491": "gb-bank-of-scotland",
  "633492": "gb-bank-of-scotland",
  "633493": "gb-bank-of-scotland",
  "633494": "gb-clydesdale",
  "633495": "gb-halifax",
  "633496": "gb-halifax",
  "633497": "gb-halifax",
  "633498": "gb-royal-bank-of-scotland",
  "633499": "gb-clydesdale",
  "634001": "gb-tesko",
  "634004": "gb-tesko",
  "634005": "gb-tesko",
  "634006": "gb-tesko",
  "634008": "gb-tesko",
  "639000": "gb-nationwide",
  "650600": "gb-paypal",
  "650610": "gb-paypal",
  "670940": "gb-tsb",
  "670945": "gb-tsb",
  "670965": "gb-raphaels",
  "671800": "gb-royal-bank-of-scotland",
  "671802": "gb-royal-bank-of-scotland",
  "671803": "gb-royal-bank-of-scotland",
  "671804": "gb-royal-bank-of-scotland",
  "671805": "gb-royal-bank-of-scotland",
  "671806": "gb-royal-bank-of-scotland",
  "671807": "gb-royal-bank-of-scotland",
  "671808": "gb-royal-bank-of-scotland",
  "671809": "gb-royal-bank-of-scotland",
  "671810": "gb-royal-bank-of-scotland",
  "671811": "gb-royal-bank-of-scotland",
  "671812": "gb-royal-bank-of-scotland",
  "671813": "gb-royal-bank-of-scotland",
  "671814": "gb-royal-bank-of-scotland",
  "671815": "gb-royal-bank-of-scotland",
  "671816": "gb-royal-bank-of-scotland",
  "671817": "gb-royal-bank-of-scotland",
  "671819": "gb-royal-bank-of-scotland",
  "671820": "gb-royal-bank-of-scotland",
  "671821": "gb-royal-bank-of-scotland",
  "671822": "gb-royal-bank-of-scotland",
  "671823": "gb-royal-bank-of-scotland",
  "671824": "gb-royal-bank-of-scotland",
  "671825": "gb-royal-bank-of-scotland",
  "671826": "gb-royal-bank-of-scotland",
  "671827": "gb-royal-bank-of-scotland",
  "671828": "gb-royal-bank-of-scotland",
  "671829": "gb-royal-bank-of-scotland",
  "671830": "gb-royal-bank-of-scotland",
  "671831": "gb-royal-bank-of-scotland",
  "671832": "gb-royal-bank-of-scotland",
  "671833": "gb-royal-bank-of-scotland",
  "671834": "gb-royal-bank-of-scotland",
  "671835": "gb-royal-bank-of-scotland",
  "671836": "gb-royal-bank-of-scotland",
  "671837": "gb-royal-bank-of-scotland",
  "671838": "gb-royal-bank-of-scotland",
  "671839": "gb-royal-bank-of-scotland",
  "671841": "gb-royal-bank-of-scotland",
  "671842": "gb-royal-bank-of-scotland",
  "671843": "gb-royal-bank-of-scotland",
  "671844": "gb-royal-bank-of-scotland",
  "671845": "gb-royal-bank-of-scotland",
  "671846": "gb-royal-bank-of-scotland",
  "671847": "gb-royal-bank-of-scotland",
  "671848": "gb-royal-bank-of-scotland",
  "671849": "gb-royal-bank-of-scotland",
  "671867": "gb-royal-bank-of-scotland",
  "671868": "gb-royal-bank-of-scotland",
  "671869": "gb-royal-bank-of-scotland",
  "671870": "gb-royal-bank-of-scotland",
  "671871": "gb-royal-bank-of-scotland",
  "671872": "gb-royal-bank-of-scotland",
  "671873": "gb-royal-bank-of-scotland",
  "671874": "gb-royal-bank-of-scotland",
  "671875": "gb-royal-bank-of-scotland",
  "671876": "gb-royal-bank-of-scotland",
  "671877": "gb-royal-bank-of-scotland",
  "671878": "gb-royal-bank-of-scotland",
  "671879": "gb-royal-bank-of-scotland",
  "671880": "gb-royal-bank-of-scotland",
  "671881": "gb-royal-bank-of-scotland",
  "671882": "gb-royal-bank-of-scotland",
  "671883": "gb-royal-bank-of-scotland",
  "671884": "gb-royal-bank-of-scotland",
  "671885": "gb-royal-bank-of-scotland",
  "671886": "gb-royal-bank-of-scotland",
  "671887": "gb-royal-bank-of-scotland",
  "671888": "gb-royal-bank-of-scotland",
  "671889": "gb-royal-bank-of-scotland",
  "671890": "gb-royal-bank-of-scotland",
  "671891": "gb-royal-bank-of-scotland",
  "671892": "gb-royal-bank-of-scotland",
  "671893": "gb-royal-bank-of-scotland",
  "671894": "gb-royal-bank-of-scotland",
  "671895": "gb-royal-bank-of-scotland",
  "671896": "gb-royal-bank-of-scotland",
  "671897": "gb-royal-bank-of-scotland",
  "671898": "gb-royal-bank-of-scotland",
  "671899": "gb-royal-bank-of-scotland",
  "675901": "gb-natwest",
  "675904": "gb-nationwide",
  "675905": "gb-clydesdale",
  "675906": "gb-halifax",
  "675907": "gb-halifax",
  "675908": "gb-halifax",
  "675909": "gb-halifax",
  "675910": "gb-halifax",
  "675914": "gb-raphaels",
  "675918": "gb-natwest",
  "675920": "gb-clydesdale",
  "675921": "gb-clydesdale",
  "675922": "gb-clydesdale",
  "675923": "gb-clydesdale",
  "675924": "gb-natwest",
  "675951": "gb-natwest",
  "675952": "gb-natwest",
  "675953": "gb-natwest",
  "675954": "gb-natwest",
  "675955": "gb-natwest",
  "675956": "gb-natwest",
  "675957": "gb-natwest",
  "675958": "gb-natwest",
  "675959": "gb-natwest",
  "675960": "gb-natwest",
  "675961": "gb-natwest",
  "675962": "gb-natwest",
  "675963": "gb-royal-bank-of-scotland",
  "675964": "gb-royal-bank-of-scotland",
  "675965": "gb-royal-bank-of-scotland",
  "675966": "gb-royal-bank-of-scotland",
  "675967": "gb-royal-bank-of-scotland",
  "675968": "gb-royal-bank-of-scotland",
  "675969": "gb-royal-bank-of-scotland",
  "675970": "gb-royal-bank-of-scotland",
  "675971": "gb-bank-of-scotland",
  "675972": "gb-bank-of-scotland",
  "675973": "gb-bank-of-scotland",
  "675974": "gb-royal-bank-of-scotland",
  "675975": "gb-royal-bank-of-scotland",
  "675976": "gb-royal-bank-of-scotland",
  "675977": "gb-natwest",
  "675978": "gb-natwest",
  "675982": "gb-clydesdale",
  "675998": "gb-natwest",
  "676215": "gb-natwest",
  "676418": "gb-yorkshire",
  "676701": "gb-natwest",
  "676706": "gb-halifax",
  "676707": "gb-halifax",
  "676708": "gb-royal-bank-of-scotland",
  "676709": "gb-natwest",
  "676710": "gb-royal-bank-of-scotland",
  "676711": "gb-royal-bank-of-scotland",
  "676712": "gb-bank-of-scotland",
  "676713": "gb-bank-of-scotland",
  "676714": "gb-bank-of-scotland",
  "676715": "gb-bank-of-scotland",
  "676718": "gb-natwest",
  "676750": "gb-natwest",
  "676751": "gb-natwest",
  "676752": "gb-natwest",
  "676753": "gb-natwest",
  "676754": "gb-natwest",
  "676755": "gb-natwest",
  "676756": "gb-natwest",
  "676757": "gb-natwest",
  "676758": "gb-natwest",
  "676759": "gb-natwest",
  "676760": "gb-natwest",
  "676761": "gb-natwest",
  "676762": "gb-natwest",
  "676779": "gb-clydesdale",
  "676782": "gb-clydesdale",
  "676795": "gb-clydesdale",
  "676798": "gb-natwest",
  "676819": "gb-natwest",
  "677003": "gb-lloyd",
  "677043": "gb-santander-uk",
  "677044": "gb-nationwide",
  "677086": "gb-raphaels",
  "677093": "gb-clydesdale",
  "677103": "gb-clydesdale",
  "677104": "gb-clydesdale",
  "677105": "gb-co-operative",
  "677106": "gb-co-operative",
  "677118": "gb-natwest",
  "677119": "gb-natwest",
  "677121": "gb-natwest",
  "677306": "gb-raphaels",
  "677682": "gb-royal-bank-of-scotland",
  "679838": "gb-raphaels",
  "982613": "gb-royal-bank-of-scotland",
  "982620": "gb-royal-bank-of-scotland"
}