{
  "374330": "pt-bancobest",
  "374331": "pt-novobanco",
  "374332": "pt-novobanco",
  "374333": "pt-bancobest",
  "374334": "pt-novobanco",
  "375560": "pt-millennium",
  "375561": "pt-millennium",
  "375562": "pt-millennium",
  "375568": "pt-millennium",
  "375569": "pt-millennium",
  "375570": "pt-millennium",
  "375571": "pt-millennium",
  "375573": "pt-millennium",
  "375574": "pt-millennium",
  "375576": "pt-millennium",
  "375581": "pt-millennium",
  "375587": "pt-millennium",
  "375588": "pt-millennium",
  "375589": "pt-novobanco",
  "375590": "pt-millennium",
  "400153": "pt-cgd",
  "400817": "pt-creditoagricola",
  "400887": "pt-santander",
  "401750": "pt-cgd",
  "402192": "pt-cgd",
  "404303": "pt-bancomontepio",
  "404369": "pt-bancobest",
  "406170": "pt-cgd",
  "407548": "pt-cgd",
  "407549": "pt-cgd",
  "408973": "pt-millennium",
  "410000": "pt-millennium",
  "410344": "pt-bancomontepio",
  "410345": "pt-bancomontepio",
  "411700": "pt-santander",
  "411701": "pt-santander",
  "411869": "pt-millennium",
  "412486": "pt-cgd",
  "412487": "pt-cgd",
  "412488": "pt-cgd",
  "412489": "pt-cgd",
  "412564": "pt-bancobpi",
  "413793": "pt-millennium",
  "413794": "pt-millennium",
  "415157": "pt-bancobpi",
  "415159": "pt-bancobpi",
  "415170": "pt-santander",
  "415194": "pt-cgd",
  "415195": "pt-cgd",
  "415403": "pt-bancobpi",
  "415404": "pt-bancobpi",
  "415405": "pt-bancobpi",
  "415440": "pt-millennium",
  "415441": "pt-millennium",
  "416952": "pt-bancobpi",
  "418819": "pt-millennium",
  "418836": "pt-cgd",
  "418853": "pt-bancomontepio",
  "419022": "pt-cgd",
  "419460": "pt-bancobpi",
  "419471": "pt-millennium",
  "420566": "pt-millennium",
  "421553": "pt-bancobest",
  "422239": "pt-bancomontepio",
  "422240": "pt-bancomontepio",
  "422241": "pt-bancomontepio",
  "422414": "pt-bancomontepio",
  "422597": "pt-santander",
  "423125": "pt-creditoagricola",
  "423392": "pt-millennium",
  "423393": "pt-millennium",
  "424118": "pt-santander",
  "424184": "pt-santander",
  "424208": "pt-santander",
  "426306": "pt-millennium",
  "426358": "pt-millennium",
  "426359": "pt-millennium",
  "426360": "pt-millennium",
  "426361": "pt-millennium",
  "427359": "pt-millennium",
  "429343": "pt-santander",
  "429357": "pt-santander",
  "429711": "pt-bancobest",
  "431926": "pt-bancomontepio",
  "433390": "pt-millennium",
  "433391": "pt-millennium",
  "433622": "pt-bancobest",
  "439070": "pt-bancobest",
  "440637": "pt-bancobpi",
  "440638": "pt-bancobpi",
  "440644": "pt-creditoagricola",
  "440645": "pt-creditoagricola",
  "440646": "pt-creditoagricola",
  "440790": "pt-millennium",
  "443957": "pt-bancobpi",
  "449389": "pt-santander",
  "450781": "pt-millennium",
  "454319": "pt-bancobpi",
  "454422": "pt-bancobpi",
  "454475": "pt-millennium",
  "454496": "pt-millennium",
  "454646": "pt-cgd",
  "454647": "pt-cgd",
  "454648": "pt-bancobpi",
  "454703": "pt-bancobpi",
  "455033": "pt-millennium",
  "455034": "pt-millennium",
  "455229": "pt-millennium",
  "455230": "pt-santander",
  "455250": "pt-santander",
  "455573": "pt-santander",
  "455657": "pt-bancomontepio",
  "459449": "pt-creditoagricola",
  "462731": "pt-millennium",
  "462732": "pt-millennium",
  "464406": "pt-cgd",
  "464407": "pt-cgd",
  "464408": "pt-cgd",
  "464409": "pt-cgd",
  "465963": "pt-bancobpi",
  "465964": "pt-bancobpi",
  "465965": "pt-bancobpi",
  "466527": "pt-bancomontepio",
  "469848": "pt-bancomontepio",
  "470940": "pt-creditoagricola",
  "471518": "pt-cgd",
  "476329": "pt-santander",
  "477598": "pt-santander",
  "477920": "pt-santander",
  "477921": "pt-santander",
  "477922": "pt-santander",
  "477946": "pt-bancobpi",
  "477947": "pt-bancobpi",
  "477989": "pt-millennium",
  "479238": "pt-bancomontepio",
  "479736": "pt-bancobpi",
  "485672": "pt-millennium",
  "486449": "pt-millennium",
  "486457": "pt-millennium",
  "490830": "pt-millennium",
  "490831": "pt-millennium",
  "490832": "pt-millennium",
  "491057": "pt-cgd",
  "491212": "pt-millennium",
  "491213": "pt-millennium",
  "491214": "pt-millennium",
  "492194": "pt-bancomontepio",
  "493712": "pt-bancobpi",
  "493756": "pt-bancobpi",
  "493800": "pt-millennium",
  "493801": "pt-millennium",
  "493807": "pt-millennium",
  "493830": "pt-millennium",
  "494153": "pt-millennium",
  "494332": "pt-millennium",
  "494333": "pt-millennium",
  "498800": "pt-millennium",
  "499955": "pt-millennium",
  "499968": "pt-millennium",
  "499969": "pt-millennium",
  "501654": "pt-santander",
  "501659": "pt-santander",
  "505433": "pt-santander",
  "513384": "pt-bancomontepio",
  "515635": "pt-millennium",
  "516599": "pt-santander",
  "516632": "pt-santander",
  "517762": "pt-creditoagricola",
  "518627": "pt-cgd",
  "518838": "pt-cgd",
  "518988": "pt-millennium",
  "519724": "pt-novobanco",
  "519744": "pt-novobanco",
  "519774": "pt-novobanco",
  "520342": "pt-santander",
  "520550": "pt-bancomontepio",
  "520636": "pt-cgd",
  "524878": "pt-cgd",
  "525808": "pt-novobanco",
  "526819": "pt-santander",
  "527014": "pt-novobanco",
  "529119": "pt-bancomontepio",
  "529536": "pt-cgd",
  "530267": "pt-bancobpi",
  "530770": "pt-santander",
  "530977": "pt-santander",
  "538007": "pt-santander",
  "541171": "pt-millennium",
  "541557": "pt-santander",
  "542069": "pt-millennium",
  "542302": "pt-santander",
  "543188": "pt-santander",
  "547260": "pt-santander",
  "548168": "pt-millennium",
  "548169": "pt-millennium",
  "548603": "pt-bancobpi",
  "549226": "pt-santander",
  "549554": "pt-santander",
  "552727": "pt-bancobpi",
  "552755": "pt-bancobpi",
  "553057": "pt-novobanco",
  "553906": "pt-santander",
  "553957": "pt-cgd",
  "554506": "pt-santander",
  "554517": "pt-cgd",
  "554518": "pt-cgd",
  "557836": "pt-millennium",
  "557882": "pt-millennium",
  "557883": "pt-millennium",
  "557888": "pt-bancobpi",
  "670800": "pt-millennium",
  "670807": "pt-millennium",
  "670808": "pt-cgd",
  "670809": "pt-cgd",
  "670811": "pt-cgd",
  "670812": "pt-cgd",
  "670813": "pt-cgd",
  "670821": "pt-santander",
  "676938": "pt-millennium",
  "677393": "pt-cgd",
  "677707": "pt-creditoagricola"
}