{
  "364094": "il-discountbank",
  "364095": "il-leumi",
  "375510": "il-bankhapoalim",
  "375511": "il-bankhapoalim",
  "375512": "il-bankhapoalim",
  "375513": "il-bankhapoalim",
  "375514": "il-bankhapoalim",
  "375515": "il-bankhapoalim",
  "375516": "il-bankhapoalim",
  "375517": "il-bankhapoalim",
  "375518": "il-bankhapoalim",
  "375519": "il-bankhapoalim",
  "406423": "il-leumi",
  "407516": "il-leumi",
  "407517": "il-leumi",
  "419265": "il-leumi",
  "419266": "il-leumi",
  "419267": "il-leumi",
  "419268": "il-leumi",
  "421910": "il-leumi",
  "421911": "il-leumi",
  "421912": "il-leumi",
  "421913": "il-leumi",
  "421914": "il-leumi",
  "421915": "il-leumi",
  "440303": "il-leumi",
  "455743": "il-bankhapoalim",
  "455744": "il-bankhapoalim",
  "458002": "il-leumi",
  "458003": "il-leumi",
  "458010": "il-leumi",
  "458011": "il-leumi",
  "458012": "il-leumi",
  "458014": "il-leumi",
  "458015": "il-leumi",
  "458020": "il-leumi",
  "458022": "il-leumi",
  "458023": "il-leumi",
  "458024": "il-mizrahi-tefahot",
  "458033": "il-mercantile",
  "458034": "il-mercantile",
  "458035": "il-mercantile",
  "458037": "il-fibi",
  "458038": "il-fibi",
  "458041": "il-leumi",
  "458042": "il-leumi",
  "458043": "il-leumi",
  "458044": "il-leumi",
  "458045": "il-leumi",
  "458047": "il-leumi",
  "458048": "il-leumi",
  "458049": "il-leumi",
  "458051": "il-leumi",
  "458052": "il-leumi",
  "458090": "il-leumi",
  "458092": "il-leumi",
  "458093": "il-leumi",
  "494055": "il-mizrahi-tefahot",
  "510049": "il-leumi",
  "518953": "il-leumi",
  "518954": "il-leumi",
  "518955": "il-leumi",
  "518989": "il-discountbank",
  "518991": "il-discountbank",
  "527787": "il-leumi",
  "536407": "il-discountbank",
  "545134": "il-leumi",
  "545138": "il-leumi",
  "547714": "il-discountbank",
  "547718": "il-leumi",
  "552176": "il-leumi",
  "552177": "il-leumi",
  "552184": "il-discountbank",
  "552517": "il-leumi",
  "555953": "il-leumi",
  "558331": "il-leumi"
}