{
  "361512": "am-araratbank",
  "361513": "am-araratbank",
  "375125": "am-acba",
  "375126": "am-acba",
  "375127": "am-acba",
  "379902": "am-acba",
  "403317": "am-vtb",
  "403318": "am-vtb",
  "403319": "am-vtb",
  "403320": "am-vtb",
  "404298": "am-vtb",
  "404590": "am-conversebank",
  "406476": "am-acba",
  "408306": "am-ameriabank",
  "408307": "am-ameriabank",
  "408308": "am-ameriabank",
  "408309": "am-ameriabank",
  "408310": "am-ameriabank",
  "408312": "am-ameriabank",
  "409720": "am-conversebank",
  "411952": "am-unibank",
  "411953": "am-unibank",
  "411954": "am-unibank",
  "411955": "am-unibank",
  "411956": "am-unibank",
  "418732": "am-conversebank",
  "418733": "am-conversebank",
  "418799": "am-vtb",
  "423936": "am-araratbank",
  "427691": "am-vtb",
  "431827": "am-idbank",
  "431828": "am-idbank",
  "431829": "am-idbank",
  "431830": "am-idbank",
  "435501": "am-acba",
  "435503": "am-acba",
  "435504": "am-acba",
  "435505": "am-acba",
  "435506": "am-acba",
  "435507": "am-acba",
  "435656": "am-ardshinbank",
  "437469": "am-unibank",
  "437470": "am-unibank",
  "437471": "am-unibank",
  "437472": "am-unibank",
  "437473": "am-unibank",
  "437474": "am-unibank",
  "437511": "am-araratbank",
  "437512": "am-araratbank",
  "437513": "am-araratbank",
  "437514": "am-araratbank",
  "437520": "am-vtb",
  "437521": "am-vtb",
  "437522": "am-vtb",
  "437580": "am-abb",
  "437581": "am-abb",
  "445428": "am-ardshinbank",
  "445429": "am-ardshinbank",
  "445430": "am-ardshinbank",
  "445431": "am-ardshinbank",
  "445615": "am-ardshinbank",
  "445616": "am-ardshinbank",
  "457368": "am-ameriabank",
  "457372": "am-ameriabank",
  "457729": "am-ameriabank",
  "457889": "am-inecobank",
  "457890": "am-inecobank",
  "457891": "am-inecobank",
  "457892": "am-inecobank",
  "470380": "am-idbank",
  "472214": "am-abb",
  "472215": "am-abb",
  "472216": "am-abb",
  "472217": "am-abb",
  "472218": "am-abb",
  "472219": "am-abb",
  "483291": "am-conversebank",
  "484701": "am-conversebank",
  "484702": "am-conversebank",
  "484703": "am-conversebank",
  "484704": "am-conversebank",
  "484712": "am-conversebank",
  "484764": "am-abb",
  "484765": "am-abb",
  "484766": "am-abb",
  "484767": "am-abb",
  "484768": "am-abb",
  "485496": "am-aeb",
  "486362": "am-aeb",
  "488962": "am-aeb",
  "488963": "am-aeb",
  "488964": "am-aeb",
  "488965": "am-aeb",
  "488966": "am-aeb",
  "489098": "am-hsbc",
  "489356": "am-vtb",
  "510831": "am-vtb",
  "512456": "am-abb",
  "517596": "am-abb",
  "518180": "am-acba",
  "520300": "am-hsbc",
  "522065": "am-araratbank",
  "524013": "am-unibank",
  "525790": "am-inecobank",
  "526898": "am-acba",
  "527073": "am-ardshinbank",
  "528550": "am-abb",
  "528612": "am-ameriabank",
  "531944": "am-abb",
  "532850": "am-araratbank",
  "534586": "am-conversebank",
  "536234": "am-vtb",
  "540294": "am-inecobank",
  "540622": "am-ardshinbank",
  "540661": "am-inecobank",
  "540887": "am-ardshinbank",
  "544128": "am-aeb",
  "544456": "am-aeb",
  "545057": "am-conversebank",
  "545479": "am-conversebank",
  "547060": "am-vtb",
  "547128": "am-ardshinbank",
  "547339": "am-araratbank",
  "548342": "am-idbank",
  "548358": "am-ameriabank",
  "550068": "am-hsbc",
  "550103": "am-idbank",
  "550104": "am-ameriabank",
  "550211": "am-vtb",
  "552604": "am-aeb",
  "552655": "am-ameriabank",
  "552731": "am-inecobank",
  "552858": "am-ardshinbank",
  "557114": "am-hsbc",
  "557115": "am-hsbc",
  "558362": "am-abb",
  "601345": "am-hsbc",
  "670829": "am-vtb",
  "671101": "am-abb",
  "676864": "am-aeb",
  "676930": "am-idbank",
  "676961": "am-ameriabank",
  "677045": "am-inecobank",
  "677050": "am-ardshinbank",
  "677549": "am-araratbank",
  "677678": "am-acba"
}