{
  "400128": "ca-desjardins",
  "400129": "ca-desjardins",
  "400258": "ca-scotiabank",
  "400267": "ca-scotiabank",
  "400308": "ca-scotiabank",
  "400309": "ca-scotiabank",
  "403274": "ca-cibc",
  "403276": "ca-royal",
  "403279": "ca-royal",
  "403602": "ca-royal",
  "404592": "ca-scotiabank",
  "405802": "ca-royal",
  "405809": "ca-royal",
  "405815": "ca-royal",
  "405824": "ca-royal",
  "405867": "ca-cibc",
  "406449": "ca-royal",
  "407320": "ca-scotiabank",
  "407322": "ca-scotiabank",
  "407323": "ca-scotiabank",
  "407325": "ca-scotiabank",
  "407327": "ca-scotiabank",
  "407328": "ca-scotiabank",
  "408586": "ca-td",
  "409045": "ca-scotiabank",
  "409046": "ca-scotiabank",
  "409079": "ca-scotiabank",
  "411840": "ca-scotiabank",
  "411998": "ca-cibc",
  "412049": "ca-royal",
  "412050": "ca-royal",
  "412648": "ca-royal",
  "412649": "ca-royal",
  "412650": "ca-royal",
  "412651": "ca-royal",
  "412652": "ca-royal",
  "412653": "ca-royal",
  "412971": "ca-cibc",
  "415731": "ca-royal",
  "417896": "ca-royal",
  "419719": "ca-royal",
  "419720": "ca-royal",
  "419721": "ca-royal",
  "419722": "ca-royal",
  "419723": "ca-royal",
  "419724": "ca-royal",
  "419725": "ca-royal",
  "419726": "ca-royal",
  "419727": "ca-royal",
  "419728": "ca-royal",
  "419729": "ca-royal",
  "419730": "ca-royal",
  "419731": "ca-royal",
  "419732": "ca-royal",
  "423652": "ca-royal",
  "423653": "ca-royal",
  "423654": "ca-royal",
  "423656": "ca-royal",
  "423657": "ca-royal",
  "424461": "ca-td",
  "424462": "ca-td",
  "424728": "ca-royal",
  "424729": "ca-royal",
  "424730": "ca-royal",
  "426991": "ca-scotiabank",
  "429327": "ca-royal",
  "429328": "ca-royal",
  "429329": "ca-royal",
  "429386": "ca-scotiabank",
  "429394": "ca-nbc",
  "430318": "ca-scotiabank",
  "430319": "ca-scotiabank",
  "430322": "ca-scotiabank",
  "430328": "ca-scotiabank",
  "430329": "ca-scotiabank",
  "430380": "ca-scotiabank",
  "430382": "ca-scotiabank",
  "430383": "ca-scotiabank",
  "430384": "ca-scotiabank",
  "430385": "ca-scotiabank",
  "430386": "ca-scotiabank",
  "430387": "ca-scotiabank",
  "430388": "ca-scotiabank",
  "431515": "ca-desjardins",
  "431516": "ca-desjardins",
  "431518": "ca-td",
  "433776": "ca-cibc",
  "433791": "ca-scotiabank",
  "434646": "ca-scotiabank",
  "436670": "ca-royal",
  "436671": "ca-royal",
  "436672": "ca-royal",
  "436764": "ca-royal",
  "436777": "ca-bmo",
  "437787": "ca-hsbc",
  "437788": "ca-hsbc",
  "438522": "ca-td",
  "441179": "ca-scotiabank",
  "441722": "ca-scotiabank",
  "441723": "ca-scotiabank",
  "441725": "ca-scotiabank",
  "441726": "ca-scotiabank",
  "441727": "ca-scotiabank",
  "441728": "ca-scotiabank",
  "441729": "ca-scotiabank",
  "448421": "ca-scotiabank",
  "448485": "ca-desjardins",
  "448506": "ca-scotiabank",
  "450001": "ca-cibc",
  "450002": "ca-cibc",
  "450003": "ca-cibc",
  "450004": "ca-cibc",
  "450005": "ca-cibc",
  "450008": "ca-cibc",
  "450017": "ca-cibc",
  "450018": "ca-cibc",
  "450019": "ca-cibc",
  "450020": "ca-cibc",
  "450048": "ca-cibc",
  "450049": "ca-cibc",
  "450055": "ca-cibc",
  "450056": "ca-cibc",
  "450057": "ca-cibc",
  "450060": "ca-cibc",
  "450061": "ca-cibc",
  "450062": "ca-cibc",
  "450064": "ca-cibc",
  "450065": "ca-cibc",
  "450094": "ca-cibc",
  "450095": "ca-cibc",
  "450096": "ca-cibc",
  "450097": "ca-cibc",
  "450098": "ca-cibc",
  "450099": "ca-cibc",
  "450100": "ca-cibc",
  "450110": "ca-cibc",
  "450111": "ca-cibc",
  "450112": "ca-cibc",
  "450113": "ca-cibc",
  "450114": "ca-cibc",
  "450115": "ca-cibc",
  "450116": "ca-cibc",
  "450117": "ca-cibc",
  "450118": "ca-cibc",
  "450119": "ca-cibc",
  "450200": "ca-cibc",
  "450220": "ca-cibc",
  "450221": "ca-cibc",
  "450222": "ca-cibc",
  "450223": "ca-cibc",
  "450224": "ca-cibc",
  "450225": "ca-cibc",
  "450226": "ca-cibc",
  "450227": "ca-cibc",
  "450228": "ca-cibc",
  "450229": "ca-cibc",
  "450230": "ca-cibc",
  "450231": "ca-cibc",
  "450232": "ca-cibc",
  "450233": "ca-cibc",
  "450234": "ca-cibc",
  "450235": "ca-cibc",
  "450300": "ca-cibc",
  "450308": "ca-desjardins",
  "450322": "ca-cibc",
  "450330": "ca-cibc",
  "450331": "ca-cibc",
  "450332": "ca-cibc",
  "450333": "ca-cibc",
  "450334": "ca-cibc",
  "450335": "ca-cibc",
  "450336": "ca-cibc",
  "450337": "ca-cibc",
  "450338": "ca-cibc",
  "450339": "ca-cibc",
  "450353": "ca-cibc",
  "450380": "ca-cibc",
  "450387": "ca-cibc",
  "450389": "ca-cibc",
  "450390": "ca-cibc",
  "450400": "ca-cibc",
  "450401": "ca-cibc",
  "450411": "ca-cibc",
  "450438": "ca-cibc",
  "450439": "ca-cibc",
  "450440": "ca-cibc",
  "450441": "ca-cibc",
  "450442": "ca-cibc",
  "450443": "ca-cibc",
  "450444": "ca-cibc",
  "450445": "ca-cibc",
  "450447": "ca-cibc",
  "450448": "ca-cibc",
  "450449": "ca-cibc",
  "450453": "ca-cibc",
  "450454": "ca-cibc",
  "450458": "ca-cibc",
  "450471": "ca-cibc",
  "450473": "ca-cibc",
  "450474": "ca-cibc",
  "450476": "ca-cibc",
  "450479": "ca-cibc",
  "450480": "ca-cibc",
  "450483": "ca-cibc",
  "450505": "ca-cibc",
  "450514": "ca-cibc",
  "450515": "ca-cibc",
  "450516": "ca-cibc",
  "450517": "ca-cibc",
  "450518": "ca-cibc",
  "450521": "ca-cibc",
  "450522": "ca-cibc",
  "450524": "ca-cibc",
  "450525": "ca-cibc",
  "450526": "ca-cibc",
  "450532": "ca-cibc",
  "450534": "ca-cibc",
  "450536": "ca-cibc",
  "450538": "ca-cibc",
  "450545": "ca-cibc",
  "450546": "ca-cibc",
  "450550": "ca-cibc",
  "450551": "ca-cibc",
  "450552": "ca-cibc",
  "450553": "ca-cibc",
  "450554": "ca-cibc",
  "450555": "ca-cibc",
  "450556": "ca-cibc",
  "450557": "ca-cibc",
  "450558": "ca-cibc",
  "450559": "ca-cibc",
  "450561": "ca-cibc",
  "450562": "ca-cibc",
  "450565": "ca-cibc",
  "450569": "ca-cibc",
  "450576": "ca-cibc",
  "450581": "ca-cibc",
  "450584": "ca-cibc",
  "450585": "ca-cibc",
  "450588": "ca-cibc",
  "450591": "ca-cibc",
  "450593": "ca-cibc",
  "450603": "ca-cibc",
  "450613": "ca-cibc",
  "450615": "ca-cibc",
  "450617": "ca-cibc",
  "450628": "ca-cibc",
  "450629": "ca-cibc",
  "450636": "ca-cibc",
  "450640": "ca-cibc",
  "450641": "ca-cibc",
  "450644": "ca-cibc",
  "450654": "ca-cibc",
  "450655": "ca-cibc",
  "450662": "ca-cibc",
  "450670": "ca-cibc",
  "450674": "ca-cibc",
  "450685": "ca-cibc",
  "450951": "ca-scotiabank",
  "450967": "ca-royal",
  "451000": "ca-royal",
  "451004": "ca-royal",
  "451006": "ca-royal",
  "451008": "ca-royal",
  "451010": "ca-royal",
  "451011": "ca-royal",
  "451012": "ca-royal",
  "451013": "ca-royal",
  "451014": "ca-royal",
  "451015": "ca-royal",
  "451016": "ca-royal",
  "451017": "ca-royal",
  "451018": "ca-royal",
  "451019": "ca-royal",
  "451020": "ca-royal",
  "451021": "ca-royal",
  "451022": "ca-royal",
  "451023": "ca-royal",
  "451024": "ca-royal",
  "451025": "ca-royal",
  "451026": "ca-royal",
  "451027": "ca-royal",
  "451028": "ca-royal",
  "451029": "ca-royal",
  "451030": "ca-royal",
  "451031": "ca-royal",
  "451032": "ca-royal",
  "451033": "ca-royal",
  "451034": "ca-royal",
  "451040": "ca-royal",
  "451041": "ca-royal",
  "451042": "ca-royal",
  "451043": "ca-royal",
  "451044": "ca-royal",
  "451045": "ca-royal",
  "451049": "ca-royal",
  "451050": "ca-royal",
  "451051": "ca-royal",
  "451060": "ca-royal",
  "451061": "ca-royal",
  "451065": "ca-royal",
  "451070": "ca-royal",
  "451071": "ca-royal",
  "451079": "ca-royal",
  "451080": "ca-royal",
  "451081": "ca-royal",
  "451082": "ca-royal",
  "451083": "ca-royal",
  "451084": "ca-royal",
  "451085": "ca-royal",
  "451087": "ca-royal",
  "451089": "ca-royal",
  "451091": "ca-royal",
  "451098": "ca-royal",
  "451107": "ca-royal",
  "451108": "ca-royal",
  "451109": "ca-royal",
  "451120": "ca-cibc",
  "451121": "ca-cibc",
  "451122": "ca-cibc",
  "451123": "ca-cibc",
  "451200": "ca-royal",
  "451210": "ca-royal",
  "451211": "ca-royal",
  "451212": "ca-royal",
  "451214": "ca-royal",
  "451215": "ca-royal",
  "451217": "ca-royal",
  "451219": "ca-royal",
  "451220": "ca-royal",
  "451221": "ca-royal",
  "451222": "ca-royal",
  "451223": "ca-royal",
  "451236": "ca-royal",
  "451240": "ca-royal",
  "451241": "ca-royal",
  "451242": "ca-royal",
  "451243": "ca-royal",
  "451244": "ca-royal",
  "451246": "ca-royal",
  "451250": "ca-royal",
  "451252": "ca-royal",
  "451254": "ca-royal",
  "451259": "ca-royal",
  "451260": "ca-royal",
  "451269": "ca-royal",
  "451270": "ca-royal",
  "451276": "ca-royal",
  "451277": "ca-royal",
  "451278": "ca-royal",
  "451280": "ca-royal",
  "451287": "ca-royal",
  "451400": "ca-royal",
  "451401": "ca-royal",
  "451402": "ca-royal",
  "451403": "ca-royal",
  "451404": "ca-royal",
  "451405": "ca-royal",
  "451406": "ca-royal",
  "451407": "ca-royal",
  "451408": "ca-royal",
  "451409": "ca-royal",
  "451410": "ca-royal",
  "451411": "ca-royal",
  "451413": "ca-royal",
  "451423": "ca-royal",
  "451424": "ca-td",
  "451425": "ca-td",
  "451426": "ca-royal",
  "451428": "ca-royal",
  "451429": "ca-royal",
  "451462": "ca-royal",
  "451465": "ca-royal",
  "451467": "ca-royal",
  "451468": "ca-royal",
  "451478": "ca-royal",
  "451496": "ca-royal",
  "451498": "ca-royal",
  "451499": "ca-royal",
  "451500": "ca-royal",
  "451501": "ca-royal",
  "451502": "ca-royal",
  "451503": "ca-royal",
  "451504": "ca-royal",
  "451505": "ca-royal",
  "451506": "ca-royal",
  "451507": "ca-royal",
  "451508": "ca-royal",
  "451509": "ca-royal",
  "451590": "ca-royal",
  "451600": "ca-royal",
  "451601": "ca-royal",
  "451602": "ca-royal",
  "451603": "ca-royal",
  "451604": "ca-royal",
  "451605": "ca-royal",
  "451606": "ca-royal",
  "451607": "ca-royal",
  "451608": "ca-royal",
  "451609": "ca-royal",
  "451610": "ca-royal",
  "451611": "ca-royal",
  "451612": "ca-royal",
  "451613": "ca-royal",
  "451614": "ca-royal",
  "451615": "ca-royal",
  "451616": "ca-royal",
  "451617": "ca-royal",
  "451618": "ca-royal",
  "451619": "ca-royal",
  "451620": "ca-royal",
  "451621": "ca-royal",
  "451622": "ca-royal",
  "451623": "ca-royal",
  "451624": "ca-royal",
  "451625": "ca-royal",
  "451626": "ca-royal",
  "451627": "ca-royal",
  "451628": "ca-royal",
  "451629": "ca-royal",
  "451630": "ca-royal",
  "451631": "ca-royal",
  "451632": "ca-royal",
  "451633": "ca-royal",
  "451634": "ca-royal",
  "451635": "ca-royal",
  "451636": "ca-royal",
  "451637": "ca-royal",
  "451638": "ca-royal",
  "451639": "ca-royal",
  "451640": "ca-royal",
  "451641": "ca-royal",
  "451642": "ca-royal",
  "451643": "ca-royal",
  "451644": "ca-royal",
  "451645": "ca-royal",
  "451901": "ca-royal",
  "451902": "ca-royal",
  "451903": "ca-royal",
  "451904": "ca-royal",
  "451905": "ca-royal",
  "451906": "ca-royal",
  "451940": "ca-royal",
  "451948": "ca-royal",
  "451960": "ca-royal",
  "451970": "ca-royal",
  "451987": "ca-royal",
  "451988": "ca-royal",
  "451991": "ca-royal",
  "451992": "ca-royal",
  "451993": "ca-royal",
  "451994": "ca-royal",
  "451995": "ca-royal",
  "451996": "ca-royal",
  "451997": "ca-royal",
  "451998": "ca-royal",
  "452000": "ca-td",
  "452001": "ca-td",
  "452002": "ca-td",
  "452003": "ca-td",
  "452004": "ca-td",
  "452005": "ca-td",
  "452010": "ca-td",
  "452012": "ca-td",
  "452014": "ca-td",
  "452015": "ca-td",
  "452016": "ca-td",
  "452032": "ca-td",
  "452033": "ca-td",
  "452034": "ca-td",
  "452035": "ca-td",
  "452036": "ca-td",
  "452037": "ca-td",
  "452043": "ca-td",
  "452047": "ca-td",
  "452048": "ca-td",
  "452049": "ca-td",
  "452058": "ca-td",
  "452066": "ca-td",
  "452067": "ca-td",
  "452068": "ca-td",
  "452069": "ca-td",
  "452070": "ca-td",
  "452071": "ca-td",
  "452072": "ca-td",
  "452073": "ca-td",
  "452074": "ca-td",
  "452075": "ca-td",
  "452076": "ca-td",
  "452083": "ca-td",
  "452084": "ca-td",
  "452085": "ca-td",
  "452086": "ca-td",
  "452087": "ca-td",
  "452088": "ca-td",
  "452089": "ca-td",
  "452090": "ca-td",
  "452091": "ca-td",
  "452092": "ca-td",
  "452093": "ca-td",
  "452094": "ca-td",
  "452095": "ca-td",
  "452096": "ca-td",
  "452097": "ca-td",
  "452098": "ca-td",
  "452104": "ca-td",
  "452111": "ca-td",
  "452112": "ca-td",
  "452113": "ca-td",
  "452114": "ca-td",
  "452115": "ca-td",
  "452116": "ca-td",
  "452117": "ca-td",
  "452118": "ca-td",
  "452119": "ca-td",
  "452120": "ca-td",
  "452121": "ca-td",
  "452122": "ca-td",
  "452123": "ca-td",
  "452124": "ca-td",
  "452125": "ca-td",
  "452126": "ca-td",
  "452127": "ca-td",
  "452128": "ca-td",
  "452129": "ca-td",
  "452130": "ca-td",
  "452131": "ca-td",
  "452145": "ca-td",
  "452196": "ca-td",
  "452198": "ca-td",
  "452200": "ca-td",
  "452201": "ca-td",
  "452202": "ca-td",
  "452203": "ca-td",
  "452206": "ca-td",
  "452207": "ca-td",
  "452208": "ca-td",
  "452209": "ca-td",
  "452210": "ca-td",
  "452211": "ca-td",
  "452212": "ca-td",
  "452213": "ca-td",
  "452214": "ca-td",
  "452230": "ca-td",
  "452231": "ca-td",
  "452232": "ca-td",
  "452233": "ca-td",
  "452234": "ca-td",
  "452240": "ca-td",
  "452245": "ca-td",
  "452252": "ca-td",
  "452253": "ca-td",
  "452280": "ca-td",
  "452300": "ca-td",
  "452330": "ca-td",
  "452331": "ca-td",
  "452332": "ca-td",
  "452333": "ca-td",
  "452336": "ca-td",
  "452337": "ca-td",
  "452392": "ca-td",
  "452395": "ca-td",
  "452400": "ca-td",
  "452404": "ca-td",
  "452408": "ca-td",
  "452409": "ca-td",
  "452430": "ca-td",
  "452431": "ca-td",
  "452432": "ca-td",
  "452436": "ca-td",
  "452439": "ca-td",
  "452470": "ca-td",
  "452471": "ca-td",
  "452472": "ca-td",
  "452473": "ca-td",
  "452474": "ca-td",
  "452475": "ca-td",
  "452476": "ca-td",
  "452477": "ca-td",
  "452478": "ca-td",
  "452550": "ca-cibc",
  "452551": "ca-cibc",
  "452900": "ca-td",
  "452901": "ca-td",
  "452902": "ca-td",
  "452903": "ca-td",
  "452904": "ca-td",
  "452905": "ca-td",
  "452906": "ca-td",
  "452907": "ca-td",
  "452908": "ca-td",
  "452909": "ca-td",
  "452950": "ca-td",
  "452988": "ca-td",
  "453000": "ca-desjardins",
  "453040": "ca-desjardins",
  "453050": "ca-desjardins",
  "453051": "ca-desjardins",
  "453052": "ca-desjardins",
  "453053": "ca-desjardins",
  "453055": "ca-desjardins",
  "453057": "ca-desjardins",
  "453058": "ca-desjardins",
  "453063": "ca-desjardins",
  "453064": "ca-desjardins",
  "453065": "ca-desjardins",
  "453066": "ca-desjardins",
  "453067": "ca-desjardins",
  "453068": "ca-desjardins",
  "453069": "ca-desjardins",
  "453072": "ca-desjardins",
  "453080": "ca-desjardins",
  "453081": "ca-desjardins",
  "453082": "ca-desjardins",
  "453083": "ca-desjardins",
  "453084": "ca-desjardins",
  "453085": "ca-desjardins",
  "453086": "ca-desjardins",
  "453087": "ca-desjardins",
  "453088": "ca-desjardins",
  "453089": "ca-desjardins",
  "453090": "ca-desjardins",
  "453091": "ca-desjardins",
  "453092": "ca-desjardins",
  "453093": "ca-desjardins",
  "453094": "ca-desjardins",
  "453095": "ca-desjardins",
  "453096": "ca-desjardins",
  "453097": "ca-desjardins",
  "453098": "ca-desjardins",
  "453099": "ca-desjardins",
  "453500": "ca-scotiabank",
  "453501": "ca-scotiabank",
  "453507": "ca-scotiabank",
  "453508": "ca-scotiabank",
  "453509": "ca-scotiabank",
  "453510": "ca-scotiabank",
  "453511": "ca-scotiabank",
  "453512": "ca-scotiabank",
  "453525": "ca-scotiabank",
  "453542": "ca-scotiabank",
  "453549": "ca-scotiabank",
  "453555": "ca-scotiabank",
  "453557": "ca-scotiabank",
  "453569": "ca-scotiabank",
  "453600": "ca-scotiabank",
  "453601": "ca-scotiabank",
  "453602": "ca-scotiabank",
  "453603": "ca-scotiabank",
  "453604": "ca-scotiabank",
  "453605": "ca-scotiabank",
  "453606": "ca-scotiabank",
  "453607": "ca-scotiabank",
  "453608": "ca-scotiabank",
  "453609": "ca-scotiabank",
  "453610": "ca-scotiabank",
  "453611": "ca-scotiabank",
  "453612": "ca-scotiabank",
  "453671": "ca-scotiabank",
  "453675": "ca-scotiabank",
  "453676": "ca-scotiabank",
  "453677": "ca-scotiabank",
  "453678": "ca-scotiabank",
  "453679": "ca-scotiabank",
  "453680": "ca-scotiabank",
  "453681": "ca-scotiabank",
  "453682": "ca-scotiabank",
  "453683": "ca-scotiabank",
  "453684": "ca-scotiabank",
  "453685": "ca-scotiabank",
  "453686": "ca-scotiabank",
  "453687": "ca-scotiabank",
  "453688": "ca-scotiabank",
  "453689": "ca-scotiabank",
  "453690": "ca-scotiabank",
  "453691": "ca-scotiabank",
  "453692": "ca-scotiabank",
  "453693": "ca-scotiabank",
  "453694": "ca-scotiabank",
  "453695": "ca-scotiabank",
  "453696": "ca-scotiabank",
  "453697": "ca-scotiabank",
  "453698": "ca-scotiabank",
  "453699": "ca-scotiabank",
  "453700": "ca-scotiabank",
  "453701": "ca-scotiabank",
  "453702": "ca-scotiabank",
  "453703": "ca-scotiabank",
  "453704": "ca-scotiabank",
  "453705": "ca-scotiabank",
  "453706": "ca-scotiabank",
  "453707": "ca-scotiabank",
  "453708": "ca-scotiabank",
  "453709": "ca-scotiabank",
  "453710": "ca-scotiabank",
  "453716": "ca-scotiabank",
  "453733": "ca-scotiabank",
  "453734": "ca-scotiabank",
  "453735": "ca-scotiabank",
  "453736": "ca-scotiabank",
  "453737": "ca-scotiabank",
  "453738": "ca-scotiabank",
  "453739": "ca-scotiabank",
  "453740": "ca-scotiabank",
  "453741": "ca-scotiabank",
  "453742": "ca-scotiabank",
  "453743": "ca-scotiabank",
  "453744": "ca-scotiabank",
  "453745": "ca-scotiabank",
  "453746": "ca-scotiabank",
  "453747": "ca-scotiabank",
  "453748": "ca-scotiabank",
  "453749": "ca-scotiabank",
  "453750": "ca-scotiabank",
  "453751": "ca-scotiabank",
  "453752": "ca-scotiabank",
  "453757": "ca-scotiabank",
  "453758": "ca-scotiabank",
  "453759": "ca-scotiabank",
  "453760": "ca-scotiabank",
  "453761": "ca-scotiabank",
  "453762": "ca-scotiabank",
  "453763": "ca-scotiabank",
  "453764": "ca-scotiabank",
  "453765": "ca-scotiabank",
  "453766": "ca-scotiabank",
  "453767": "ca-scotiabank",
  "453768": "ca-scotiabank",
  "453769": "ca-scotiabank",
  "453773": "ca-scotiabank",
  "453775": "ca-scotiabank",
  "453776": "ca-scotiabank",
  "453777": "ca-scotiabank",
  "453778": "ca-scotiabank",
  "453779": "ca-scotiabank",
  "453780": "ca-scotiabank",
  "453781": "ca-scotiabank",
  "453782": "ca-scotiabank",
  "453783": "ca-scotiabank",
  "453784": "ca-scotiabank",
  "453785": "ca-scotiabank",
  "453786": "ca-scotiabank",
  "453787": "ca-scotiabank",
  "453788": "ca-scotiabank",
  "453789": "ca-scotiabank",
  "453791": "ca-scotiabank",
  "453795": "ca-scotiabank",
  "453796": "ca-scotiabank",
  "453797": "ca-scotiabank",
  "453798": "ca-scotiabank",
  "453799": "ca-scotiabank",
  "453800": "ca-scotiabank",
  "453801": "ca-scotiabank",
  "453802": "ca-scotiabank",
  "453803": "ca-scotiabank",
  "453804": "ca-scotiabank",
  "453810": "ca-scotiabank",
  "453811": "ca-scotiabank",
  "453812": "ca-scotiabank",
  "453813": "ca-scotiabank",
  "453814": "ca-scotiabank",
  "453815": "ca-scotiabank",
  "453816": "ca-scotiabank",
  "453817": "ca-scotiabank",
  "453818": "ca-scotiabank",
  "453819": "ca-scotiabank",
  "453820": "ca-scotiabank",
  "453822": "ca-scotiabank",
  "453823": "ca-scotiabank",
  "453825": "ca-scotiabank",
  "453826": "ca-scotiabank",
  "453827": "ca-scotiabank",
  "453828": "ca-scotiabank",
  "453829": "ca-scotiabank",
  "453830": "ca-scotiabank",
  "453831": "ca-scotiabank",
  "453832": "ca-scotiabank",
  "453833": "ca-scotiabank",
  "453835": "ca-scotiabank",
  "453849": "ca-scotiabank",
  "454000": "ca-desjardins",
  "454015": "ca-desjardins",
  "454017": "ca-desjardins",
  "454021": "ca-desjardins",
  "454022": "ca-desjardins",
  "454023": "ca-desjardins",
  "454024": "ca-desjardins",
  "454025": "ca-desjardins",
  "454026": "ca-desjardins",
  "454027": "ca-desjardins",
  "454028": "ca-desjardins",
  "454029": "ca-desjardins",
  "454030": "ca-desjardins",
  "454031": "ca-desjardins",
  "454032": "ca-desjardins",
  "454033": "ca-desjardins",
  "454034": "ca-desjardins",
  "454035": "ca-desjardins",
  "454036": "ca-desjardins",
  "454037": "ca-desjardins",
  "454038": "ca-desjardins",
  "454039": "ca-desjardins",
  "454040": "ca-desjardins",
  "454052": "ca-desjardins",
  "454054": "ca-desjardins",
  "454055": "ca-desjardins",
  "454056": "ca-desjardins",
  "454702": "ca-royal",
  "454704": "ca-royal",
  "454705": "ca-royal",
  "454711": "ca-royal",
  "454712": "ca-royal",
  "454734": "ca-royal",
  "455111": "ca-royal",
  "455112": "ca-royal",
  "455119": "ca-td",
  "455121": "ca-td",
  "455122": "ca-td",
  "455126": "ca-royal",
  "455154": "ca-royal",
  "455155": "ca-royal",
  "455156": "ca-royal",
  "457757": "ca-royal",
  "457758": "ca-royal",
  "457785": "ca-cibc",
  "457786": "ca-cibc",
  "457787": "ca-cibc",
  "457788": "ca-cibc",
  "462899": "ca-td",
  "463924": "ca-cibc",
  "464691": "ca-royal",
  "467915": "ca-scotiabank",
  "467994": "ca-scotiabank",
  "468111": "ca-royal",
  "468125": "ca-royal",
  "468126": "ca-royal",
  "468131": "ca-royal",
  "468132": "ca-royal",
  "468139": "ca-royal",
  "468209": "ca-td",
  "471250": "ca-royal",
  "471506": "ca-cibc",
  "471537": "ca-royal",
  "471576": "ca-td",
  "472073": "ca-scotiabank",
  "472246": "ca-cibc",
  "472823": "ca-td",
  "472824": "ca-td",
  "473129": "ca-td",
  "473219": "ca-scotiabank",
  "473220": "ca-scotiabank",
  "473257": "ca-royal",
  "473282": "ca-scotiabank",
  "473283": "ca-scotiabank",
  "473284": "ca-scotiabank",
  "473285": "ca-scotiabank",
  "473286": "ca-scotiabank",
  "473287": "ca-scotiabank",
  "477141": "ca-scotiabank",
  "478986": "ca-cibc",
  "480710": "ca-scotiabank",
  "480978": "ca-cibc",
  "480980": "ca-scotiabank",
  "480981": "ca-scotiabank",
  "480982": "ca-scotiabank",
  "480983": "ca-scotiabank",
  "480984": "ca-scotiabank",
  "481124": "ca-scotiabank",
  "481125": "ca-scotiabank",
  "481126": "ca-scotiabank",
  "481127": "ca-scotiabank",
  "481128": "ca-scotiabank",
  "481129": "ca-scotiabank",
  "481130": "ca-scotiabank",
  "481131": "ca-scotiabank",
  "481145": "ca-royal",
  "481148": "ca-royal",
  "481149": "ca-royal",
  "481150": "ca-royal",
  "481151": "ca-royal",
  "481152": "ca-royal",
  "481153": "ca-royal",
  "481746": "ca-scotiabank",
  "481804": "ca-cibc",
  "481805": "ca-cibc",
  "481806": "ca-cibc",
  "481807": "ca-cibc",
  "481808": "ca-cibc",
  "481809": "ca-cibc",
  "481810": "ca-cibc",
  "481811": "ca-cibc",
  "481812": "ca-cibc",
  "481813": "ca-cibc",
  "481827": "ca-royal",
  "481828": "ca-royal",
  "481829": "ca-royal",
  "481830": "ca-royal",
  "483155": "ca-scotiabank",
  "485986": "ca-desjardins",
  "486594": "ca-royal",
  "486707": "ca-scotiabank",
  "486708": "ca-scotiabank",
  "486709": "ca-scotiabank",
  "486710": "ca-scotiabank",
  "490694": "ca-cibc",
  "491060": "ca-scotiabank",
  "491063": "ca-scotiabank",
  "491064": "ca-scotiabank",
  "491409": "ca-scotiabank",
  "491424": "ca-cibc",
  "491598": "ca-royal",
  "510539": "ca-royal",
  "510540": "ca-royal",
  "512164": "ca-hsbc",
  "513429": "ca-hsbc",
  "513430": "ca-hsbc",
  "513431": "ca-hsbc",
  "513432": "ca-hsbc",
  "513433": "ca-hsbc",
  "513442": "ca-bmo",
  "514311": "ca-hsbc",
  "514879": "ca-td",
  "515464": "ca-royal",
  "516566": "ca-bmo",
  "517242": "ca-hsbc",
  "517537": "ca-td",
  "517759": "ca-cibc",
  "517781": "ca-cibc",
  "518136": "ca-nbc",
  "518174": "ca-bmo",
  "518211": "ca-bmo",
  "518684": "ca-bmo",
  "518689": "ca-bmo",
  "518709": "ca-bmo",
  "519000": "ca-bmo",
  "519003": "ca-bmo",
  "519008": "ca-bmo",
  "519010": "ca-bmo",
  "519011": "ca-bmo",
  "519012": "ca-bmo",
  "519013": "ca-bmo",
  "519014": "ca-bmo",
  "519015": "ca-bmo",
  "519017": "ca-bmo",
  "519018": "ca-bmo",
  "519020": "ca-bmo",
  "519021": "ca-bmo",
  "519022": "ca-bmo",
  "519023": "ca-bmo",
  "519024": "ca-bmo",
  "519025": "ca-bmo",
  "519027": "ca-bmo",
  "519029": "ca-bmo",
  "519030": "ca-bmo",
  "519084": "ca-bmo",
  "519094": "ca-bmo",
  "519101": "ca-bmo",
  "519112": "ca-bmo",
  "519113": "ca-bmo",
  "519114": "ca-bmo",
  "519115": "ca-bmo",
  "519116": "ca-bmo",
  "519117": "ca-bmo",
  "519118": "ca-bmo",
  "519119": "ca-bmo",
  "519120": "ca-bmo",
  "519121": "ca-bmo",
  "519122": "ca-bmo",
  "519123": "ca-bmo",
  "519124": "ca-bmo",
  "519125": "ca-bmo",
  "519126": "ca-bmo",
  "519127": "ca-bmo",
  "519128": "ca-bmo",
  "519129": "ca-bmo",
  "519131": "ca-bmo",
  "519132": "ca-bmo",
  "519133": "ca-bmo",
  "519134": "ca-bmo",
  "519135": "ca-bmo",
  "519136": "ca-bmo",
  "519137": "ca-bmo",
  "519138": "ca-bmo",
  "519139": "ca-bmo",
  "519140": "ca-bmo",
  "519141": "ca-bmo",
  "519142": "ca-bmo",
  "519143": "ca-bmo",
  "519147": "ca-bmo",
  "519148": "ca-bmo",
  "519150": "ca-bmo",
  "519151": "ca-bmo",
  "519152": "ca-bmo",
  "519154": "ca-bmo",
  "519155": "ca-bmo",
  "519156": "ca-bmo",
  "519157": "ca-bmo",
  "519158": "ca-bmo",
  "519159": "ca-bmo",
  "519161": "ca-bmo",
  "519162": "ca-bmo",
  "519165": "ca-bmo",
  "519166": "ca-bmo",
  "519167": "ca-bmo",
  "519168": "ca-bmo",
  "519170": "ca-bmo",
  "519171": "ca-bmo",
  "519173": "ca-bmo",
  "519177": "ca-bmo",
  "519180": "ca-bmo",
  "519181": "ca-bmo",
  "519182": "ca-bmo",
  "519183": "ca-bmo",
  "519185": "ca-bmo",
  "519193": "ca-bmo",
  "519200": "ca-bmo",
  "519201": "ca-bmo",
  "519202": "ca-bmo",
  "519203": "ca-bmo",
  "519204": "ca-bmo",
  "519205": "ca-bmo",
  "519206": "ca-bmo",
  "519207": "ca-bmo",
  "519208": "ca-bmo",
  "519210": "ca-bmo",
  "519211": "ca-bmo",
  "519212": "ca-bmo",
  "519213": "ca-bmo",
  "519215": "ca-bmo",
  "519216": "ca-bmo",
  "519217": "ca-bmo",
  "519218": "ca-bmo",
  "519220": "ca-bmo",
  "519221": "ca-bmo",
  "519222": "ca-bmo",
  "519223": "ca-bmo",
  "519225": "ca-bmo",
  "519226": "ca-bmo",
  "519227": "ca-bmo",
  "519228": "ca-bmo",
  "519230": "ca-bmo",
  "519231": "ca-bmo",
  "519232": "ca-bmo",
  "519233": "ca-bmo",
  "519234": "ca-bmo",
  "519240": "ca-bmo",
  "519241": "ca-bmo",
  "519242": "ca-bmo",
  "519243": "ca-bmo",
  "519245": "ca-bmo",
  "519259": "ca-bmo",
  "519266": "ca-bmo",
  "519267": "ca-bmo",
  "519268": "ca-bmo",
  "519269": "ca-bmo",
  "519271": "ca-bmo",
  "519273": "ca-bmo",
  "519277": "ca-bmo",
  "519278": "ca-bmo",
  "519281": "ca-bmo",
  "519283": "ca-bmo",
  "519290": "ca-bmo",
  "519293": "ca-bmo",
  "519294": "ca-bmo",
  "519315": "ca-bmo",
  "519322": "ca-bmo",
  "519323": "ca-bmo",
  "519326": "ca-bmo",
  "519332": "ca-bmo",
  "519342": "ca-bmo",
  "519343": "ca-bmo",
  "519349": "ca-bmo",
  "519369": "ca-bmo",
  "519371": "ca-bmo",
  "519373": "ca-bmo",
  "519378": "ca-bmo",
  "519380": "ca-bmo",
  "519381": "ca-bmo",
  "519383": "ca-bmo",
  "519386": "ca-bmo",
  "519389": "ca-bmo",
  "519391": "ca-hsbc",
  "519392": "ca-hsbc",
  "519393": "ca-hsbc",
  "519394": "ca-hsbc",
  "519395": "ca-hsbc",
  "519396": "ca-hsbc",
  "519397": "ca-hsbc",
  "519398": "ca-hsbc",
  "519400": "ca-bmo",
  "519403": "ca-bmo",
  "519405": "ca-bmo",
  "519409": "ca-bmo",
  "519412": "ca-bmo",
  "519416": "ca-bmo",
  "519426": "ca-bmo",
  "519430": "ca-bmo",
  "519431": "ca-bmo",
  "519433": "ca-bmo",
  "519437": "ca-bmo",
  "519438": "ca-bmo",
  "519443": "ca-bmo",
  "519444": "ca-bmo",
  "519445": "ca-bmo",
  "519448": "ca-bmo",
  "519458": "ca-bmo",
  "519473": "ca-bmo",
  "519477": "ca-bmo",
  "519482": "ca-bmo",
  "519484": "ca-bmo",
  "519487": "ca-bmo",
  "519489": "ca-bmo",
  "519490": "ca-bmo",
  "519491": "ca-bmo",
  "519493": "ca-bmo",
  "519494": "ca-bmo",
  "519512": "ca-bmo",
  "519519": "ca-bmo",
  "519523": "ca-bmo",
  "519526": "ca-bmo",
  "519534": "ca-bmo",
  "519540": "ca-bmo",
  "519541": "ca-bmo",
  "519542": "ca-bmo",
  "519543": "ca-bmo",
  "519544": "ca-bmo",
  "519545": "ca-bmo",
  "519546": "ca-bmo",
  "519547": "ca-bmo",
  "519548": "ca-bmo",
  "519549": "ca-bmo",
  "519550": "ca-bmo",
  "519551": "ca-bmo",
  "519552": "ca-bmo",
  "519553": "ca-bmo",
  "519554": "ca-bmo",
  "519555": "ca-bmo",
  "519556": "ca-bmo",
  "519557": "ca-bmo",
  "519558": "ca-bmo",
  "519559": "ca-bmo",
  "519560": "ca-bmo",
  "519561": "ca-bmo",
  "519562": "ca-bmo",
  "519563": "ca-bmo",
  "519564": "ca-bmo",
  "519565": "ca-bmo",
  "519566": "ca-bmo",
  "519567": "ca-bmo",
  "519568": "ca-bmo",
  "519569": "ca-bmo",
  "519570": "ca-bmo",
  "519571": "ca-bmo",
  "519572": "ca-bmo",
  "519573": "ca-bmo",
  "519574": "ca-bmo",
  "519575": "ca-bmo",
  "519576": "ca-bmo",
  "519577": "ca-bmo",
  "519578": "ca-bmo",
  "519579": "ca-bmo",
  "519580": "ca-bmo",
  "519581": "ca-bmo",
  "519582": "ca-bmo",
  "519583": "ca-bmo",
  "519584": "ca-bmo",
  "519585": "ca-bmo",
  "519586": "ca-bmo",
  "519587": "ca-bmo",
  "519588": "ca-bmo",
  "519589": "ca-bmo",
  "519590": "ca-bmo",
  "519591": "ca-bmo",
  "519592": "ca-bmo",
  "519593": "ca-bmo",
  "519594": "ca-bmo",
  "519604": "ca-bmo",
  "519605": "ca-bmo",
  "519618": "ca-bmo",
  "519632": "ca-bmo",
  "519633": "ca-bmo",
  "519662": "ca-bmo",
  "519700": "ca-bmo",
  "519701": "ca-bmo",
  "519729": "ca-bmo",
  "519733": "ca-bmo",
  "519739": "ca-bmo",
  "519742": "ca-bmo",
  "519756": "ca-bmo",
  "519761": "ca-bmo",
  "519762": "ca-bmo",
  "519764": "ca-bmo",
  "519766": "ca-bmo",
  "519776": "ca-bmo",
  "519851": "ca-bmo",
  "519852": "ca-bmo",
  "519854": "ca-bmo",
  "519856": "ca-bmo",
  "519864": "ca-bmo",
  "519865": "ca-bmo",
  "519877": "ca-bmo",
  "519887": "ca-bmo",
  "519894": "ca-bmo",
  "519916": "ca-bmo",
  "519919": "ca-bmo",
  "519952": "ca-bmo",
  "519954": "ca-bmo",
  "519968": "ca-bmo",
  "519976": "ca-bmo",
  "519979": "ca-bmo",
  "519988": "ca-bmo",
  "519990": "ca-bmo",
  "519992": "ca-bmo",
  "519993": "ca-bmo",
  "519994": "ca-bmo",
  "521434": "ca-td",
  "521535": "ca-bmo",
  "521536": "ca-bmo",
  "522122": "ca-bmo",
  "522371": "ca-bmo",
  "523409": "ca-bmo",
  "523411": "ca-bmo",
  "523441": "ca-td",
  "523461": "ca-td",
  "523465": "ca-td",
  "523551": "ca-td",
  "523552": "ca-td",
  "523602": "ca-bmo",
  "523639": "ca-bmo",
  "524112": "ca-bmo",
  "524752": "ca-bmo",
  "525409": "ca-bmo",
  "525800": "ca-nbc",
  "525880": "ca-nbc",
  "525881": "ca-nbc",
  "525890": "ca-nbc",
  "525891": "ca-nbc",
  "525892": "ca-nbc",
  "525893": "ca-nbc",
  "525894": "ca-nbc",
  "525895": "ca-nbc",
  "525896": "ca-nbc",
  "525897": "ca-nbc",
  "525898": "ca-nbc",
  "525899": "ca-nbc",
  "526121": "ca-bmo",
  "526398": "ca-scotiabank",
  "526455": "ca-bmo",
  "526801": "ca-cibc",
  "526805": "ca-cibc",
  "526806": "ca-cibc",
  "526807": "ca-cibc",
  "526809": "ca-cibc",
  "526815": "ca-cibc",
  "526825": "ca-cibc",
  "527210": "ca-bmo",
  "527216": "ca-bmo",
  "527335": "ca-bmo",
  "527886": "ca-cibc",
  "528030": "ca-bmo",
  "528031": "ca-bmo",
  "528061": "ca-bmo",
  "529075": "ca-royal",
  "529083": "ca-royal",
  "529118": "ca-td",
  "529810": "ca-royal",
  "529918": "ca-royal",
  "530140": "ca-hsbc",
  "530629": "ca-bmo",
  "530785": "ca-scotiabank",
  "530786": "ca-scotiabank",
  "530872": "ca-scotiabank",
  "530873": "ca-royal",
  "531630": "ca-td",
  "531634": "ca-td",
  "531635": "ca-td",
  "531640": "ca-td",
  "531740": "ca-td",
  "531744": "ca-td",
  "532580": "ca-td",
  "532680": "ca-cibc",
  "533034": "ca-bmo",
  "534279": "ca-scotiabank",
  "534348": "ca-bmo",
  "535043": "ca-bmo",
  "537139": "ca-bmo",
  "537840": "ca-td",
  "537841": "ca-td",
  "537842": "ca-td",
  "537843": "ca-td",
  "537844": "ca-td",
  "537845": "ca-td",
  "537846": "ca-td",
  "537847": "ca-td",
  "537848": "ca-td",
  "537849": "ca-td",
  "537850": "ca-td",
  "537851": "ca-td",
  "537852": "ca-td",
  "537853": "ca-td",
  "537854": "ca-td",
  "537855": "ca-td",
  "537856": "ca-td",
  "537857": "ca-td",
  "537858": "ca-td",
  "537859": "ca-td",
  "537860": "ca-td",
  "537861": "ca-td",
  "537862": "ca-td",
  "537863": "ca-td",
  "537864": "ca-td",
  "537865": "ca-td",
  "537866": "ca-td",
  "537867": "ca-td",
  "537868": "ca-td",
  "537869": "ca-td",
  "537870": "ca-td",
  "537871": "ca-td",
  "537872": "ca-td",
  "537873": "ca-td",
  "537874": "ca-td",
  "537875": "ca-td",
  "537876": "ca-td",
  "537877": "ca-td",
  "537878": "ca-td",
  "537879": "ca-td",
  "537880": "ca-td",
  "537881": "ca-td",
  "537882": "ca-td",
  "537883": "ca-td",
  "537884": "ca-td",
  "537885": "ca-td",
  "537886": "ca-td",
  "537887": "ca-td",
  "537888": "ca-td",
  "537889": "ca-td",
  "537890": "ca-td",
  "537891": "ca-td",
  "537892": "ca-td",
  "537893": "ca-td",
  "537894": "ca-td",
  "537895": "ca-td",
  "537896": "ca-td",
  "537897": "ca-td",
  "537898": "ca-td",
  "537899": "ca-td",
  "539251": "ca-cibc",
  "539252": "ca-cibc",
  "539253": "ca-cibc",
  "539254": "ca-cibc",
  "539255": "ca-cibc",
  "540077": "ca-td",
  "541142": "ca-cibc",
  "541452": "ca-scotiabank",
  "541585": "ca-scotiabank",
  "541590": "ca-royal",
  "541606": "ca-royal",
  "541703": "ca-hsbc",
  "541941": "ca-scotiabank",
  "542088": "ca-scotiabank",
  "542346": "ca-royal",
  "542902": "ca-scotiabank",
  "542924": "ca-scotiabank",
  "542925": "ca-scotiabank",
  "543228": "ca-td",
  "543694": "ca-td",
  "544500": "ca-royal",
  "545240": "ca-td",
  "545241": "ca-td",
  "545242": "ca-td",
  "545243": "ca-td",
  "545270": "ca-td",
  "545505": "ca-td",
  "545507": "ca-royal",
  "545671": "ca-td",
  "545931": "ca-bmo",
  "546334": "ca-scotiabank",
  "546447": "ca-bmo",
  "546649": "ca-cibc",
  "547666": "ca-bmo",
  "547679": "ca-bmo",
  "547898": "ca-royal",
  "548923": "ca-royal",
  "549191": "ca-td",
  "549198": "ca-td",
  "549369": "ca-bmo",
  "549904": "ca-td",
  "549905": "ca-td",
  "550577": "ca-nbc",
  "551029": "ca-bmo",
  "552001": "ca-bmo",
  "552396": "ca-td",
  "552397": "ca-td",
  "552399": "ca-td",
  "552489": "ca-bmo",
  "552490": "ca-royal",
  "552594": "ca-td",
  "552612": "ca-royal",
  "552749": "ca-td",
  "552822": "ca-bmo",
  "552824": "ca-bmo",
  "552825": "ca-bmo",
  "552826": "ca-bmo",
  "552827": "ca-bmo",
  "552881": "ca-td",
  "553234": "ca-bmo",
  "553290": "ca-bmo",
  "553321": "ca-bmo",
  "555000": "ca-bmo",
  "555006": "ca-nbc",
  "555008": "ca-bmo",
  "555227": "ca-bmo",
  "555266": "ca-bmo",
  "555271": "ca-bmo",
  "555314": "ca-bmo",
  "555315": "ca-bmo",
  "555316": "ca-bmo",
  "555317": "ca-bmo",
  "555319": "ca-bmo",
  "555320": "ca-bmo",
  "555321": "ca-bmo",
  "555351": "ca-hsbc",
  "555352": "ca-bmo",
  "555353": "ca-bmo",
  "555362": "ca-bmo",
  "555363": "ca-bmo",
  "555364": "ca-bmo",
  "555365": "ca-bmo",
  "555391": "ca-bmo",
  "555392": "ca-bmo",
  "556051": "ca-bmo",
  "556099": "ca-nbc",
  "556117": "ca-nbc",
  "556122": "ca-nbc",
  "556134": "ca-nbc",
  "556152": "ca-bmo",
  "556158": "ca-bmo",
  "556164": "ca-bmo",
  "556195": "ca-bmo",
  "556312": "ca-bmo",
  "556315": "ca-bmo",
  "556344": "ca-nbc",
  "556345": "ca-nbc",
  "556346": "ca-nbc",
  "556347": "ca-nbc",
  "556361": "ca-nbc",
  "556372": "ca-nbc",
  "556380": "ca-bmo",
  "556381": "ca-bmo",
  "556384": "ca-bmo",
  "556386": "ca-bmo",
  "556707": "ca-bmo",
  "556714": "ca-bmo",
  "556759": "ca-bmo",
  "556906": "ca-bmo",
  "556907": "ca-bmo",
  "556908": "ca-bmo",
  "556909": "ca-bmo",
  "556921": "ca-bmo",
  "556923": "ca-nbc",
  "556935": "ca-bmo",
  "556936": "ca-bmo",
  "556964": "ca-bmo",
  "558346": "ca-bmo",
  "558473": "ca-bmo",
  "558479": "ca-bmo",
  "558700": "ca-bmo",
  "558726": "ca-bmo",
  "558801": "ca-bmo",
  "558831": "ca-bmo",
  "558974": "ca-royal",
  "559321": "ca-td",
  "559326": "ca-bmo",
  "559523": "ca-bmo",
  "559527": "ca-nbc",
  "559822": "ca-desjardins",
  "559827": "ca-desjardins",
  "559828": "ca-desjardins",
  "850000": "ca-hsbc",
  "850001": "ca-hsbc",
  "850002": "ca-hsbc",
  "850003": "ca-hsbc",
  "850004": "ca-hsbc",
  "850005": "ca-hsbc",
  "850006": "ca-hsbc",
  "850007": "ca-hsbc",
  "850008": "ca-hsbc",
  "850009": "ca-hsbc",
  "850010": "ca-hsbc",
  "850011": "ca-hsbc",
  "850012": "ca-hsbc",
  "850013": "ca-hsbc",
  "850014": "ca-hsbc",
  "850015": "ca-hsbc",
  "850016": "ca-hsbc",
  "850017": "ca-hsbc",
  "850018": "ca-hsbc",
  "850019": "ca-hsbc",
  "850020": "ca-hsbc",
  "850021": "ca-hsbc",
  "850022": "ca-hsbc",
  "850023": "ca-hsbc",
  "850024": "ca-hsbc",
  "850025": "ca-hsbc",
  "850026": "ca-hsbc",
  "850027": "ca-hsbc",
  "850028": "ca-hsbc",
  "850029": "ca-hsbc",
  "850030": "ca-hsbc",
  "850031": "ca-hsbc",
  "850032": "ca-hsbc",
  "850033": "ca-hsbc",
  "850034": "ca-hsbc",
  "850035": "ca-hsbc",
  "850036": "ca-hsbc",
  "850037": "ca-hsbc",
  "850038": "ca-hsbc",
  "850039": "ca-hsbc",
  "850040": "ca-hsbc",
  "850041": "ca-hsbc",
  "850042": "ca-hsbc",
  "850043": "ca-hsbc",
  "850044": "ca-hsbc",
  "850045": "ca-hsbc",
  "850046": "ca-hsbc",
  "850047": "ca-hsbc",
  "850048": "ca-hsbc",
  "850049": "ca-hsbc",
  "850050": "ca-hsbc",
  "850051": "ca-hsbc",
  "850052": "ca-hsbc",
  "850053": "ca-hsbc",
  "850054": "ca-hsbc",
  "850055": "ca-hsbc",
  "850056": "ca-hsbc",
  "850057": "ca-hsbc",
  "850058": "ca-hsbc",
  "850059": "ca-hsbc",
  "850060": "ca-hsbc",
  "850061": "ca-hsbc",
  "850062": "ca-hsbc",
  "850063": "ca-hsbc",
  "850064": "ca-hsbc",
  "850065": "ca-hsbc",
  "850066": "ca-hsbc",
  "850067": "ca-hsbc",
  "850068": "ca-hsbc",
  "850069": "ca-hsbc",
  "850070": "ca-hsbc",
  "850071": "ca-hsbc",
  "850072": "ca-hsbc",
  "850073": "ca-hsbc",
  "850074": "ca-hsbc",
  "850075": "ca-hsbc",
  "850076": "ca-hsbc",
  "850077": "ca-hsbc",
  "850078": "ca-hsbc",
  "850079": "ca-hsbc",
  "850080": "ca-hsbc",
  "850081": "ca-hsbc",
  "850082": "ca-hsbc",
  "850083": "ca-hsbc",
  "850084": "ca-hsbc",
  "850085": "ca-hsbc",
  "850086": "ca-hsbc",
  "850087": "ca-hsbc",
  "850088": "ca-hsbc",
  "850089": "ca-hsbc",
  "850090": "ca-hsbc",
  "850091": "ca-hsbc",
  "850092": "ca-hsbc",
  "850093": "ca-hsbc",
  "850094": "ca-hsbc",
  "850095": "ca-hsbc",
  "850096": "ca-hsbc",
  "850097": "ca-hsbc",
  "850098": "ca-hsbc",
  "850099": "ca-hsbc",
  "850100": "ca-hsbc",
  "850101": "ca-hsbc",
  "850102": "ca-hsbc",
  "850103": "ca-hsbc",
  "850104": "ca-hsbc",
  "850105": "ca-hsbc",
  "850106": "ca-hsbc",
  "850107": "ca-hsbc",
  "850108": "ca-hsbc",
  "850109": "ca-hsbc",
  "850110": "ca-hsbc",
  "850111": "ca-hsbc",
  "850112": "ca-hsbc",
  "850113": "ca-hsbc",
  "850114": "ca-hsbc",
  "850115": "ca-hsbc",
  "850116": "ca-hsbc",
  "850117": "ca-hsbc",
  "850118": "ca-hsbc",
  "850119": "ca-hsbc",
  "850120": "ca-hsbc",
  "850121": "ca-hsbc",
  "850122": "ca-hsbc",
  "850123": "ca-hsbc",
  "850124": "ca-hsbc",
  "850125": "ca-hsbc",
  "850126": "ca-hsbc",
  "850127": "ca-hsbc",
  "850128": "ca-hsbc",
  "850129": "ca-hsbc",
  "850130": "ca-hsbc",
  "850131": "ca-hsbc",
  "850132": "ca-hsbc",
  "850133": "ca-hsbc",
  "850134": "ca-hsbc",
  "850135": "ca-hsbc",
  "850136": "ca-hsbc",
  "850137": "ca-hsbc",
  "850138": "ca-hsbc",
  "850139": "ca-hsbc",
  "850140": "ca-hsbc",
  "850141": "ca-hsbc",
  "850142": "ca-hsbc",
  "850143": "ca-hsbc",
  "850144": "ca-hsbc",
  "850145": "ca-hsbc",
  "850146": "ca-hsbc",
  "850147": "ca-hsbc",
  "850148": "ca-hsbc",
  "850149": "ca-hsbc",
  "850150": "ca-hsbc",
  "850151": "ca-hsbc",
  "850152": "ca-hsbc",
  "850153": "ca-hsbc",
  "850154": "ca-hsbc",
  "850155": "ca-hsbc",
  "850156": "ca-hsbc",
  "850157": "ca-hsbc",
  "850158": "ca-hsbc",
  "850159": "ca-hsbc",
  "850160": "ca-hsbc",
  "850161": "ca-hsbc",
  "850162": "ca-hsbc",
  "850163": "ca-hsbc",
  "850164": "ca-hsbc",
  "850165": "ca-hsbc",
  "850166": "ca-hsbc",
  "850167": "ca-hsbc",
  "850168": "ca-hsbc",
  "850169": "ca-hsbc",
  "850170": "ca-hsbc",
  "850171": "ca-hsbc",
  "850172": "ca-hsbc",
  "850173": "ca-hsbc",
  "850174": "ca-hsbc",
  "850175": "ca-hsbc",
  "850176": "ca-hsbc",
  "850177": "ca-hsbc",
  "850178": "ca-hsbc",
  "850179": "ca-hsbc",
  "850180": "ca-hsbc",
  "850181": "ca-hsbc",
  "850182": "ca-hsbc",
  "850183": "ca-hsbc",
  "850184": "ca-hsbc",
  "850185": "ca-hsbc",
  "850186": "ca-hsbc",
  "850187": "ca-hsbc",
  "850188": "ca-hsbc",
  "850189": "ca-hsbc",
  "850190": "ca-hsbc",
  "850191": "ca-hsbc",
  "850192": "ca-hsbc",
  "850193": "ca-hsbc",
  "850194": "ca-hsbc",
  "850195": "ca-hsbc",
  "850196": "ca-hsbc",
  "850197": "ca-hsbc",
  "850198": "ca-hsbc",
  "850199": "ca-hsbc",
  "850200": "ca-hsbc",
  "850201": "ca-hsbc",
  "850202": "ca-hsbc",
  "850203": "ca-hsbc",
  "850204": "ca-hsbc",
  "850205": "ca-hsbc",
  "850206": "ca-hsbc",
  "850207": "ca-hsbc",
  "850208": "ca-hsbc",
  "850209": "ca-hsbc",
  "850210": "ca-hsbc",
  "850211": "ca-hsbc",
  "850212": "ca-hsbc",
  "850213": "ca-hsbc",
  "850214": "ca-hsbc",
  "850215": "ca-hsbc",
  "850216": "ca-hsbc",
  "850217": "ca-hsbc",
  "850218": "ca-hsbc",
  "850219": "ca-hsbc",
  "850220": "ca-hsbc",
  "850221": "ca-hsbc",
  "850222": "ca-hsbc",
  "850223": "ca-hsbc",
  "850224": "ca-hsbc",
  "850225": "ca-hsbc",
  "850226": "ca-hsbc",
  "850227": "ca-hsbc",
  "850228": "ca-hsbc",
  "850229": "ca-hsbc",
  "850230": "ca-hsbc",
  "850231": "ca-hsbc",
  "850232": "ca-hsbc",
  "850233": "ca-hsbc",
  "850234": "ca-hsbc",
  "850235": "ca-hsbc",
  "850236": "ca-hsbc",
  "850237": "ca-hsbc",
  "850238": "ca-hsbc",
  "850239": "ca-hsbc",
  "850240": "ca-hsbc",
  "850241": "ca-hsbc",
  "850242": "ca-hsbc",
  "850243": "ca-hsbc",
  "850244": "ca-hsbc",
  "850245": "ca-hsbc",
  "850246": "ca-hsbc",
  "850247": "ca-hsbc",
  "850248": "ca-hsbc",
  "850249": "ca-hsbc",
  "850250": "ca-hsbc",
  "850251": "ca-hsbc",
  "850252": "ca-hsbc",
  "850253": "ca-hsbc",
  "850254": "ca-hsbc",
  "850255": "ca-hsbc",
  "850256": "ca-hsbc",
  "850257": "ca-hsbc",
  "850258": "ca-hsbc",
  "850259": "ca-hsbc",
  "850260": "ca-hsbc",
  "850261": "ca-hsbc",
  "850262": "ca-hsbc",
  "850263": "ca-hsbc",
  "850264": "ca-hsbc",
  "850265": "ca-hsbc",
  "850266": "ca-hsbc",
  "850267": "ca-hsbc",
  "850268": "ca-hsbc",
  "850269": "ca-hsbc",
  "850270": "ca-hsbc",
  "850271": "ca-hsbc",
  "850272": "ca-hsbc",
  "850273": "ca-hsbc",
  "850274": "ca-hsbc",
  "850275": "ca-hsbc",
  "850276": "ca-hsbc",
  "850277": "ca-hsbc",
  "850278": "ca-hsbc",
  "850279": "ca-hsbc",
  "850280": "ca-hsbc",
  "850281": "ca-hsbc",
  "850282": "ca-hsbc",
  "850283": "ca-hsbc",
  "850284": "ca-hsbc",
  "850285": "ca-hsbc",
  "850286": "ca-hsbc",
  "850287": "ca-hsbc",
  "850288": "ca-hsbc",
  "850289": "ca-hsbc",
  "850290": "ca-hsbc",
  "850291": "ca-hsbc",
  "850292": "ca-hsbc",
  "850293": "ca-hsbc",
  "850294": "ca-hsbc",
  "850295": "ca-hsbc",
  "850296": "ca-hsbc",
  "850297": "ca-hsbc",
  "850298": "ca-hsbc",
  "850299": "ca-hsbc",
  "850300": "ca-hsbc",
  "850301": "ca-hsbc",
  "850302": "ca-hsbc",
  "850303": "ca-hsbc",
  "850304": "ca-hsbc",
  "850305": "ca-hsbc",
  "850306": "ca-hsbc",
  "850307": "ca-hsbc",
  "850308": "ca-hsbc",
  "850309": "ca-hsbc",
  "850310": "ca-hsbc",
  "850311": "ca-hsbc",
  "850312": "ca-hsbc",
  "850313": "ca-hsbc",
  "850314": "ca-hsbc",
  "850315": "ca-hsbc",
  "850316": "ca-hsbc",
  "850317": "ca-hsbc",
  "850318": "ca-hsbc",
  "850319": "ca-hsbc",
  "850320": "ca-hsbc",
  "850321": "ca-hsbc",
  "850322": "ca-hsbc",
  "850323": "ca-hsbc",
  "850324": "ca-hsbc",
  "850325": "ca-hsbc",
  "850326": "ca-hsbc",
  "850327": "ca-hsbc",
  "850328": "ca-hsbc",
  "850329": "ca-hsbc",
  "850330": "ca-hsbc",
  "850331": "ca-hsbc",
  "850332": "ca-hsbc",
  "850333": "ca-hsbc",
  "850334": "ca-hsbc",
  "850335": "ca-hsbc",
  "850336": "ca-hsbc",
  "850337": "ca-hsbc",
  "850338": "ca-hsbc",
  "850339": "ca-hsbc",
  "850340": "ca-hsbc",
  "850341": "ca-hsbc",
  "850342": "ca-hsbc",
  "850343": "ca-hsbc",
  "850344": "ca-hsbc",
  "850345": "ca-hsbc",
  "850346": "ca-hsbc",
  "850347": "ca-hsbc",
  "850348": "ca-hsbc",
  "850349": "ca-hsbc",
  "850350": "ca-hsbc",
  "850351": "ca-hsbc",
  "850352": "ca-hsbc",
  "850353": "ca-hsbc",
  "850354": "ca-hsbc",
  "850355": "ca-hsbc",
  "850356": "ca-hsbc",
  "850357": "ca-hsbc",
  "850358": "ca-hsbc",
  "850359": "ca-hsbc",
  "850360": "ca-hsbc",
  "850361": "ca-hsbc",
  "850362": "ca-hsbc",
  "850363": "ca-hsbc",
  "850364": "ca-hsbc",
  "850365": "ca-hsbc",
  "850366": "ca-hsbc",
  "850367": "ca-hsbc",
  "850368": "ca-hsbc",
  "850369": "ca-hsbc",
  "850370": "ca-hsbc",
  "850371": "ca-hsbc",
  "850372": "ca-hsbc",
  "850373": "ca-hsbc",
  "850374": "ca-hsbc",
  "850375": "ca-hsbc",
  "850376": "ca-hsbc",
  "850377": "ca-hsbc",
  "850378": "ca-hsbc",
  "850379": "ca-hsbc",
  "850380": "ca-hsbc",
  "850381": "ca-hsbc",
  "850382": "ca-hsbc",
  "850383": "ca-hsbc",
  "850384": "ca-hsbc",
  "850385": "ca-hsbc",
  "850386": "ca-hsbc",
  "850387": "ca-hsbc",
  "850388": "ca-hsbc",
  "850389": "ca-hsbc",
  "850390": "ca-hsbc",
  "850391": "ca-hsbc",
  "850392": "ca-hsbc",
  "850393": "ca-hsbc",
  "850394": "ca-hsbc",
  "850395": "ca-hsbc",
  "850396": "ca-hsbc",
  "850397": "ca-hsbc",
  "850398": "ca-hsbc",
  "850399": "ca-hsbc",
  "850400": "ca-hsbc",
  "850401": "ca-hsbc",
  "850402": "ca-hsbc",
  "850403": "ca-hsbc",
  "850404": "ca-hsbc",
  "850405": "ca-hsbc",
  "850406": "ca-hsbc",
  "850407": "ca-hsbc",
  "850408": "ca-hsbc",
  "850409": "ca-hsbc",
  "850410": "ca-hsbc",
  "850411": "ca-hsbc",
  "850412": "ca-hsbc",
  "850413": "ca-hsbc",
  "850414": "ca-hsbc",
  "850415": "ca-hsbc",
  "850416": "ca-hsbc",
  "850417": "ca-hsbc",
  "850418": "ca-hsbc",
  "850419": "ca-hsbc",
  "850420": "ca-hsbc",
  "850421": "ca-hsbc",
  "850422": "ca-hsbc",
  "850423": "ca-hsbc",
  "850424": "ca-hsbc",
  "850425": "ca-hsbc",
  "850426": "ca-hsbc",
  "850427": "ca-hsbc",
  "850428": "ca-hsbc",
  "850429": "ca-hsbc",
  "850430": "ca-hsbc",
  "850431": "ca-hsbc",
  "850432": "ca-hsbc",
  "850433": "ca-hsbc",
  "850434": "ca-hsbc",
  "850435": "ca-hsbc",
  "850436": "ca-hsbc",
  "850437": "ca-hsbc",
  "850438": "ca-hsbc",
  "850439": "ca-hsbc",
  "850440": "ca-hsbc",
  "850441": "ca-hsbc",
  "850442": "ca-hsbc",
  "850443": "ca-hsbc",
  "850444": "ca-hsbc",
  "850445": "ca-hsbc",
  "850446": "ca-hsbc",
  "850447": "ca-hsbc",
  "850448": "ca-hsbc",
  "850449": "ca-hsbc",
  "850450": "ca-hsbc",
  "850451": "ca-hsbc",
  "850452": "ca-hsbc",
  "850453": "ca-hsbc",
  "850454": "ca-hsbc",
  "850455": "ca-hsbc",
  "850456": "ca-hsbc",
  "850457": "ca-hsbc",
  "850458": "ca-hsbc",
  "850459": "ca-hsbc",
  "850460": "ca-hsbc",
  "850461": "ca-hsbc",
  "850462": "ca-hsbc",
  "850463": "ca-hsbc",
  "850464": "ca-hsbc",
  "850465": "ca-hsbc",
  "850466": "ca-hsbc",
  "850467": "ca-hsbc",
  "850468": "ca-hsbc",
  "850469": "ca-hsbc",
  "850470": "ca-hsbc",
  "850471": "ca-hsbc",
  "850472": "ca-hsbc",
  "850473": "ca-hsbc",
  "850474": "ca-hsbc",
  "850475": "ca-hsbc",
  "850476": "ca-hsbc",
  "850477": "ca-hsbc",
  "850478": "ca-hsbc",
  "850479": "ca-hsbc",
  "850480": "ca-hsbc",
  "850481": "ca-hsbc",
  "850482": "ca-hsbc",
  "850483": "ca-hsbc",
  "850484": "ca-hsbc",
  "850485": "ca-hsbc",
  "850486": "ca-hsbc",
  "850487": "ca-hsbc",
  "850488": "ca-hsbc",
  "850489": "ca-hsbc",
  "850490": "ca-hsbc",
  "850491": "ca-hsbc",
  "850492": "ca-hsbc",
  "850493": "ca-hsbc",
  "850494": "ca-hsbc",
  "850495": "ca-hsbc",
  "850496": "ca-hsbc",
  "850497": "ca-hsbc",
  "850498": "ca-hsbc",
  "850499": "ca-hsbc",
  "850500": "ca-hsbc",
  "850501": "ca-hsbc",
  "850502": "ca-hsbc",
  "850503": "ca-hsbc",
  "850504": "ca-hsbc",
  "850505": "ca-hsbc",
  "850506": "ca-hsbc",
  "850507": "ca-hsbc",
  "850508": "ca-hsbc",
  "850509": "ca-hsbc",
  "850510": "ca-hsbc",
  "850511": "ca-hsbc",
  "850512": "ca-hsbc",
  "850513": "ca-hsbc",
  "850514": "ca-hsbc",
  "850515": "ca-hsbc",
  "850516": "ca-hsbc",
  "850517": "ca-hsbc",
  "850518": "ca-hsbc",
  "850519": "ca-hsbc",
  "850520": "ca-hsbc",
  "850521": "ca-hsbc",
  "850522": "ca-hsbc",
  "850523": "ca-hsbc",
  "850524": "ca-hsbc",
  "850525": "ca-hsbc",
  "850526": "ca-hsbc",
  "850527": "ca-hsbc",
  "850528": "ca-hsbc",
  "850529": "ca-hsbc",
  "850530": "ca-hsbc",
  "850531": "ca-hsbc",
  "850532": "ca-hsbc",
  "850533": "ca-hsbc",
  "850534": "ca-hsbc",
  "850535": "ca-hsbc",
  "850536": "ca-hsbc",
  "850537": "ca-hsbc",
  "850538": "ca-hsbc",
  "850539": "ca-hsbc",
  "850540": "ca-hsbc",
  "850541": "ca-hsbc",
  "850542": "ca-hsbc",
  "850543": "ca-hsbc",
  "850544": "ca-hsbc",
  "850545": "ca-hsbc",
  "850546": "ca-hsbc",
  "850547": "ca-hsbc",
  "850548": "ca-hsbc",
  "850549": "ca-hsbc",
  "850550": "ca-hsbc",
  "850551": "ca-hsbc",
  "850552": "ca-hsbc",
  "850553": "ca-hsbc",
  "850554": "ca-hsbc",
  "850555": "ca-hsbc",
  "850556": "ca-hsbc",
  "850557": "ca-hsbc",
  "850558": "ca-hsbc",
  "850559": "ca-hsbc",
  "850560": "ca-hsbc",
  "850561": "ca-hsbc",
  "850562": "ca-hsbc",
  "850563": "ca-hsbc",
  "850564": "ca-hsbc",
  "850565": "ca-hsbc",
  "850566": "ca-hsbc",
  "850567": "ca-hsbc",
  "850568": "ca-hsbc",
  "850569": "ca-hsbc",
  "850570": "ca-hsbc",
  "850571": "ca-hsbc",
  "850572": "ca-hsbc",
  "850573": "ca-hsbc",
  "850574": "ca-hsbc",
  "850575": "ca-hsbc",
  "850576": "ca-hsbc",
  "850577": "ca-hsbc",
  "850578": "ca-hsbc",
  "850579": "ca-hsbc",
  "850580": "ca-hsbc",
  "850581": "ca-hsbc",
  "850582": "ca-hsbc",
  "850583": "ca-hsbc",
  "850584": "ca-hsbc",
  "850585": "ca-hsbc",
  "850586": "ca-hsbc",
  "850587": "ca-hsbc",
  "850588": "ca-hsbc",
  "850589": "ca-hsbc",
  "850590": "ca-hsbc",
  "850591": "ca-hsbc",
  "850592": "ca-hsbc",
  "850593": "ca-hsbc",
  "850594": "ca-hsbc",
  "850595": "ca-hsbc",
  "850596": "ca-hsbc",
  "850597": "ca-hsbc",
  "850598": "ca-hsbc",
  "850599": "ca-hsbc",
  "850600": "ca-hsbc",
  "850601": "ca-hsbc",
  "850602": "ca-hsbc",
  "850603": "ca-hsbc",
  "850604": "ca-hsbc",
  "850605": "ca-hsbc",
  "850606": "ca-hsbc",
  "850607": "ca-hsbc",
  "850608": "ca-hsbc",
  "850609": "ca-hsbc",
  "850610": "ca-hsbc",
  "850611": "ca-hsbc",
  "850612": "ca-hsbc",
  "850613": "ca-hsbc",
  "850614": "ca-hsbc",
  "850615": "ca-hsbc",
  "850616": "ca-hsbc",
  "850617": "ca-hsbc",
  "850618": "ca-hsbc",
  "850619": "ca-hsbc",
  "850620": "ca-hsbc",
  "850621": "ca-hsbc",
  "850622": "ca-hsbc",
  "850623": "ca-hsbc",
  "850624": "ca-hsbc",
  "850625": "ca-hsbc",
  "850626": "ca-hsbc",
  "850627": "ca-hsbc",
  "850628": "ca-hsbc",
  "850629": "ca-hsbc",
  "850630": "ca-hsbc",
  "850631": "ca-hsbc",
  "850632": "ca-hsbc",
  "850633": "ca-hsbc",
  "850634": "ca-hsbc",
  "850635": "ca-hsbc",
  "850636": "ca-hsbc",
  "850637": "ca-hsbc",
  "850638": "ca-hsbc",
  "850639": "ca-hsbc",
  "850640": "ca-hsbc",
  "850641": "ca-hsbc",
  "850642": "ca-hsbc",
  "850643": "ca-hsbc",
  "850644": "ca-hsbc",
  "850645": "ca-hsbc",
  "850646": "ca-hsbc",
  "850647": "ca-hsbc",
  "850648": "ca-hsbc",
  "850649": "ca-hsbc",
  "850650": "ca-hsbc",
  "850651": "ca-hsbc",
  "850652": "ca-hsbc",
  "850653": "ca-hsbc",
  "850654": "ca-hsbc",
  "850655": "ca-hsbc",
  "850656": "ca-hsbc",
  "850657": "ca-hsbc",
  "850658": "ca-hsbc",
  "850659": "ca-hsbc",
  "850660": "ca-hsbc",
  "850661": "ca-hsbc",
  "850662": "ca-hsbc",
  "850663": "ca-hsbc",
  "850664": "ca-hsbc",
  "850665": "ca-hsbc",
  "850666": "ca-hsbc",
  "850667": "ca-hsbc",
  "850668": "ca-hsbc",
  "850669": "ca-hsbc",
  "850670": "ca-hsbc",
  "850671": "ca-hsbc",
  "850672": "ca-hsbc",
  "850673": "ca-hsbc",
  "850674": "ca-hsbc",
  "850675": "ca-hsbc",
  "850676": "ca-hsbc",
  "850677": "ca-hsbc",
  "850678": "ca-hsbc",
  "850679": "ca-hsbc",
  "850680": "ca-hsbc",
  "850681": "ca-hsbc",
  "850682": "ca-hsbc",
  "850683": "ca-hsbc",
  "850684": "ca-hsbc",
  "850685": "ca-hsbc",
  "850686": "ca-hsbc",
  "850687": "ca-hsbc",
  "850688": "ca-hsbc",
  "850689": "ca-hsbc",
  "850690": "ca-hsbc",
  "850691": "ca-hsbc",
  "850692": "ca-hsbc",
  "850693": "ca-hsbc",
  "850694": "ca-hsbc",
  "850695": "ca-hsbc",
  "850696": "ca-hsbc",
  "850697": "ca-hsbc",
  "850698": "ca-hsbc",
  "850699": "ca-hsbc",
  "850700": "ca-hsbc",
  "850701": "ca-hsbc",
  "850702": "ca-hsbc",
  "850703": "ca-hsbc",
  "850704": "ca-hsbc",
  "850705": "ca-hsbc",
  "850706": "ca-hsbc",
  "850707": "ca-hsbc",
  "850708": "ca-hsbc",
  "850709": "ca-hsbc",
  "850710": "ca-hsbc",
  "850711": "ca-hsbc",
  "850712": "ca-hsbc",
  "850713": "ca-hsbc",
  "850714": "ca-hsbc",
  "850715": "ca-hsbc",
  "850716": "ca-hsbc",
  "850717": "ca-hsbc",
  "850718": "ca-hsbc",
  "850719": "ca-hsbc",
  "850720": "ca-hsbc",
  "850721": "ca-hsbc",
  "850722": "ca-hsbc",
  "850723": "ca-hsbc",
  "850724": "ca-hsbc",
  "850725": "ca-hsbc",
  "850726": "ca-hsbc",
  "850727": "ca-hsbc",
  "850728": "ca-hsbc",
  "850729": "ca-hsbc",
  "850730": "ca-hsbc",
  "850731": "ca-hsbc",
  "850732": "ca-hsbc",
  "850733": "ca-hsbc",
  "850734": "ca-hsbc",
  "850735": "ca-hsbc",
  "850736": "ca-hsbc",
  "850737": "ca-hsbc",
  "850738": "ca-hsbc",
  "850739": "ca-hsbc",
  "850740": "ca-hsbc",
  "850741": "ca-hsbc",
  "850742": "ca-hsbc",
  "850743": "ca-hsbc",
  "850744": "ca-hsbc",
  "850745": "ca-hsbc",
  "850746": "ca-hsbc",
  "850747": "ca-hsbc",
  "850748": "ca-hsbc",
  "850749": "ca-hsbc",
  "850750": "ca-hsbc",
  "850751": "ca-hsbc",
  "850752": "ca-hsbc",
  "850753": "ca-hsbc",
  "850754": "ca-hsbc",
  "850755": "ca-hsbc",
  "850756": "ca-hsbc",
  "850757": "ca-hsbc",
  "850758": "ca-hsbc",
  "850759": "ca-hsbc",
  "850760": "ca-hsbc",
  "850761": "ca-hsbc",
  "850762": "ca-hsbc",
  "850763": "ca-hsbc",
  "850764": "ca-hsbc",
  "850765": "ca-hsbc",
  "850766": "ca-hsbc",
  "850767": "ca-hsbc",
  "850768": "ca-hsbc",
  "850769": "ca-hsbc",
  "850770": "ca-hsbc",
  "850771": "ca-hsbc",
  "850772": "ca-hsbc",
  "850773": "ca-hsbc",
  "850774": "ca-hsbc",
  "850775": "ca-hsbc",
  "850776": "ca-hsbc",
  "850777": "ca-hsbc",
  "850778": "ca-hsbc",
  "850779": "ca-hsbc",
  "850780": "ca-hsbc",
  "850781": "ca-hsbc",
  "850782": "ca-hsbc",
  "850783": "ca-hsbc",
  "850784": "ca-hsbc",
  "850785": "ca-hsbc",
  "850786": "ca-hsbc",
  "850787": "ca-hsbc",
  "850788": "ca-hsbc",
  "850789": "ca-hsbc",
  "850790": "ca-hsbc",
  "850791": "ca-hsbc",
  "850792": "ca-hsbc",
  "850793": "ca-hsbc",
  "850794": "ca-hsbc",
  "850795": "ca-hsbc",
  "850796": "ca-hsbc",
  "850797": "ca-hsbc",
  "850798": "ca-hsbc",
  "850799": "ca-hsbc",
  "850800": "ca-hsbc",
  "850801": "ca-hsbc",
  "850802": "ca-hsbc",
  "850803": "ca-hsbc",
  "850804": "ca-hsbc",
  "850805": "ca-hsbc",
  "850806": "ca-hsbc",
  "850807": "ca-hsbc",
  "850808": "ca-hsbc",
  "850809": "ca-hsbc",
  "850810": "ca-hsbc",
  "850811": "ca-hsbc",
  "850812": "ca-hsbc",
  "850813": "ca-hsbc",
  "850814": "ca-hsbc",
  "850815": "ca-hsbc",
  "850816": "ca-hsbc",
  "850817": "ca-hsbc",
  "850818": "ca-hsbc",
  "850819": "ca-hsbc",
  "850820": "ca-hsbc",
  "850821": "ca-hsbc",
  "850822": "ca-hsbc",
  "850823": "ca-hsbc",
  "850824": "ca-hsbc",
  "850825": "ca-hsbc",
  "850826": "ca-hsbc",
  "850827": "ca-hsbc",
  "850828": "ca-hsbc",
  "850829": "ca-hsbc",
  "850830": "ca-hsbc",
  "850831": "ca-hsbc",
  "850832": "ca-hsbc",
  "850833": "ca-hsbc",
  "850834": "ca-hsbc",
  "850835": "ca-hsbc",
  "850836": "ca-hsbc",
  "850837": "ca-hsbc",
  "850838": "ca-hsbc",
  "850839": "ca-hsbc",
  "850840": "ca-hsbc",
  "850841": "ca-hsbc",
  "850842": "ca-hsbc",
  "850843": "ca-hsbc",
  "850844": "ca-hsbc",
  "850845": "ca-hsbc",
  "850846": "ca-hsbc",
  "850847": "ca-hsbc",
  "850848": "ca-hsbc",
  "850849": "ca-hsbc",
  "850850": "ca-hsbc",
  "850851": "ca-hsbc",
  "850852": "ca-hsbc",
  "850853": "ca-hsbc",
  "850854": "ca-hsbc",
  "850855": "ca-hsbc",
  "850856": "ca-hsbc",
  "850857": "ca-hsbc",
  "850858": "ca-hsbc",
  "850859": "ca-hsbc",
  "850860": "ca-hsbc",
  "850861": "ca-hsbc",
  "850862": "ca-hsbc",
  "850863": "ca-hsbc",
  "850864": "ca-hsbc",
  "850865": "ca-hsbc",
  "850866": "ca-hsbc",
  "850867": "ca-hsbc",
  "850868": "ca-hsbc",
  "850869": "ca-hsbc",
  "850870": "ca-hsbc",
  "850871": "ca-hsbc",
  "850872": "ca-hsbc",
  "850873": "ca-hsbc",
  "850874": "ca-hsbc",
  "850875": "ca-hsbc",
  "850876": "ca-hsbc",
  "850877": "ca-hsbc",
  "850878": "ca-hsbc",
  "850879": "ca-hsbc",
  "850880": "ca-hsbc",
  "850881": "ca-hsbc",
  "850882": "ca-hsbc",
  "850883": "ca-hsbc",
  "850884": "ca-hsbc",
  "850885": "ca-hsbc",
  "850886": "ca-hsbc",
  "850887": "ca-hsbc",
  "850888": "ca-hsbc",
  "850889": "ca-hsbc",
  "850890": "ca-hsbc",
  "850891": "ca-hsbc",
  "850892": "ca-hsbc",
  "850893": "ca-hsbc",
  "850894": "ca-hsbc",
  "850895": "ca-hsbc",
  "850896": "ca-hsbc",
  "850897": "ca-hsbc",
  "850898": "ca-hsbc",
  "850899": "ca-hsbc",
  "850900": "ca-hsbc",
  "850901": "ca-hsbc",
  "850902": "ca-hsbc",
  "850903": "ca-hsbc",
  "850904": "ca-hsbc",
  "850905": "ca-hsbc",
  "850906": "ca-hsbc",
  "850907": "ca-hsbc",
  "850908": "ca-hsbc",
  "850909": "ca-hsbc",
  "850910": "ca-hsbc",
  "850911": "ca-hsbc",
  "850912": "ca-hsbc",
  "850913": "ca-hsbc",
  "850914": "ca-hsbc",
  "850915": "ca-hsbc",
  "850916": "ca-hsbc",
  "850917": "ca-hsbc",
  "850918": "ca-hsbc",
  "850919": "ca-hsbc",
  "850920": "ca-hsbc",
  "850921": "ca-hsbc",
  "850922": "ca-hsbc",
  "850923": "ca-hsbc",
  "850924": "ca-hsbc",
  "850925": "ca-hsbc",
  "850926": "ca-hsbc",
  "850927": "ca-hsbc",
  "850928": "ca-hsbc",
  "850929": "ca-hsbc",
  "850930": "ca-hsbc",
  "850931": "ca-hsbc",
  "850932": "ca-hsbc",
  "850933": "ca-hsbc",
  "850934": "ca-hsbc",
  "850935": "ca-hsbc",
  "850936": "ca-hsbc",
  "850937": "ca-hsbc",
  "850938": "ca-hsbc",
  "850939": "ca-hsbc",
  "850940": "ca-hsbc",
  "850941": "ca-hsbc",
  "850942": "ca-hsbc",
  "850943": "ca-hsbc",
  "850944": "ca-hsbc",
  "850945": "ca-hsbc",
  "850946": "ca-hsbc",
  "850947": "ca-hsbc",
  "850948": "ca-hsbc",
  "850949": "ca-hsbc",
  "850950": "ca-hsbc",
  "850951": "ca-hsbc",
  "850952": "ca-hsbc",
  "850953": "ca-hsbc",
  "850954": "ca-hsbc",
  "850955": "ca-hsbc",
  "850956": "ca-hsbc",
  "850957": "ca-hsbc",
  "850958": "ca-hsbc",
  "850959": "ca-hsbc",
  "850960": "ca-hsbc",
  "850961": "ca-hsbc",
  "850962": "ca-hsbc",
  "850963": "ca-hsbc",
  "850964": "ca-hsbc",
  "850965": "ca-hsbc",
  "850966": "ca-hsbc",
  "850967": "ca-hsbc",
  "850968": "ca-hsbc",
  "850969": "ca-hsbc",
  "850970": "ca-hsbc",
  "850971": "ca-hsbc",
  "850972": "ca-hsbc",
  "850973": "ca-hsbc",
  "850974": "ca-hsbc",
  "850975": "ca-hsbc",
  "850976": "ca-hsbc",
  "850977": "ca-hsbc",
  "850978": "ca-hsbc",
  "850979": "ca-hsbc",
  "850980": "ca-hsbc",
  "850981": "ca-hsbc",
  "850982": "ca-hsbc",
  "850983": "ca-hsbc",
  "850984": "ca-hsbc",
  "850985": "ca-hsbc",
  "850986": "ca-hsbc",
  "850987": "ca-hsbc",
  "850988": "ca-hsbc",
  "850989": "ca-hsbc",
  "850990": "ca-hsbc",
  "850991": "ca-hsbc",
  "850992": "ca-hsbc",
  "850993": "ca-hsbc",
  "850994": "ca-hsbc",
  "850995": "ca-hsbc",
  "850996": "ca-hsbc",
  "850997": "ca-hsbc",
  "850998": "ca-hsbc",
  "850999": "ca-hsbc",
  "855000": "ca-hsbc",
  "855001": "ca-hsbc",
  "855002": "ca-hsbc",
  "855003": "ca-hsbc",
  "855004": "ca-hsbc",
  "855005": "ca-hsbc",
  "855006": "ca-hsbc",
  "855007": "ca-hsbc",
  "855008": "ca-hsbc",
  "855009": "ca-hsbc",
  "855010": "ca-hsbc",
  "855011": "ca-hsbc",
  "855012": "ca-hsbc",
  "855013": "ca-hsbc",
  "855014": "ca-hsbc",
  "855015": "ca-hsbc",
  "855016": "ca-hsbc",
  "855017": "ca-hsbc",
  "855018": "ca-hsbc",
  "855019": "ca-hsbc",
  "855020": "ca-hsbc",
  "855021": "ca-hsbc",
  "855022": "ca-hsbc",
  "855023": "ca-hsbc",
  "855024": "ca-hsbc",
  "855025": "ca-hsbc",
  "855026": "ca-hsbc",
  "855027": "ca-hsbc",
  "855028": "ca-hsbc",
  "855029": "ca-hsbc",
  "855030": "ca-hsbc",
  "855031": "ca-hsbc",
  "855032": "ca-hsbc",
  "855033": "ca-hsbc",
  "855034": "ca-hsbc",
  "855035": "ca-hsbc",
  "855036": "ca-hsbc",
  "855037": "ca-hsbc",
  "855038": "ca-hsbc",
  "855039": "ca-hsbc",
  "855040": "ca-hsbc",
  "855041": "ca-hsbc",
  "855042": "ca-hsbc",
  "855043": "ca-hsbc",
  "855044": "ca-hsbc",
  "855045": "ca-hsbc",
  "855046": "ca-hsbc",
  "855047": "ca-hsbc",
  "855048": "ca-hsbc",
  "855049": "ca-hsbc",
  "855050": "ca-hsbc",
  "855051": "ca-hsbc",
  "855052": "ca-hsbc",
  "855053": "ca-hsbc",
  "855054": "ca-hsbc",
  "855055": "ca-hsbc",
  "855056": "ca-hsbc",
  "855057": "ca-hsbc",
  "855058": "ca-hsbc",
  "855059": "ca-hsbc",
  "855060": "ca-hsbc",
  "855061": "ca-hsbc",
  "855062": "ca-hsbc",
  "855063": "ca-hsbc",
  "855064": "ca-hsbc",
  "855065": "ca-hsbc",
  "855066": "ca-hsbc",
  "855067": "ca-hsbc",
  "855068": "ca-hsbc",
  "855069": "ca-hsbc",
  "855070": "ca-hsbc",
  "855071": "ca-hsbc",
  "855072": "ca-hsbc",
  "855073": "ca-hsbc",
  "855074": "ca-hsbc",
  "855075": "ca-hsbc",
  "855076": "ca-hsbc",
  "855077": "ca-hsbc",
  "855078": "ca-hsbc",
  "855079": "ca-hsbc",
  "855080": "ca-hsbc",
  "855081": "ca-hsbc",
  "855082": "ca-hsbc",
  "855083": "ca-hsbc",
  "855084": "ca-hsbc",
  "855085": "ca-hsbc",
  "855086": "ca-hsbc",
  "855087": "ca-hsbc",
  "855088": "ca-hsbc",
  "855089": "ca-hsbc",
  "855090": "ca-hsbc",
  "855091": "ca-hsbc",
  "855092": "ca-hsbc",
  "855093": "ca-hsbc",
  "855094": "ca-hsbc",
  "855095": "ca-hsbc",
  "855096": "ca-hsbc",
  "855097": "ca-hsbc",
  "855098": "ca-hsbc",
  "855099": "ca-hsbc",
  "855100": "ca-hsbc",
  "855101": "ca-hsbc",
  "855102": "ca-hsbc",
  "855103": "ca-hsbc",
  "855104": "ca-hsbc",
  "855105": "ca-hsbc",
  "855106": "ca-hsbc",
  "855107": "ca-hsbc",
  "855108": "ca-hsbc",
  "855109": "ca-hsbc",
  "855110": "ca-hsbc",
  "855111": "ca-hsbc",
  "855112": "ca-hsbc",
  "855113": "ca-hsbc",
  "855114": "ca-hsbc",
  "855115": "ca-hsbc",
  "855116": "ca-hsbc",
  "855117": "ca-hsbc",
  "855118": "ca-hsbc",
  "855119": "ca-hsbc",
  "855120": "ca-hsbc",
  "855121": "ca-hsbc",
  "855122": "ca-hsbc",
  "855123": "ca-hsbc",
  "855124": "ca-hsbc",
  "855125": "ca-hsbc",
  "855126": "ca-hsbc",
  "855127": "ca-hsbc",
  "855128": "ca-hsbc",
  "855129": "ca-hsbc",
  "855130": "ca-hsbc",
  "855131": "ca-hsbc",
  "855132": "ca-hsbc",
  "855133": "ca-hsbc",
  "855134": "ca-hsbc",
  "855135": "ca-hsbc",
  "855136": "ca-hsbc",
  "855137": "ca-hsbc",
  "855138": "ca-hsbc",
  "855139": "ca-hsbc",
  "855140": "ca-hsbc",
  "855141": "ca-hsbc",
  "855142": "ca-hsbc",
  "855143": "ca-hsbc",
  "855144": "ca-hsbc",
  "855145": "ca-hsbc",
  "855146": "ca-hsbc",
  "855147": "ca-hsbc",
  "855148": "ca-hsbc",
  "855149": "ca-hsbc",
  "855150": "ca-hsbc",
  "855151": "ca-hsbc",
  "855152": "ca-hsbc",
  "855153": "ca-hsbc",
  "855154": "ca-hsbc",
  "855155": "ca-hsbc",
  "855156": "ca-hsbc",
  "855157": "ca-hsbc",
  "855158": "ca-hsbc",
  "855159": "ca-hsbc",
  "855160": "ca-hsbc",
  "855161": "ca-hsbc",
  "855162": "ca-hsbc",
  "855163": "ca-hsbc",
  "855164": "ca-hsbc",
  "855165": "ca-hsbc",
  "855166": "ca-hsbc",
  "855167": "ca-hsbc",
  "855168": "ca-hsbc",
  "855169": "ca-hsbc",
  "855170": "ca-hsbc",
  "855171": "ca-hsbc",
  "855172": "ca-hsbc",
  "855173": "ca-hsbc",
  "855174": "ca-hsbc",
  "855175": "ca-hsbc",
  "855176": "ca-hsbc",
  "855177": "ca-hsbc",
  "855178": "ca-hsbc",
  "855179": "ca-hsbc",
  "855180": "ca-hsbc",
  "855181": "ca-hsbc",
  "855182": "ca-hsbc",
  "855183": "ca-hsbc",
  "855184": "ca-hsbc",
  "855185": "ca-hsbc",
  "855186": "ca-hsbc",
  "855187": "ca-hsbc",
  "855188": "ca-hsbc",
  "855189": "ca-hsbc",
  "855190": "ca-hsbc",
  "855191": "ca-hsbc",
  "855192": "ca-hsbc",
  "855193": "ca-hsbc",
  "855194": "ca-hsbc",
  "855195": "ca-hsbc",
  "855196": "ca-hsbc",
  "855197": "ca-hsbc",
  "855198": "ca-hsbc",
  "855199": "ca-hsbc",
  "855200": "ca-hsbc",
  "855201": "ca-hsbc",
  "855202": "ca-hsbc",
  "855203": "ca-hsbc",
  "855204": "ca-hsbc",
  "855205": "ca-hsbc",
  "855206": "ca-hsbc",
  "855207": "ca-hsbc",
  "855208": "ca-hsbc",
  "855209": "ca-hsbc",
  "855210": "ca-hsbc",
  "855211": "ca-hsbc",
  "855212": "ca-hsbc",
  "855213": "ca-hsbc",
  "855214": "ca-hsbc",
  "855215": "ca-hsbc",
  "855216": "ca-hsbc",
  "855217": "ca-hsbc",
  "855218": "ca-hsbc",
  "855219": "ca-hsbc",
  "855220": "ca-hsbc",
  "855221": "ca-hsbc",
  "855222": "ca-hsbc",
  "855223": "ca-hsbc",
  "855224": "ca-hsbc",
  "855225": "ca-hsbc",
  "855226": "ca-hsbc",
  "855227": "ca-hsbc",
  "855228": "ca-hsbc",
  "855229": "ca-hsbc",
  "855230": "ca-hsbc",
  "855231": "ca-hsbc",
  "855232": "ca-hsbc",
  "855233": "ca-hsbc",
  "855234": "ca-hsbc",
  "855235": "ca-hsbc",
  "855236": "ca-hsbc",
  "855237": "ca-hsbc",
  "855238": "ca-hsbc",
  "855239": "ca-hsbc",
  "855240": "ca-hsbc",
  "855241": "ca-hsbc",
  "855242": "ca-hsbc",
  "855243": "ca-hsbc",
  "855244": "ca-hsbc",
  "855245": "ca-hsbc",
  "855246": "ca-hsbc",
  "855247": "ca-hsbc",
  "855248": "ca-hsbc",
  "855249": "ca-hsbc",
  "855250": "ca-hsbc",
  "855251": "ca-hsbc",
  "855252": "ca-hsbc",
  "855253": "ca-hsbc",
  "855254": "ca-hsbc",
  "855255": "ca-hsbc",
  "855256": "ca-hsbc",
  "855257": "ca-hsbc",
  "855258": "ca-hsbc",
  "855259": "ca-hsbc",
  "855260": "ca-hsbc",
  "855261": "ca-hsbc",
  "855262": "ca-hsbc",
  "855263": "ca-hsbc",
  "855264": "ca-hsbc",
  "855265": "ca-hsbc",
  "855266": "ca-hsbc",
  "855267": "ca-hsbc",
  "855268": "ca-hsbc",
  "855269": "ca-hsbc",
  "855270": "ca-hsbc",
  "855271": "ca-hsbc",
  "855272": "ca-hsbc",
  "855273": "ca-hsbc",
  "855274": "ca-hsbc",
  "855275": "ca-hsbc",
  "855276": "ca-hsbc",
  "855277": "ca-hsbc",
  "855278": "ca-hsbc",
  "855279": "ca-hsbc",
  "855280": "ca-hsbc",
  "855281": "ca-hsbc",
  "855282": "ca-hsbc",
  "855283": "ca-hsbc",
  "855284": "ca-hsbc",
  "855285": "ca-hsbc",
  "855286": "ca-hsbc",
  "855287": "ca-hsbc",
  "855288": "ca-hsbc",
  "855289": "ca-hsbc",
  "855290": "ca-hsbc",
  "855291": "ca-hsbc",
  "855292": "ca-hsbc",
  "855293": "ca-hsbc",
  "855294": "ca-hsbc",
  "855295": "ca-hsbc",
  "855296": "ca-hsbc",
  "855297": "ca-hsbc",
  "855298": "ca-hsbc",
  "855299": "ca-hsbc",
  "855300": "ca-hsbc",
  "855301": "ca-hsbc",
  "855302": "ca-hsbc",
  "855303": "ca-hsbc",
  "855304": "ca-hsbc",
  "855305": "ca-hsbc",
  "855306": "ca-hsbc",
  "855307": "ca-hsbc",
  "855308": "ca-hsbc",
  "855309": "ca-hsbc",
  "855310": "ca-hsbc",
  "855311": "ca-hsbc",
  "855312": "ca-hsbc",
  "855313": "ca-hsbc",
  "855314": "ca-hsbc",
  "855315": "ca-hsbc",
  "855316": "ca-hsbc",
  "855317": "ca-hsbc",
  "855318": "ca-hsbc",
  "855319": "ca-hsbc",
  "855320": "ca-hsbc",
  "855321": "ca-hsbc",
  "855322": "ca-hsbc",
  "855323": "ca-hsbc",
  "855324": "ca-hsbc",
  "855325": "ca-hsbc",
  "855326": "ca-hsbc",
  "855327": "ca-hsbc",
  "855328": "ca-hsbc",
  "855329": "ca-hsbc",
  "855330": "ca-hsbc",
  "855331": "ca-hsbc",
  "855332": "ca-hsbc",
  "855333": "ca-hsbc",
  "855334": "ca-hsbc",
  "855335": "ca-hsbc",
  "855336": "ca-hsbc",
  "855337": "ca-hsbc",
  "855338": "ca-hsbc",
  "855339": "ca-hsbc",
  "855340": "ca-hsbc",
  "855341": "ca-hsbc",
  "855342": "ca-hsbc",
  "855343": "ca-hsbc",
  "855344": "ca-hsbc",
  "855345": "ca-hsbc",
  "855346": "ca-hsbc",
  "855347": "ca-hsbc",
  "855348": "ca-hsbc",
  "855349": "ca-hsbc",
  "855350": "ca-hsbc",
  "855351": "ca-hsbc",
  "855352": "ca-hsbc",
  "855353": "ca-hsbc",
  "855354": "ca-hsbc",
  "855355": "ca-hsbc",
  "855356": "ca-hsbc",
  "855357": "ca-hsbc",
  "855358": "ca-hsbc",
  "855359": "ca-hsbc",
  "855360": "ca-hsbc",
  "855361": "ca-hsbc",
  "855362": "ca-hsbc",
  "855363": "ca-hsbc",
  "855364": "ca-hsbc",
  "855365": "ca-hsbc",
  "855366": "ca-hsbc",
  "855367": "ca-hsbc",
  "855368": "ca-hsbc",
  "855369": "ca-hsbc",
  "855370": "ca-hsbc",
  "855371": "ca-hsbc",
  "855372": "ca-hsbc",
  "855373": "ca-hsbc",
  "855374": "ca-hsbc",
  "855375": "ca-hsbc",
  "855376": "ca-hsbc",
  "855377": "ca-hsbc",
  "855378": "ca-hsbc",
  "855379": "ca-hsbc",
  "855380": "ca-hsbc",
  "855381": "ca-hsbc",
  "855382": "ca-hsbc",
  "855383": "ca-hsbc",
  "855384": "ca-hsbc",
  "855385": "ca-hsbc",
  "855386": "ca-hsbc",
  "855387": "ca-hsbc",
  "855388": "ca-hsbc",
  "855389": "ca-hsbc",
  "855390": "ca-hsbc",
  "855391": "ca-hsbc",
  "855392": "ca-hsbc",
  "855393": "ca-hsbc",
  "855394": "ca-hsbc",
  "855395": "ca-hsbc",
  "855396": "ca-hsbc",
  "855397": "ca-hsbc",
  "855398": "ca-hsbc",
  "855399": "ca-hsbc",
  "855400": "ca-hsbc",
  "855401": "ca-hsbc",
  "855402": "ca-hsbc",
  "855403": "ca-hsbc",
  "855404": "ca-hsbc",
  "855405": "ca-hsbc",
  "855406": "ca-hsbc",
  "855407": "ca-hsbc",
  "855408": "ca-hsbc",
  "855409": "ca-hsbc",
  "855410": "ca-hsbc",
  "855411": "ca-hsbc",
  "855412": "ca-hsbc",
  "855413": "ca-hsbc",
  "855414": "ca-hsbc",
  "855415": "ca-hsbc",
  "855416": "ca-hsbc",
  "855417": "ca-hsbc",
  "855418": "ca-hsbc",
  "855419": "ca-hsbc",
  "855420": "ca-hsbc",
  "855421": "ca-hsbc",
  "855422": "ca-hsbc",
  "855423": "ca-hsbc",
  "855424": "ca-hsbc",
  "855425": "ca-hsbc",
  "855426": "ca-hsbc",
  "855427": "ca-hsbc",
  "855428": "ca-hsbc",
  "855429": "ca-hsbc",
  "855430": "ca-hsbc",
  "855431": "ca-hsbc",
  "855432": "ca-hsbc",
  "855433": "ca-hsbc",
  "855434": "ca-hsbc",
  "855435": "ca-hsbc",
  "855436": "ca-hsbc",
  "855437": "ca-hsbc",
  "855438": "ca-hsbc",
  "855439": "ca-hsbc",
  "855440": "ca-hsbc",
  "855441": "ca-hsbc",
  "855442": "ca-hsbc",
  "855443": "ca-hsbc",
  "855444": "ca-hsbc",
  "855445": "ca-hsbc",
  "855446": "ca-hsbc",
  "855447": "ca-hsbc",
  "855448": "ca-hsbc",
  "855449": "ca-hsbc",
  "855450": "ca-hsbc",
  "855451": "ca-hsbc",
  "855452": "ca-hsbc",
  "855453": "ca-hsbc",
  "855454": "ca-hsbc",
  "855455": "ca-hsbc",
  "855456": "ca-hsbc",
  "855457": "ca-hsbc",
  "855458": "ca-hsbc",
  "855459": "ca-hsbc",
  "855460": "ca-hsbc",
  "855461": "ca-hsbc",
  "855462": "ca-hsbc",
  "855463": "ca-hsbc",
  "855464": "ca-hsbc",
  "855465": "ca-hsbc",
  "855466": "ca-hsbc",
  "855467": "ca-hsbc",
  "855468": "ca-hsbc",
  "855469": "ca-hsbc",
  "855470": "ca-hsbc",
  "855471": "ca-hsbc",
  "855472": "ca-hsbc",
  "855473": "ca-hsbc",
  "855474": "ca-hsbc",
  "855475": "ca-hsbc",
  "855476": "ca-hsbc",
  "855477": "ca-hsbc",
  "855478": "ca-hsbc",
  "855479": "ca-hsbc",
  "855480": "ca-hsbc",
  "855481": "ca-hsbc",
  "855482": "ca-hsbc",
  "855483": "ca-hsbc",
  "855484": "ca-hsbc",
  "855485": "ca-hsbc",
  "855486": "ca-hsbc",
  "855487": "ca-hsbc",
  "855488": "ca-hsbc",
  "855489": "ca-hsbc",
  "855490": "ca-hsbc",
  "855491": "ca-hsbc",
  "855492": "ca-hsbc",
  "855493": "ca-hsbc",
  "855494": "ca-hsbc",
  "855495": "ca-hsbc",
  "855496": "ca-hsbc",
  "855497": "ca-hsbc",
  "855498": "ca-hsbc",
  "855499": "ca-hsbc",
  "855500": "ca-hsbc",
  "855501": "ca-hsbc",
  "855502": "ca-hsbc",
  "855503": "ca-hsbc",
  "855504": "ca-hsbc",
  "855505": "ca-hsbc",
  "855506": "ca-hsbc",
  "855507": "ca-hsbc",
  "855508": "ca-hsbc",
  "855509": "ca-hsbc",
  "855510": "ca-hsbc",
  "855511": "ca-hsbc",
  "855512": "ca-hsbc",
  "855513": "ca-hsbc",
  "855514": "ca-hsbc",
  "855515": "ca-hsbc",
  "855516": "ca-hsbc",
  "855517": "ca-hsbc",
  "855518": "ca-hsbc",
  "855519": "ca-hsbc",
  "855520": "ca-hsbc",
  "855521": "ca-hsbc",
  "855522": "ca-hsbc",
  "855523": "ca-hsbc",
  "855524": "ca-hsbc",
  "855525": "ca-hsbc",
  "855526": "ca-hsbc",
  "855527": "ca-hsbc",
  "855528": "ca-hsbc",
  "855529": "ca-hsbc",
  "855530": "ca-hsbc",
  "855531": "ca-hsbc",
  "855532": "ca-hsbc",
  "855533": "ca-hsbc",
  "855534": "ca-hsbc",
  "855535": "ca-hsbc",
  "855536": "ca-hsbc",
  "855537": "ca-hsbc",
  "855538": "ca-hsbc",
  "855539": "ca-hsbc",
  "855540": "ca-hsbc",
  "855541": "ca-hsbc",
  "855542": "ca-hsbc",
  "855543": "ca-hsbc",
  "855544": "ca-hsbc",
  "855545": "ca-hsbc",
  "855546": "ca-hsbc",
  "855547": "ca-hsbc",
  "855548": "ca-hsbc",
  "855549": "ca-hsbc",
  "855550": "ca-hsbc",
  "855551": "ca-hsbc",
  "855552": "ca-hsbc",
  "855553": "ca-hsbc",
  "855554": "ca-hsbc",
  "855555": "ca-hsbc",
  "855556": "ca-hsbc",
  "855557": "ca-hsbc",
  "855558": "ca-hsbc",
  "855559": "ca-hsbc",
  "855560": "ca-hsbc",
  "855561": "ca-hsbc",
  "855562": "ca-hsbc",
  "855563": "ca-hsbc",
  "855564": "ca-hsbc",
  "855565": "ca-hsbc",
  "855566": "ca-hsbc",
  "855567": "ca-hsbc",
  "855568": "ca-hsbc",
  "855569": "ca-hsbc",
  "855570": "ca-hsbc",
  "855571": "ca-hsbc",
  "855572": "ca-hsbc",
  "855573": "ca-hsbc",
  "855574": "ca-hsbc",
  "855575": "ca-hsbc",
  "855576": "ca-hsbc",
  "855577": "ca-hsbc",
  "855578": "ca-hsbc",
  "855579": "ca-hsbc",
  "855580": "ca-hsbc",
  "855581": "ca-hsbc",
  "855582": "ca-hsbc",
  "855583": "ca-hsbc",
  "855584": "ca-hsbc",
  "855585": "ca-hsbc",
  "855586": "ca-hsbc",
  "855587": "ca-hsbc",
  "855588": "ca-hsbc",
  "855589": "ca-hsbc",
  "855590": "ca-hsbc",
  "855591": "ca-hsbc",
  "855592": "ca-hsbc",
  "855593": "ca-hsbc",
  "855594": "ca-hsbc",
  "855595": "ca-hsbc",
  "855596": "ca-hsbc",
  "855597": "ca-hsbc",
  "855598": "ca-hsbc",
  "855599": "ca-hsbc",
  "855600": "ca-hsbc",
  "855601": "ca-hsbc",
  "855602": "ca-hsbc",
  "855603": "ca-hsbc",
  "855604": "ca-hsbc",
  "855605": "ca-hsbc",
  "855606": "ca-hsbc",
  "855607": "ca-hsbc",
  "855608": "ca-hsbc",
  "855609": "ca-hsbc",
  "855610": "ca-hsbc",
  "855611": "ca-hsbc",
  "855612": "ca-hsbc",
  "855613": "ca-hsbc",
  "855614": "ca-hsbc",
  "855615": "ca-hsbc",
  "855616": "ca-hsbc",
  "855617": "ca-hsbc",
  "855618": "ca-hsbc",
  "855619": "ca-hsbc",
  "855620": "ca-hsbc",
  "855621": "ca-hsbc",
  "855622": "ca-hsbc",
  "855623": "ca-hsbc",
  "855624": "ca-hsbc",
  "855625": "ca-hsbc",
  "855626": "ca-hsbc",
  "855627": "ca-hsbc",
  "855628": "ca-hsbc",
  "855629": "ca-hsbc",
  "855630": "ca-hsbc",
  "855631": "ca-hsbc",
  "855632": "ca-hsbc",
  "855633": "ca-hsbc",
  "855634": "ca-hsbc",
  "855635": "ca-hsbc",
  "855636": "ca-hsbc",
  "855637": "ca-hsbc",
  "855638": "ca-hsbc",
  "855639": "ca-hsbc",
  "855640": "ca-hsbc",
  "855641": "ca-hsbc",
  "855642": "ca-hsbc",
  "855643": "ca-hsbc",
  "855644": "ca-hsbc",
  "855645": "ca-hsbc",
  "855646": "ca-hsbc",
  "855647": "ca-hsbc",
  "855648": "ca-hsbc",
  "855649": "ca-hsbc",
  "855650": "ca-hsbc",
  "855651": "ca-hsbc",
  "855652": "ca-hsbc",
  "855653": "ca-hsbc",
  "855654": "ca-hsbc",
  "855655": "ca-hsbc",
  "855656": "ca-hsbc",
  "855657": "ca-hsbc",
  "855658": "ca-hsbc",
  "855659": "ca-hsbc",
  "855660": "ca-hsbc",
  "855661": "ca-hsbc",
  "855662": "ca-hsbc",
  "855663": "ca-hsbc",
  "855664": "ca-hsbc",
  "855665": "ca-hsbc",
  "855666": "ca-hsbc",
  "855667": "ca-hsbc",
  "855668": "ca-hsbc",
  "855669": "ca-hsbc",
  "855670": "ca-hsbc",
  "855671": "ca-hsbc",
  "855672": "ca-hsbc",
  "855673": "ca-hsbc",
  "855674": "ca-hsbc",
  "855675": "ca-hsbc",
  "855676": "ca-hsbc",
  "855677": "ca-hsbc",
  "855678": "ca-hsbc",
  "855679": "ca-hsbc",
  "855680": "ca-hsbc",
  "855681": "ca-hsbc",
  "855682": "ca-hsbc",
  "855683": "ca-hsbc",
  "855684": "ca-hsbc",
  "855685": "ca-hsbc",
  "855686": "ca-hsbc",
  "855687": "ca-hsbc",
  "855688": "ca-hsbc",
  "855689": "ca-hsbc",
  "855690": "ca-hsbc",
  "855691": "ca-hsbc",
  "855692": "ca-hsbc",
  "855693": "ca-hsbc",
  "855694": "ca-hsbc",
  "855695": "ca-hsbc",
  "855696": "ca-hsbc",
  "855697": "ca-hsbc",
  "855698": "ca-hsbc",
  "855699": "ca-hsbc",
  "855700": "ca-hsbc",
  "855701": "ca-hsbc",
  "855702": "ca-hsbc",
  "855703": "ca-hsbc",
  "855704": "ca-hsbc",
  "855705": "ca-hsbc",
  "855706": "ca-hsbc",
  "855707": "ca-hsbc",
  "855708": "ca-hsbc",
  "855709": "ca-hsbc",
  "855710": "ca-hsbc",
  "855711": "ca-hsbc",
  "855712": "ca-hsbc",
  "855713": "ca-hsbc",
  "855714": "ca-hsbc",
  "855715": "ca-hsbc",
  "855716": "ca-hsbc",
  "855717": "ca-hsbc",
  "855718": "ca-hsbc",
  "855719": "ca-hsbc",
  "855720": "ca-hsbc",
  "855721": "ca-hsbc",
  "855722": "ca-hsbc",
  "855723": "ca-hsbc",
  "855724": "ca-hsbc",
  "855725": "ca-hsbc",
  "855726": "ca-hsbc",
  "855727": "ca-hsbc",
  "855728": "ca-hsbc",
  "855729": "ca-hsbc",
  "855730": "ca-hsbc",
  "855731": "ca-hsbc",
  "855732": "ca-hsbc",
  "855733": "ca-hsbc",
  "855734": "ca-hsbc",
  "855735": "ca-hsbc",
  "855736": "ca-hsbc",
  "855737": "ca-hsbc",
  "855738": "ca-hsbc",
  "855739": "ca-hsbc",
  "855740": "ca-hsbc",
  "855741": "ca-hsbc",
  "855742": "ca-hsbc",
  "855743": "ca-hsbc",
  "855744": "ca-hsbc",
  "855745": "ca-hsbc",
  "855746": "ca-hsbc",
  "855747": "ca-hsbc",
  "855748": "ca-hsbc",
  "855749": "ca-hsbc",
  "855750": "ca-hsbc",
  "855751": "ca-hsbc",
  "855752": "ca-hsbc",
  "855753": "ca-hsbc",
  "855754": "ca-hsbc",
  "855755": "ca-hsbc",
  "855756": "ca-hsbc",
  "855757": "ca-hsbc",
  "855758": "ca-hsbc",
  "855759": "ca-hsbc",
  "855760": "ca-hsbc",
  "855761": "ca-hsbc",
  "855762": "ca-hsbc",
  "855763": "ca-hsbc",
  "855764": "ca-hsbc",
  "855765": "ca-hsbc",
  "855766": "ca-hsbc",
  "855767": "ca-hsbc",
  "855768": "ca-hsbc",
  "855769": "ca-hsbc",
  "855770": "ca-hsbc",
  "855771": "ca-hsbc",
  "855772": "ca-hsbc",
  "855773": "ca-hsbc",
  "855774": "ca-hsbc",
  "855775": "ca-hsbc",
  "855776": "ca-hsbc",
  "855777": "ca-hsbc",
  "855778": "ca-hsbc",
  "855779": "ca-hsbc",
  "855780": "ca-hsbc",
  "855781": "ca-hsbc",
  "855782": "ca-hsbc",
  "855783": "ca-hsbc",
  "855784": "ca-hsbc",
  "855785": "ca-hsbc",
  "855786": "ca-hsbc",
  "855787": "ca-hsbc",
  "855788": "ca-hsbc",
  "855789": "ca-hsbc",
  "855790": "ca-hsbc",
  "855791": "ca-hsbc",
  "855792": "ca-hsbc",
  "855793": "ca-hsbc",
  "855794": "ca-hsbc",
  "855795": "ca-hsbc",
  "855796": "ca-hsbc",
  "855797": "ca-hsbc",
  "855798": "ca-hsbc",
  "855799": "ca-hsbc",
  "855800": "ca-hsbc",
  "855801": "ca-hsbc",
  "855802": "ca-hsbc",
  "855803": "ca-hsbc",
  "855804": "ca-hsbc",
  "855805": "ca-hsbc",
  "855806": "ca-hsbc",
  "855807": "ca-hsbc",
  "855808": "ca-hsbc",
  "855809": "ca-hsbc",
  "855810": "ca-hsbc",
  "855811": "ca-hsbc",
  "855812": "ca-hsbc",
  "855813": "ca-hsbc",
  "855814": "ca-hsbc",
  "855815": "ca-hsbc",
  "855816": "ca-hsbc",
  "855817": "ca-hsbc",
  "855818": "ca-hsbc",
  "855819": "ca-hsbc",
  "855820": "ca-hsbc",
  "855821": "ca-hsbc",
  "855822": "ca-hsbc",
  "855823": "ca-hsbc",
  "855824": "ca-hsbc",
  "855825": "ca-hsbc",
  "855826": "ca-hsbc",
  "855827": "ca-hsbc",
  "855828": "ca-hsbc",
  "855829": "ca-hsbc",
  "855830": "ca-hsbc",
  "855831": "ca-hsbc",
  "855832": "ca-hsbc",
  "855833": "ca-hsbc",
  "855834": "ca-hsbc",
  "855835": "ca-hsbc",
  "855836": "ca-hsbc",
  "855837": "ca-hsbc",
  "855838": "ca-hsbc",
  "855839": "ca-hsbc",
  "855840": "ca-hsbc",
  "855841": "ca-hsbc",
  "855842": "ca-hsbc",
  "855843": "ca-hsbc",
  "855844": "ca-hsbc",
  "855845": "ca-hsbc",
  "855846": "ca-hsbc",
  "855847": "ca-hsbc",
  "855848": "ca-hsbc",
  "855849": "ca-hsbc",
  "855850": "ca-hsbc",
  "855851": "ca-hsbc",
  "855852": "ca-hsbc",
  "855853": "ca-hsbc",
  "855854": "ca-hsbc",
  "855855": "ca-hsbc",
  "855856": "ca-hsbc",
  "855857": "ca-hsbc",
  "855858": "ca-hsbc",
  "855859": "ca-hsbc",
  "855860": "ca-hsbc",
  "855861": "ca-hsbc",
  "855862": "ca-hsbc",
  "855863": "ca-hsbc",
  "855864": "ca-hsbc",
  "855865": "ca-hsbc",
  "855866": "ca-hsbc",
  "855867": "ca-hsbc",
  "855868": "ca-hsbc",
  "855869": "ca-hsbc",
  "855870": "ca-hsbc",
  "855871": "ca-hsbc",
  "855872": "ca-hsbc",
  "855873": "ca-hsbc",
  "855874": "ca-hsbc",
  "855875": "ca-hsbc",
  "855876": "ca-hsbc",
  "855877": "ca-hsbc",
  "855878": "ca-hsbc",
  "855879": "ca-hsbc",
  "855880": "ca-hsbc",
  "855881": "ca-hsbc",
  "855882": "ca-hsbc",
  "855883": "ca-hsbc",
  "855884": "ca-hsbc",
  "855885": "ca-hsbc",
  "855886": "ca-hsbc",
  "855887": "ca-hsbc",
  "855888": "ca-hsbc",
  "855889": "ca-hsbc",
  "855890": "ca-hsbc",
  "855891": "ca-hsbc",
  "855892": "ca-hsbc",
  "855893": "ca-hsbc",
  "855894": "ca-hsbc",
  "855895": "ca-hsbc",
  "855896": "ca-hsbc",
  "855897": "ca-hsbc",
  "855898": "ca-hsbc",
  "855899": "ca-hsbc",
  "855900": "ca-hsbc",
  "855901": "ca-hsbc",
  "855902": "ca-hsbc",
  "855903": "ca-hsbc",
  "855904": "ca-hsbc",
  "855905": "ca-hsbc",
  "855906": "ca-hsbc",
  "855907": "ca-hsbc",
  "855908": "ca-hsbc",
  "855909": "ca-hsbc",
  "855910": "ca-hsbc",
  "855911": "ca-hsbc",
  "855912": "ca-hsbc",
  "855913": "ca-hsbc",
  "855914": "ca-hsbc",
  "855915": "ca-hsbc",
  "855916": "ca-hsbc",
  "855917": "ca-hsbc",
  "855918": "ca-hsbc",
  "855919": "ca-hsbc",
  "855920": "ca-hsbc",
  "855921": "ca-hsbc",
  "855922": "ca-hsbc",
  "855923": "ca-hsbc",
  "855924": "ca-hsbc",
  "855925": "ca-hsbc",
  "855926": "ca-hsbc",
  "855927": "ca-hsbc",
  "855928": "ca-hsbc",
  "855929": "ca-hsbc",
  "855930": "ca-hsbc",
  "855931": "ca-hsbc",
  "855932": "ca-hsbc",
  "855933": "ca-hsbc",
  "855934": "ca-hsbc",
  "855935": "ca-hsbc",
  "855936": "ca-hsbc",
  "855937": "ca-hsbc",
  "855938": "ca-hsbc",
  "855939": "ca-hsbc",
  "855940": "ca-hsbc",
  "855941": "ca-hsbc",
  "855942": "ca-hsbc",
  "855943": "ca-hsbc",
  "855944": "ca-hsbc",
  "855945": "ca-hsbc",
  "855946": "ca-hsbc",
  "855947": "ca-hsbc",
  "855948": "ca-hsbc",
  "855949": "ca-hsbc",
  "855950": "ca-hsbc",
  "855951": "ca-hsbc",
  "855952": "ca-hsbc",
  "855953": "ca-hsbc",
  "855954": "ca-hsbc",
  "855955": "ca-hsbc",
  "855956": "ca-hsbc",
  "855957": "ca-hsbc",
  "855958": "ca-hsbc",
  "855959": "ca-hsbc",
  "855960": "ca-hsbc",
  "855961": "ca-hsbc",
  "855962": "ca-hsbc",
  "855963": "ca-hsbc",
  "855964": "ca-hsbc",
  "855965": "ca-hsbc",
  "855966": "ca-hsbc",
  "855967": "ca-hsbc",
  "855968": "ca-hsbc",
  "855969": "ca-hsbc",
  "855970": "ca-hsbc",
  "855971": "ca-hsbc",
  "855972": "ca-hsbc",
  "855973": "ca-hsbc",
  "855974": "ca-hsbc",
  "855975": "ca-hsbc",
  "855976": "ca-hsbc",
  "855977": "ca-hsbc",
  "855978": "ca-hsbc",
  "855979": "ca-hsbc",
  "855980": "ca-hsbc",
  "855981": "ca-hsbc",
  "855982": "ca-hsbc",
  "855983": "ca-hsbc",
  "855984": "ca-hsbc",
  "855985": "ca-hsbc",
  "855986": "ca-hsbc",
  "855987": "ca-hsbc",
  "855988": "ca-hsbc",
  "855989": "ca-hsbc",
  "855990": "ca-hsbc",
  "855991": "ca-hsbc",
  "855992": "ca-hsbc",
  "855993": "ca-hsbc",
  "855994": "ca-hsbc",
  "855995": "ca-hsbc",
  "855996": "ca-hsbc",
  "855997": "ca-hsbc",
  "855998": "ca-hsbc",
  "855999": "ca-hsbc"
}