{
  "400311": "it-intesa",
  "400312": "it-intesa",
  "400316": "it-carige",
  "400320": "it-intesa",
  "400321": "it-intesa",
  "400322": "it-intesa",
  "400324": "it-intesa",
  "400325": "it-bibanca",
  "400326": "it-unicredit",
  "400329": "it-bndl",
  "400330": "it-carige",
  "400331": "it-intesa",
  "400332": "it-intesa",
  "400333": "it-intesa",
  "400334": "it-intesa",
  "400335": "it-intesa",
  "401805": "it-unicredit",
  "401810": "it-unicredit",
  "401820": "it-unicredit",
  "402170": "it-intesa",
  "402360": "it-spa",
  "402361": "it-spa",
  "402547": "it-unicredit",
  "402574": "it-unicredit",
  "403025": "it-intesa",
  "403026": "it-intesa",
  "403027": "it-mdpds",
  "403028": "it-mdpds",
  "403029": "it-mdpds",
  "403030": "it-carige",
  "403031": "it-intesa",
  "403032": "it-intesa",
  "403033": "it-unicredit",
  "403035": "it-spa",
  "403089": "it-unicredit",
  "403549": "it-intesa",
  "403593": "it-mdpds",
  "403826": "it-unicredit",
  "404101": "it-mdpds",
  "405601": "it-mdpds",
  "406207": "it-intesa",
  "406314": "it-unicredit",
  "406390": "it-unicredit",
  "407464": "it-bibanca",
  "408700": "it-carige",
  "408970": "it-carige",
  "409925": "it-findomestic",
  "409926": "it-findomestic",
  "409927": "it-findomestic",
  "409928": "it-findomestic",
  "409929": "it-findomestic",
  "409930": "it-findomestic",
  "409931": "it-findomestic",
  "409932": "it-findomestic",
  "409933": "it-findomestic",
  "409934": "it-findomestic",
  "409964": "it-findomestic",
  "409965": "it-findomestic",
  "409977": "it-findomestic",
  "410666": "it-iccrea",
  "410823": "it-intesa",
  "411652": "it-bibanca",
  "411786": "it-bibanca",
  "411787": "it-bibanca",
  "411788": "it-bibanca",
  "411789": "it-bibanca",
  "412553": "it-intesa",
  "412554": "it-intesa",
  "413560": "it-findomestic",
  "413561": "it-findomestic",
  "413562": "it-findomestic",
  "413563": "it-findomestic",
  "413564": "it-findomestic",
  "413565": "it-findomestic",
  "413566": "it-findomestic",
  "413567": "it-findomestic",
  "413568": "it-findomestic",
  "413569": "it-findomestic",
  "415184": "it-carige",
  "415462": "it-intesa",
  "416027": "it-intesa",
  "416028": "it-intesa",
  "416029": "it-intesa",
  "416364": "it-intesa",
  "417257": "it-unicredit",
  "417357": "it-bibanca",
  "417631": "it-spa",
  "418664": "it-bndl",
  "418676": "it-bndl",
  "418677": "it-bndl",
  "418841": "it-bibanca",
  "418874": "it-bibanca",
  "419345": "it-mdpds",
  "419346": "it-mdpds",
  "419347": "it-mdpds",
  "419348": "it-mdpds",
  "420208": "it-unicredit",
  "420360": "it-spa",
  "423121": "it-unicredit",
  "423128": "it-spa",
  "423248": "it-intesa",
  "424970": "it-intesa",
  "425711": "it-bndl",
  "426389": "it-intesa",
  "427341": "it-mdpds",
  "427376": "it-unicredit",
  "427380": "it-unicredit",
  "428988": "it-bndl",
  "428994": "it-iccrea",
  "428999": "it-iccrea",
  "429563": "it-intesa",
  "429765": "it-bndl",
  "430159": "it-unicredit",
  "430510": "it-intesa",
  "432610": "it-bibanca",
  "434322": "it-unicredit",
  "434495": "it-intesa",
  "434994": "it-intesa",
  "437863": "it-intesa",
  "438152": "it-unicredit",
  "438153": "it-unicredit",
  "438284": "it-intesa",
  "440769": "it-intesa",
  "440797": "it-intesa",
  "447149": "it-intesa",
  "451184": "it-intesa",
  "455561": "it-bndl",
  "455574": "it-bndl",
  "455776": "it-bndl",
  "455777": "it-bndl",
  "456335": "it-bndl",
  "456364": "it-bndl",
  "456542": "it-iccrea",
  "458179": "it-mdpds",
  "459025": "it-unicredit",
  "459422": "it-unicredit",
  "459489": "it-unicredit",
  "459812": "it-mdpds",
  "459819": "it-mdpds",
  "459822": "it-mdpds",
  "459825": "it-mdpds",
  "459831": "it-mdpds",
  "459911": "it-intesa",
  "464414": "it-mdpds",
  "464415": "it-mdpds",
  "464971": "it-mdpds",
  "468762": "it-unicredit",
  "474177": "it-intesa",
  "474178": "it-intesa",
  "474180": "it-intesa",
  "474181": "it-intesa",
  "476615": "it-intesa",
  "477985": "it-carige",
  "482498": "it-unicredit",
  "483051": "it-mdpds",
  "483054": "it-intesa",
  "483843": "it-intesa",
  "485067": "it-spa",
  "486379": "it-unicredit",
  "486420": "it-intesa",
  "486470": "it-iccrea",
  "486471": "it-iccrea",
  "486474": "it-bndl",
  "487700": "it-carige",
  "487701": "it-unicredit",
  "487702": "it-bibanca",
  "487703": "it-unicredit",
  "487704": "it-unicredit",
  "487705": "it-unicredit",
  "487709": "it-iccrea",
  "487712": "it-carige",
  "487713": "it-carige",
  "487714": "it-carige",
  "487715": "it-carige",
  "487716": "it-unicredit",
  "487718": "it-mdpds",
  "487719": "it-mdpds",
  "487723": "it-carige",
  "489452": "it-carige",
  "489460": "it-carige",
  "489461": "it-carige",
  "489462": "it-carige",
  "489463": "it-carige",
  "489464": "it-carige",
  "490822": "it-unicredit",
  "490824": "it-intesa",
  "490825": "it-intesa",
  "491692": "it-intesa",
  "491693": "it-intesa",
  "491694": "it-intesa",
  "491780": "it-mdpds",
  "492297": "it-intesa",
  "492298": "it-intesa",
  "494330": "it-intesa",
  "494331": "it-intesa",
  "498777": "it-bibanca",
  "499807": "it-bibanca",
  "499813": "it-iccrea",
  "510171": "it-iccrea",
  "510185": "it-mdpds",
  "510247": "it-unicredit",
  "510248": "it-carige",
  "512479": "it-bndl",
  "512697": "it-unicredit",
  "513099": "it-bndl",
  "515888": "it-intesa",
  "516109": "it-intesa",
  "516499": "it-iccrea",
  "516795": "it-intesa",
  "517336": "it-findomestic",
  "517504": "it-mdpds",
  "517515": "it-mdpds",
  "518489": "it-intesa",
  "518527": "it-iccrea",
  "518962": "it-unicredit",
  "520330": "it-findomestic",
  "520669": "it-findomestic",
  "520678": "it-unicredit",
  "520942": "it-bibanca",
  "520958": "it-findomestic",
  "520959": "it-findomestic",
  "520960": "it-findomestic",
  "520989": "it-bibanca",
  "521808": "it-unicredit",
  "521883": "it-unicredit",
  "522069": "it-mdpds",
  "522071": "it-mdpds",
  "522675": "it-iccrea",
  "522680": "it-findomestic",
  "522689": "it-findomestic",
  "522694": "it-iccrea",
  "522701": "it-bndl",
  "522742": "it-unicredit",
  "524626": "it-bndl",
  "524632": "it-bndl",
  "525417": "it-findomestic",
  "525418": "it-findomestic",
  "525497": "it-unicredit",
  "525499": "it-unicredit",
  "525504": "it-intesa",
  "525505": "it-intesa",
  "525506": "it-intesa",
  "525507": "it-intesa",
  "525508": "it-intesa",
  "525509": "it-intesa",
  "525510": "it-intesa",
  "525511": "it-intesa",
  "525512": "it-intesa",
  "525513": "it-intesa",
  "525514": "it-intesa",
  "525515": "it-intesa",
  "525516": "it-intesa",
  "525517": "it-intesa",
  "525518": "it-intesa",
  "525519": "it-intesa",
  "525520": "it-intesa",
  "525521": "it-intesa",
  "525522": "it-intesa",
  "525523": "it-intesa",
  "525524": "it-intesa",
  "525525": "it-intesa",
  "525526": "it-intesa",
  "525527": "it-intesa",
  "525528": "it-intesa",
  "525529": "it-intesa",
  "525530": "it-intesa",
  "525531": "it-intesa",
  "525532": "it-intesa",
  "525533": "it-intesa",
  "525534": "it-intesa",
  "525535": "it-intesa",
  "525536": "it-intesa",
  "525537": "it-intesa",
  "525538": "it-intesa",
  "525539": "it-intesa",
  "525545": "it-intesa",
  "525546": "it-intesa",
  "525547": "it-intesa",
  "525548": "it-intesa",
  "525552": "it-intesa",
  "525553": "it-intesa",
  "525554": "it-intesa",
  "525555": "it-intesa",
  "525556": "it-intesa",
  "525557": "it-intesa",
  "525558": "it-intesa",
  "525559": "it-intesa",
  "525560": "it-intesa",
  "525561": "it-intesa",
  "525562": "it-intesa",
  "525563": "it-intesa",
  "525564": "it-intesa",
  "525565": "it-intesa",
  "525566": "it-intesa",
  "525567": "it-intesa",
  "525568": "it-intesa",
  "525569": "it-intesa",
  "525571": "it-intesa",
  "525572": "it-intesa",
  "525573": "it-intesa",
  "525575": "it-intesa",
  "525576": "it-intesa",
  "525577": "it-intesa",
  "525578": "it-intesa",
  "525579": "it-intesa",
  "525580": "it-intesa",
  "525581": "it-intesa",
  "525582": "it-intesa",
  "525583": "it-intesa",
  "525584": "it-intesa",
  "525585": "it-intesa",
  "525595": "it-intesa",
  "525596": "it-intesa",
  "525597": "it-intesa",
  "525598": "it-intesa",
  "525599": "it-intesa",
  "525610": "it-unicredit",
  "525620": "it-unicredit",
  "525621": "it-bibanca",
  "525624": "it-unicredit",
  "526430": "it-unicredit",
  "526492": "it-unicredit",
  "526736": "it-bibanca",
  "526817": "it-mdpds",
  "527343": "it-iccrea",
  "528287": "it-iccrea",
  "528914": "it-intesa",
  "529410": "it-unicredit",
  "529886": "it-iccrea",
  "529911": "it-unicredit",
  "529920": "it-bndl",
  "529948": "it-spa",
  "530404": "it-bibanca",
  "530514": "it-intesa",
  "531247": "it-unicredit",
  "531248": "it-iccrea",
  "531346": "it-spa",
  "531414": "it-intesa",
  "531839": "it-unicredit",
  "531949": "it-unicredit",
  "533018": "it-intesa",
  "533203": "it-intesa",
  "533317": "it-spa",
  "533870": "it-spa",
  "533883": "it-intesa",
  "534121": "it-mdpds",
  "534122": "it-mdpds",
  "534207": "it-intesa",
  "534223": "it-iccrea",
  "534413": "it-unicredit",
  "534509": "it-bibanca",
  "534685": "it-spa",
  "535314": "it-unicredit",
  "535382": "it-unicredit",
  "535476": "it-spa",
  "535477": "it-spa",
  "535552": "it-unicredit",
  "535570": "it-mdpds",
  "535613": "it-unicredit",
  "536414": "it-spa",
  "537776": "it-bndl",
  "539665": "it-bndl",
  "539701": "it-unicredit",
  "539832": "it-intesa",
  "539964": "it-mdpds",
  "539965": "it-mdpds",
  "539966": "it-mdpds",
  "540003": "it-bpm",
  "540005": "it-bpm",
  "540027": "it-bpm",
  "540028": "it-bpm",
  "540033": "it-bpm",
  "540047": "it-bpm",
  "540056": "it-bpm",
  "540058": "it-bpm",
  "540117": "it-bndl",
  "540700": "it-bndl",
  "540706": "it-bndl",
  "541061": "it-intesa",
  "541155": "it-intesa",
  "541265": "it-intesa",
  "541869": "it-intesa",
  "542216": "it-unicredit",
  "542284": "it-unicredit",
  "542763": "it-intesa",
  "543013": "it-bndl",
  "543079": "it-bndl",
  "543409": "it-intesa",
  "543785": "it-intesa",
  "543826": "it-intesa",
  "544364": "it-iccrea",
  "545035": "it-intesa",
  "546010": "it-unicredit",
  "546301": "it-unicredit",
  "546330": "it-unicredit",
  "546980": "it-findomestic",
  "546981": "it-findomestic",
  "546982": "it-findomestic",
  "546983": "it-findomestic",
  "546984": "it-findomestic",
  "546985": "it-findomestic",
  "546986": "it-findomestic",
  "546987": "it-findomestic",
  "546988": "it-findomestic",
  "546989": "it-findomestic",
  "547126": "it-spa",
  "547485": "it-intesa",
  "547612": "it-unicredit",
  "547654": "it-iccrea",
  "548103": "it-intesa",
  "548570": "it-findomestic",
  "548605": "it-findomestic",
  "548660": "it-findomestic",
  "548661": "it-findomestic",
  "548662": "it-findomestic",
  "548663": "it-findomestic",
  "548664": "it-findomestic",
  "548665": "it-findomestic",
  "548666": "it-findomestic",
  "548667": "it-findomestic",
  "548668": "it-findomestic",
  "548669": "it-findomestic",
  "548687": "it-bndl",
  "549547": "it-mdpds",
  "549548": "it-mdpds",
  "549817": "it-unicredit",
  "550075": "it-unicredit",
  "552615": "it-unicredit",
  "552641": "it-unicredit",
  "552651": "it-unicredit",
  "552660": "it-unicredit",
  "552686": "it-intesa",
  "552872": "it-intesa",
  "552963": "it-bibanca",
  "553059": "it-mdpds",
  "553389": "it-intesa",
  "553535": "it-iccrea",
  "554732": "it-unicredit",
  "554811": "it-spa",
  "556040": "it-intesa",
  "556688": "it-bibanca",
  "558257": "it-intesa",
  "558278": "it-iccrea",
  "558606": "it-unicredit",
  "558626": "it-unicredit",
  "558639": "it-unicredit",
  "559457": "it-spa",
  "581149": "it-bndl",
  "588602": "it-spa",
  "670999": "it-iccrea",
  "671138": "it-spa",
  "674301": "it-unicredit",
  "674302": "it-unicredit",
  "674304": "it-unicredit",
  "674305": "it-unicredit",
  "674376": "it-intesa",
  "674392": "it-unicredit",
  "674393": "it-intesa",
  "674396": "it-unicredit",
  "674442": "it-intesa",
  "674452": "it-intesa",
  "674487": "it-unicredit",
  "674496": "it-unicredit",
  "674557": "it-intesa",
  "674563": "it-unicredit",
  "674575": "it-unicredit",
  "674609": "it-unicredit",
  "674636": "it-unicredit",
  "674715": "it-mdpds",
  "674742": "it-unicredit",
  "676210": "it-intesa",
  "676211": "it-intesa",
  "676451": "it-unicredit",
  "676813": "it-unicredit",
  "676880": "it-findomestic",
  "676892": "it-iccrea",
  "677012": "it-unicredit",
  "677035": "it-spa",
  "677294": "it-intesa",
  "677295": "it-intesa",
  "677296": "it-intesa",
  "677298": "it-intesa",
  "677299": "it-intesa",
  "677300": "it-intesa",
  "677355": "it-unicredit",
  "679072": "it-bndl"
}