{
  "308507": "es-caixa-bank",
  "340205": "es-sabadell",
  "371004": "es-santander",
  "371005": "es-santander",
  "377617": "es-santander",
  "377618": "es-bbva",
  "377619": "es-bankia",
  "377620": "es-bbva",
  "377623": "es-santander",
  "377637": "es-bankia",
  "377685": "es-santander",
  "379927": "es-sabadell",
  "379928": "es-sabadell",
  "400131": "es-bankinter",
  "400293": "es-bankinter",
  "400740": "es-caixa-bank",
  "400741": "es-caixa-bank",
  "400882": "es-bankinter",
  "400885": "es-bbva",
  "401727": "es-bankia",
  "401814": "es-cooperativo",
  "401835": "es-cooperativo",
  "401836": "es-cooperativo",
  "401851": "es-cooperativo",
  "401852": "es-cooperativo",
  "401853": "es-cooperativo",
  "402002": "es-cooperativo",
  "402008": "es-sabadell",
  "402026": "es-cooperativo",
  "402027": "es-cooperativo",
  "402040": "es-caixa-bank",
  "402127": "es-bankia",
  "402128": "es-bankia",
  "402157": "es-cooperativo",
  "402195": "es-bankia",
  "402294": "es-kutxa",
  "402295": "es-kutxa",
  "402519": "es-ibercaja",
  "402528": "es-kutxa",
  "402941": "es-cooperativo",
  "402972": "es-ibercaja",
  "402973": "es-ibercaja",
  "403051": "es-caixa-bank",
  "403056": "es-cooperativo",
  "403169": "es-bbva",
  "403224": "es-bankia",
  "403430": "es-sabadell",
  "403519": "es-bbva",
  "403526": "es-cooperativo",
  "403566": "es-sabadell",
  "403567": "es-bbva",
  "403568": "es-bbva",
  "403569": "es-bbva",
  "403617": "es-cooperativo",
  "403642": "es-bbva",
  "403651": "es-cooperativo",
  "403665": "es-sabadell",
  "403669": "es-sabadell",
  "403886": "es-bbva",
  "403887": "es-cooperativo",
  "404102": "es-cooperativo",
  "404105": "es-cooperativo",
  "404107": "es-cooperativo",
  "404134": "es-bbva",
  "404250": "es-bbva",
  "404348": "es-caixa-bank",
  "404367": "es-bankia",
  "404386": "es-bankia",
  "404387": "es-bankia",
  "404700": "es-caixa-bank",
  "404779": "es-ibercaja",
  "405217": "es-cooperativo",
  "405382": "es-cooperativo",
  "405488": "es-santander",
  "405614": "es-bbva",
  "405615": "es-bbva",
  "405858": "es-caixa-bank",
  "405859": "es-caixa-bank",
  "406034": "es-bbva",
  "406036": "es-bbva",
  "406037": "es-bbva",
  "406099": "es-caixa-bank",
  "406108": "es-bbva",
  "406204": "es-bankia",
  "406205": "es-bankia",
  "406309": "es-cooperativo",
  "406694": "es-santander",
  "407242": "es-liberbank",
  "407348": "es-santander",
  "407349": "es-santander",
  "407351": "es-santander",
  "407353": "es-santander",
  "407354": "es-wizink",
  "408464": "es-caixa-bank",
  "408574": "es-cooperativo",
  "408595": "es-cooperativo",
  "408596": "es-wizink",
  "408805": "es-bbva",
  "408830": "es-bbva",
  "409013": "es-caixa-bank",
  "409014": "es-caixa-bank",
  "409015": "es-bbva",
  "409016": "es-bbva",
  "409017": "es-bbva",
  "409019": "es-bbva",
  "409102": "es-santander",
  "409104": "es-santander",
  "409106": "es-santander",
  "409108": "es-santander",
  "409315": "es-cooperativo",
  "409317": "es-ibercaja",
  "409652": "es-bankinter",
  "409722": "es-caixa-bank",
  "409748": "es-caixa-bank",
  "409775": "es-caixa-bank",
  "410174": "es-ibercaja",
  "410186": "es-bbva",
  "410216": "es-santander",
  "410217": "es-santander",
  "410218": "es-santander",
  "410219": "es-santander",
  "410220": "es-santander",
  "410221": "es-santander",
  "410625": "es-sabadell",
  "410626": "es-sabadell",
  "410627": "es-sabadell",
  "410628": "es-sabadell",
  "410629": "es-sabadell",
  "410640": "es-sabadell",
  "410641": "es-sabadell",
  "410642": "es-sabadell",
  "410643": "es-sabadell",
  "410658": "es-kutxa",
  "410667": "es-santander",
  "410771": "es-ibercaja",
  "410774": "es-bankia",
  "411173": "es-liberbank",
  "411882": "es-ibercaja",
  "411912": "es-bankia",
  "412568": "es-liberbank",
  "412569": "es-liberbank",
  "412614": "es-cooperativo",
  "412911": "es-wizink",
  "413227": "es-bankia",
  "413381": "es-cooperativo",
  "413749": "es-bbva",
  "413784": "es-caixa-bank",
  "414074": "es-cooperativo",
  "414612": "es-sabadell",
  "414620": "es-bbva",
  "414639": "es-sabadell",
  "414938": "es-ibercaja",
  "415014": "es-bbva",
  "415177": "es-cooperativo",
  "415255": "es-bbva",
  "415448": "es-cooperativo",
  "415466": "es-cooperativo",
  "415513": "es-cooperativo",
  "415547": "es-sabadell",
  "415550": "es-cooperativo",
  "415777": "es-bankia",
  "415923": "es-cooperativo",
  "415925": "es-bbva",
  "415936": "es-caixa-bank",
  "415941": "es-santander",
  "415942": "es-santander",
  "415943": "es-santander",
  "415944": "es-santander",
  "415945": "es-santander",
  "415949": "es-santander",
  "415951": "es-santander",
  "415952": "es-santander",
  "415966": "es-caixa-bank",
  "415971": "es-cooperativo",
  "415972": "es-cooperativo",
  "415989": "es-cooperativo",
  "415990": "es-cooperativo",
  "415991": "es-cooperativo",
  "416043": "es-cooperativo",
  "416056": "es-bankinter",
  "416062": "es-cooperativo",
  "416063": "es-cooperativo",
  "416081": "es-caixa-bank",
  "417474": "es-kutxa",
  "417641": "es-santander",
  "417659": "es-bbva",
  "417722": "es-bankia",
  "417750": "es-bankia",
  "417781": "es-sabadell",
  "417837": "es-sabadell",
  "417838": "es-sabadell",
  "418820": "es-bbva",
  "418821": "es-ibercaja",
  "418862": "es-santander",
  "419021": "es-cooperativo",
  "419239": "es-caixa-bank",
  "419240": "es-caixa-bank",
  "419414": "es-sabadell",
  "419418": "es-sabadell",
  "420559": "es-santander",
  "421101": "es-ibercaja",
  "421109": "es-bankia",
  "421110": "es-bankia",
  "421306": "es-bankia",
  "421802": "es-bbva",
  "421803": "es-bbva",
  "422403": "es-liberbank",
  "422408": "es-caixa-bank",
  "422870": "es-cooperativo",
  "422871": "es-cooperativo",
  "422872": "es-cooperativo",
  "422944": "es-sabadell",
  "422958": "es-kutxa",
  "423126": "es-bankinter",
  "423376": "es-caixa-bank",
  "423647": "es-santander",
  "423699": "es-santander",
  "423701": "es-cooperativo",
  "423702": "es-cooperativo",
  "423715": "es-santander",
  "423717": "es-sabadell",
  "423735": "es-wizink",
  "423736": "es-wizink",
  "423844": "es-caixa-bank",
  "423847": "es-liberbank",
  "423856": "es-caixa-bank",
  "423871": "es-caixa-bank",
  "423872": "es-kutxa",
  "424114": "es-santander",
  "424119": "es-santander",
  "424330": "es-caixa-bank",
  "424455": "es-bbva",
  "424456": "es-bbva",
  "424586": "es-bankia",
  "424588": "es-bankia",
  "424589": "es-bankia",
  "424599": "es-bankia",
  "424696": "es-santander",
  "425549": "es-wizink",
  "425555": "es-santander",
  "425566": "es-bankinter",
  "425567": "es-santander",
  "425724": "es-bbva",
  "425725": "es-bbva",
  "425734": "es-santander",
  "425735": "es-santander",
  "425736": "es-santander",
  "425737": "es-santander",
  "425738": "es-santander",
  "425739": "es-santander",
  "425740": "es-santander",
  "425741": "es-santander",
  "425742": "es-santander",
  "425743": "es-santander",
  "425744": "es-santander",
  "425745": "es-santander",
  "425746": "es-caixa-bank",
  "425747": "es-caixa-bank",
  "425976": "es-santander",
  "425977": "es-caixa-bank",
  "425978": "es-caixa-bank",
  "426064": "es-caixa-bank",
  "426204": "es-cooperativo",
  "426221": "es-santander",
  "426222": "es-santander",
  "426301": "es-caixa-bank",
  "426302": "es-caixa-bank",
  "426384": "es-cooperativo",
  "426385": "es-cooperativo",
  "426386": "es-cooperativo",
  "427306": "es-bbva",
  "427338": "es-bbva",
  "427339": "es-bbva",
  "427353": "es-caixa-bank",
  "427354": "es-caixa-bank",
  "427355": "es-caixa-bank",
  "427364": "es-sabadell",
  "427367": "es-caixa-bank",
  "427368": "es-caixa-bank",
  "427369": "es-caixa-bank",
  "427730": "es-bankinter",
  "427777": "es-bankinter",
  "427778": "es-sabadell",
  "427779": "es-sabadell",
  "427780": "es-santander",
  "427781": "es-santander",
  "427782": "es-santander",
  "427783": "es-santander",
  "427784": "es-santander",
  "427785": "es-santander",
  "427786": "es-santander",
  "427787": "es-santander",
  "427788": "es-santander",
  "427789": "es-santander",
  "427790": "es-santander",
  "427791": "es-santander",
  "427854": "es-santander",
  "427855": "es-santander",
  "427869": "es-kutxa",
  "427878": "es-bankia",
  "428283": "es-ibercaja",
  "428284": "es-liberbank",
  "428916": "es-caixa-bank",
  "428985": "es-bankinter",
  "429094": "es-bankia",
  "429480": "es-caixa-bank",
  "429481": "es-caixa-bank",
  "429529": "es-bbva",
  "429557": "es-caixa-bank",
  "429570": "es-ibercaja",
  "429739": "es-caixa-bank",
  "429776": "es-santander",
  "429948": "es-caixa-bank",
  "430503": "es-bbva",
  "430504": "es-bbva",
  "430564": "es-cooperativo",
  "430578": "es-cooperativo",
  "430580": "es-cooperativo",
  "430581": "es-cooperativo",
  "430583": "es-cooperativo",
  "430584": "es-cooperativo",
  "432051": "es-liberbank",
  "432052": "es-bbva",
  "432053": "es-bbva",
  "432073": "es-bbva",
  "432126": "es-santander",
  "432127": "es-santander",
  "432128": "es-santander",
  "432129": "es-santander",
  "432177": "es-bankia",
  "432264": "es-caixa-bank",
  "432265": "es-caixa-bank",
  "432499": "es-kutxa",
  "432801": "es-ibercaja",
  "432813": "es-liberbank",
  "433967": "es-caixa-bank",
  "434103": "es-bbva",
  "434104": "es-bbva",
  "434357": "es-bbva",
  "434358": "es-bbva",
  "434387": "es-bbva",
  "434388": "es-bbva",
  "435658": "es-bankia",
  "435659": "es-bankia",
  "435690": "es-bankia",
  "435691": "es-bankia",
  "437917": "es-caixa-bank",
  "437938": "es-sabadell",
  "437940": "es-sabadell",
  "438346": "es-bankia",
  "438347": "es-bankia",
  "438379": "es-caixa-bank",
  "438380": "es-caixa-bank",
  "438381": "es-caixa-bank",
  "438382": "es-caixa-bank",
  "438725": "es-bbva",
  "439356": "es-liberbank",
  "440277": "es-cooperativo",
  "440281": "es-cooperativo",
  "440612": "es-bbva",
  "440708": "es-bankia",
  "440723": "es-sabadell",
  "440736": "es-caixa-bank",
  "440745": "es-bbva",
  "440763": "es-caixa-bank",
  "440764": "es-caixa-bank",
  "440777": "es-bbva",
  "440780": "es-sabadell",
  "441082": "es-ibercaja",
  "441208": "es-bbva",
  "443513": "es-cooperativo",
  "444468": "es-caixa-bank",
  "444961": "es-santander",
  "444989": "es-santander",
  "444990": "es-santander",
  "445001": "es-bankinter",
  "445002": "es-bankinter",
  "445003": "es-bankinter",
  "445924": "es-kutxa",
  "445927": "es-ibercaja",
  "445947": "es-bbva",
  "446149": "es-wizink",
  "446264": "es-bbva",
  "447138": "es-caixa-bank",
  "447343": "es-santander",
  "447345": "es-santander",
  "447347": "es-santander",
  "447349": "es-santander",
  "447350": "es-wizink",
  "447351": "es-santander",
  "447540": "es-ibercaja",
  "447545": "es-caixa-bank",
  "448359": "es-sabadell",
  "448522": "es-bbva",
  "448541": "es-caixa-bank",
  "449338": "es-caixa-bank",
  "449343": "es-caixa-bank",
  "449347": "es-santander",
  "449357": "es-sabadell",
  "449358": "es-cooperativo",
  "449368": "es-cooperativo",
  "450011": "es-santander",
  "450608": "es-caixa-bank",
  "450611": "es-kutxa",
  "450619": "es-bankinter",
  "450622": "es-bbva",
  "450625": "es-bankia",
  "450658": "es-santander",
  "450703": "es-santander",
  "450709": "es-liberbank",
  "450725": "es-caixa-bank",
  "450774": "es-cooperativo",
  "450782": "es-santander",
  "450793": "es-santander",
  "450794": "es-santander",
  "450795": "es-santander",
  "450797": "es-bbva",
  "450804": "es-caixa-bank",
  "450808": "es-caixa-bank",
  "450816": "es-caixa-bank",
  "450817": "es-bankia",
  "450845": "es-bbva",
  "450850": "es-caixa-bank",
  "450853": "es-cooperativo",
  "450863": "es-santander",
  "450871": "es-liberbank",
  "450887": "es-caixa-bank",
  "450892": "es-bbva",
  "450894": "es-bankia",
  "450895": "es-ibercaja",
  "450928": "es-cooperativo",
  "450943": "es-cooperativo",
  "450944": "es-ibercaja",
  "450945": "es-ibercaja",
  "450946": "es-caixa-bank",
  "450992": "es-cooperativo",
  "451126": "es-santander",
  "451127": "es-santander",
  "452537": "es-santander",
  "453200": "es-cooperativo",
  "453203": "es-bbva",
  "453940": "es-cooperativo",
  "453941": "es-cooperativo",
  "453942": "es-cooperativo",
  "453944": "es-cooperativo",
  "453945": "es-cooperativo",
  "453947": "es-wizink",
  "453948": "es-cooperativo",
  "453949": "es-cooperativo",
  "453957": "es-bbva",
  "453959": "es-sabadell",
  "453965": "es-bankia",
  "453968": "es-liberbank",
  "453973": "es-bbva",
  "453988": "es-bankinter",
  "453989": "es-bankia",
  "453990": "es-caixa-bank",
  "454058": "es-kutxa",
  "454059": "es-kutxa",
  "454302": "es-bankinter",
  "454322": "es-santander",
  "454338": "es-bbva",
  "454339": "es-bbva",
  "454351": "es-cooperativo",
  "454352": "es-cooperativo",
  "454353": "es-cooperativo",
  "454354": "es-cooperativo",
  "454355": "es-cooperativo",
  "454357": "es-santander",
  "454405": "es-santander",
  "454423": "es-bbva",
  "454476": "es-santander",
  "454610": "es-cooperativo",
  "454616": "es-santander",
  "454635": "es-cooperativo",
  "454637": "es-sabadell",
  "454653": "es-santander",
  "454655": "es-sabadell",
  "454656": "es-cooperativo",
  "454662": "es-cooperativo",
  "454685": "es-cooperativo",
  "454696": "es-cooperativo",
  "454697": "es-cooperativo",
  "454716": "es-santander",
  "454717": "es-santander",
  "454761": "es-sabadell",
  "454771": "es-bbva",
  "454802": "es-bbva",
  "454803": "es-caixa-bank",
  "454804": "es-sabadell",
  "454808": "es-bbva",
  "454809": "es-bbva",
  "454811": "es-sabadell",
  "454822": "es-kutxa",
  "454841": "es-santander",
  "454880": "es-bbva",
  "454885": "es-caixa-bank",
  "454895": "es-wizink",
  "455098": "es-bbva",
  "455099": "es-bbva",
  "455163": "es-bbva",
  "455210": "es-santander",
  "455212": "es-santander",
  "455213": "es-santander",
  "455215": "es-santander",
  "455218": "es-bbva",
  "455223": "es-bbva",
  "455224": "es-bbva",
  "455233": "es-kutxa",
  "455245": "es-liberbank",
  "455251": "es-bankia",
  "455252": "es-liberbank",
  "455253": "es-liberbank",
  "455261": "es-caixa-bank",
  "455267": "es-liberbank",
  "455276": "es-cooperativo",
  "455297": "es-cooperativo",
  "455375": "es-bbva",
  "455382": "es-bbva",
  "455383": "es-bbva",
  "455646": "es-caixa-bank",
  "455654": "es-bbva",
  "455655": "es-bbva",
  "455719": "es-bankia",
  "455720": "es-bankia",
  "455721": "es-cooperativo",
  "455748": "es-cooperativo",
  "455750": "es-cooperativo",
  "455751": "es-cooperativo",
  "455760": "es-bbva",
  "455766": "es-cooperativo",
  "455772": "es-sabadell",
  "455773": "es-cooperativo",
  "455774": "es-cooperativo",
  "455775": "es-cooperativo",
  "456068": "es-caixa-bank",
  "456071": "es-bbva",
  "456076": "es-bbva",
  "456082": "es-bbva",
  "456341": "es-bankia",
  "456356": "es-bbva",
  "456374": "es-ibercaja",
  "456499": "es-bbva",
  "456501": "es-bbva",
  "456503": "es-bbva",
  "456811": "es-bankinter",
  "456812": "es-bankinter",
  "456813": "es-cooperativo",
  "456819": "es-cooperativo",
  "456839": "es-ibercaja",
  "456840": "es-cooperativo",
  "456841": "es-cooperativo",
  "456842": "es-sabadell",
  "456843": "es-cooperativo",
  "456885": "es-cooperativo",
  "456886": "es-cooperativo",
  "457040": "es-sabadell",
  "457063": "es-caixa-bank",
  "457246": "es-caixa-bank",
  "457247": "es-caixa-bank",
  "457248": "es-caixa-bank",
  "458072": "es-caixa-bank",
  "458073": "es-caixa-bank",
  "458074": "es-caixa-bank",
  "458075": "es-caixa-bank",
  "459074": "es-bbva",
  "459076": "es-ibercaja",
  "459269": "es-santander",
  "459409": "es-caixa-bank",
  "459418": "es-bbva",
  "459564": "es-caixa-bank",
  "459908": "es-bankia",
  "459917": "es-bbva",
  "459926": "es-sabadell",
  "459956": "es-cooperativo",
  "459957": "es-cooperativo",
  "459958": "es-bbva",
  "459959": "es-cooperativo",
  "459960": "es-ibercaja",
  "459961": "es-cooperativo",
  "459962": "es-cooperativo",
  "459963": "es-cooperativo",
  "459964": "es-cooperativo",
  "459965": "es-cooperativo",
  "459966": "es-cooperativo",
  "459967": "es-cooperativo",
  "459968": "es-cooperativo",
  "459971": "es-cooperativo",
  "459972": "es-cooperativo",
  "459976": "es-liberbank",
  "459977": "es-liberbank",
  "459979": "es-cooperativo",
  "459980": "es-cooperativo",
  "459981": "es-cooperativo",
  "459983": "es-cooperativo",
  "459984": "es-cooperativo",
  "459985": "es-caixa-bank",
  "459988": "es-bankia",
  "459990": "es-bankia",
  "459991": "es-cooperativo",
  "459995": "es-bankia",
  "459996": "es-caixa-bank",
  "459997": "es-caixa-bank",
  "459998": "es-cooperativo",
  "459999": "es-bbva",
  "460067": "es-bbva",
  "460320": "es-bankia",
  "460321": "es-bankia",
  "460322": "es-bankia",
  "460332": "es-bbva",
  "460338": "es-cooperativo",
  "460348": "es-sabadell",
  "462743": "es-bbva",
  "462744": "es-bbva",
  "462745": "es-bbva",
  "462748": "es-ibercaja",
  "462759": "es-santander",
  "463222": "es-bbva",
  "465572": "es-bbva",
  "465584": "es-cooperativo",
  "465586": "es-sabadell",
  "465805": "es-santander",
  "465806": "es-wizink",
  "465807": "es-wizink",
  "465808": "es-santander",
  "465809": "es-wizink",
  "465810": "es-wizink",
  "465811": "es-wizink",
  "465812": "es-wizink",
  "465813": "es-wizink",
  "465954": "es-cooperativo",
  "467019": "es-cooperativo",
  "467021": "es-caixa-bank",
  "467199": "es-ibercaja",
  "467291": "es-ibercaja",
  "467483": "es-cooperativo",
  "467484": "es-cooperativo",
  "469882": "es-bbva",
  "469883": "es-bbva",
  "469885": "es-bbva",
  "473131": "es-cooperativo",
  "474364": "es-wizink",
  "474365": "es-wizink",
  "474366": "es-santander",
  "474367": "es-santander",
  "474368": "es-santander",
  "474369": "es-santander",
  "475534": "es-santander",
  "475535": "es-cooperativo",
  "475537": "es-cooperativo",
  "476040": "es-wizink",
  "476054": "es-santander",
  "476055": "es-santander",
  "476056": "es-santander",
  "476057": "es-santander",
  "476058": "es-santander",
  "476059": "es-santander",
  "476663": "es-caixa-bank",
  "476664": "es-caixa-bank",
  "476665": "es-caixa-bank",
  "477107": "es-sabadell",
  "477547": "es-wizink",
  "477599": "es-bbva",
  "477905": "es-cooperativo",
  "477906": "es-cooperativo",
  "477907": "es-ibercaja",
  "477956": "es-cooperativo",
  "477957": "es-cooperativo",
  "477979": "es-bbva",
  "478282": "es-bbva",
  "479186": "es-bankinter",
  "479187": "es-bankinter",
  "479188": "es-cooperativo",
  "479255": "es-cooperativo",
  "479256": "es-cooperativo",
  "479258": "es-bbva",
  "479259": "es-bbva",
  "479260": "es-bbva",
  "479261": "es-bankia",
  "479264": "es-cooperativo",
  "479265": "es-cooperativo",
  "479266": "es-caixa-bank",
  "479267": "es-cooperativo",
  "479268": "es-sabadell",
  "479278": "es-sabadell",
  "479279": "es-cooperativo",
  "479280": "es-cooperativo",
  "479296": "es-ibercaja",
  "479297": "es-cooperativo",
  "479991": "es-bbva",
  "480028": "es-caixa-bank",
  "480031": "es-caixa-bank",
  "480032": "es-caixa-bank",
  "480034": "es-caixa-bank",
  "480035": "es-caixa-bank",
  "480037": "es-caixa-bank",
  "480040": "es-caixa-bank",
  "480043": "es-caixa-bank",
  "480045": "es-caixa-bank",
  "480047": "es-caixa-bank",
  "480050": "es-bbva",
  "480054": "es-caixa-bank",
  "480057": "es-bbva",
  "480135": "es-kutxa",
  "480136": "es-kutxa",
  "480401": "es-bbva",
  "480436": "es-bbva",
  "480937": "es-cooperativo",
  "480943": "es-bbva",
  "480945": "es-caixa-bank",
  "483680": "es-santander",
  "483681": "es-wizink",
  "483774": "es-bankinter",
  "483775": "es-bankinter",
  "485448": "es-kutxa",
  "485607": "es-bbva",
  "485658": "es-santander",
  "485659": "es-santander",
  "485660": "es-santander",
  "485661": "es-santander",
  "485662": "es-santander",
  "485663": "es-santander",
  "485664": "es-santander",
  "485665": "es-santander",
  "485666": "es-santander",
  "485667": "es-santander",
  "485668": "es-santander",
  "485669": "es-santander",
  "485720": "es-bankia",
  "485721": "es-bankia",
  "485783": "es-sabadell",
  "485784": "es-sabadell",
  "485786": "es-bankia",
  "485787": "es-bbva",
  "485806": "es-caixa-bank",
  "485807": "es-caixa-bank",
  "485926": "es-santander",
  "486476": "es-sabadell",
  "486477": "es-sabadell",
  "486478": "es-sabadell",
  "486479": "es-sabadell",
  "486481": "es-kutxa",
  "486482": "es-kutxa",
  "486488": "es-santander",
  "486489": "es-santander",
  "489469": "es-santander",
  "489472": "es-bbva",
  "489973": "es-santander",
  "490145": "es-cooperativo",
  "490146": "es-bbva",
  "490147": "es-bankinter",
  "490156": "es-cooperativo",
  "490162": "es-bbva",
  "490163": "es-cooperativo",
  "490164": "es-cooperativo",
  "490165": "es-bbva",
  "490166": "es-bbva",
  "490716": "es-caixa-bank",
  "490760": "es-ibercaja",
  "490941": "es-bbva",
  "490943": "es-wizink",
  "490991": "es-wizink",
  "491234": "es-sabadell",
  "491671": "es-bbva",
  "491672": "es-bbva",
  "491695": "es-bbva",
  "491770": "es-ibercaja",
  "491771": "es-sabadell",
  "491775": "es-caixa-bank",
  "491803": "es-bankia",
  "491804": "es-bankia",
  "491812": "es-caixa-bank",
  "491837": "es-bbva",
  "491838": "es-caixa-bank",
  "491839": "es-sabadell",
  "491840": "es-bankia",
  "491843": "es-kutxa",
  "491844": "es-bbva",
  "491846": "es-ibercaja",
  "491849": "es-bbva",
  "491850": "es-bbva",
  "491864": "es-cooperativo",
  "491865": "es-cooperativo",
  "491875": "es-cooperativo",
  "492035": "es-bbva",
  "492036": "es-bbva",
  "492090": "es-santander",
  "492098": "es-santander",
  "492099": "es-santander",
  "492107": "es-kutxa",
  "492152": "es-santander",
  "492153": "es-santander",
  "492154": "es-santander",
  "492155": "es-santander",
  "492156": "es-santander",
  "492162": "es-sabadell",
  "492163": "es-ibercaja",
  "492166": "es-bbva",
  "492167": "es-kutxa",
  "492208": "es-bbva",
  "493729": "es-santander",
  "493730": "es-santander",
  "493737": "es-cooperativo",
  "493738": "es-ibercaja",
  "493843": "es-caixa-bank",
  "494000": "es-bbva",
  "494010": "es-bbva",
  "494011": "es-bbva",
  "494012": "es-bbva",
  "494014": "es-bbva",
  "494015": "es-bbva",
  "494017": "es-bbva",
  "494018": "es-bbva",
  "494019": "es-bbva",
  "494028": "es-wizink",
  "494046": "es-cooperativo",
  "494054": "es-cooperativo",
  "494094": "es-cooperativo",
  "494121": "es-cooperativo",
  "494130": "es-sabadell",
  "494131": "es-caixa-bank",
  "496089": "es-sabadell",
  "496610": "es-sabadell",
  "496625": "es-sabadell",
  "496626": "es-caixa-bank",
  "496640": "es-caixa-bank",
  "496642": "es-bankia",
  "496650": "es-caixa-bank",
  "496659": "es-santander",
  "496661": "es-santander",
  "496663": "es-bankinter",
  "496674": "es-ibercaja",
  "496678": "es-bankia",
  "496681": "es-bbva",
  "496693": "es-bbva",
  "498832": "es-cooperativo",
  "498843": "es-bbva",
  "499884": "es-caixa-bank",
  "502010": "es-ibercaja",
  "502012": "es-caixa-bank",
  "502016": "es-kutxa",
  "502017": "es-ibercaja",
  "502018": "es-caixa-bank",
  "502019": "es-liberbank",
  "502030": "es-caixa-bank",
  "502032": "es-caixa-bank",
  "502034": "es-caixa-bank",
  "502037": "es-bankia",
  "502038": "es-bankia",
  "502040": "es-bbva",
  "502041": "es-bbva",
  "502042": "es-bankia",
  "502048": "es-liberbank",
  "502052": "es-bankia",
  "502053": "es-caixa-bank",
  "502054": "es-caixa-bank",
  "502059": "es-sabadell",
  "502065": "es-caixa-bank",
  "502066": "es-liberbank",
  "502071": "es-caixa-bank",
  "502081": "es-sabadell",
  "502086": "es-ibercaja",
  "502090": "es-sabadell",
  "502095": "es-kutxa",
  "502097": "es-kutxa",
  "502098": "es-caixa-bank",
  "502099": "es-liberbank",
  "502101": "es-kutxa",
  "502105": "es-liberbank",
  "502130": "es-caixa-bank",
  "502142": "es-bankia",
  "502148": "es-liberbank",
  "502166": "es-liberbank",
  "502170": "es-caixa-bank",
  "502206": "es-bankia",
  "502290": "es-sabadell",
  "502822": "es-caixa-bank",
  "502823": "es-kutxa",
  "502827": "es-kutxa",
  "502900": "es-ibercaja",
  "502901": "es-kutxa",
  "502905": "es-liberbank",
  "502912": "es-caixa-bank",
  "502917": "es-ibercaja",
  "502918": "es-caixa-bank",
  "502930": "es-caixa-bank",
  "502932": "es-caixa-bank",
  "502948": "es-liberbank",
  "502953": "es-caixa-bank",
  "502954": "es-caixa-bank",
  "502966": "es-liberbank",
  "502971": "es-caixa-bank",
  "502973": "es-bbva",
  "502981": "es-sabadell",
  "502985": "es-ibercaja",
  "502986": "es-ibercaja",
  "502990": "es-sabadell",
  "502995": "es-kutxa",
  "502997": "es-kutxa",
  "502998": "es-caixa-bank",
  "502999": "es-liberbank",
  "510024": "es-cooperativo",
  "510051": "es-caixa-bank",
  "510132": "es-santander",
  "510133": "es-cooperativo",
  "512299": "es-bankia",
  "512486": "es-caixa-bank",
  "512553": "es-liberbank",
  "512555": "es-bankia",
  "512562": "es-ibercaja",
  "512563": "es-liberbank",
  "512626": "es-sabadell",
  "516015": "es-bankinter",
  "517197": "es-bbva",
  "518176": "es-bbva",
  "518179": "es-bbva",
  "518507": "es-sabadell",
  "518508": "es-kutxa",
  "518509": "es-kutxa",
  "518511": "es-kutxa",
  "519297": "es-caixa-bank",
  "519357": "es-bbva",
  "519363": "es-caixa-bank",
  "521566": "es-santander",
  "521803": "es-caixa-bank",
  "521818": "es-caixa-bank",
  "521941": "es-caixa-bank",
  "522205": "es-caixa-bank",
  "523921": "es-bankinter",
  "524722": "es-santander",
  "524723": "es-wizink",
  "524724": "es-santander",
  "524725": "es-santander",
  "524726": "es-santander",
  "524727": "es-santander",
  "524728": "es-santander",
  "525638": "es-bankia",
  "525716": "es-santander",
  "525997": "es-santander",
  "526389": "es-bankia",
  "526390": "es-bankia",
  "526493": "es-bankia",
  "526494": "es-bankia",
  "526515": "es-bankinter",
  "526751": "es-santander",
  "526752": "es-wizink",
  "526754": "es-santander",
  "526755": "es-santander",
  "526756": "es-santander",
  "526757": "es-santander",
  "526758": "es-santander",
  "526827": "es-bankinter",
  "528087": "es-caixa-bank",
  "528622": "es-caixa-bank",
  "528915": "es-caixa-bank",
  "529312": "es-caixa-bank",
  "529550": "es-bbva",
  "529931": "es-cooperativo",
  "530130": "es-bbva",
  "530488": "es-sabadell",
  "530541": "es-cooperativo",
  "530543": "es-cooperativo",
  "530545": "es-cooperativo",
  "530547": "es-cooperativo",
  "530976": "es-bbva",
  "531309": "es-kutxa",
  "531418": "es-ibercaja",
  "531723": "es-caixa-bank",
  "531821": "es-bankia",
  "531822": "es-bankia",
  "531823": "es-kutxa",
  "531867": "es-sabadell",
  "531934": "es-bbva",
  "532760": "es-sabadell",
  "532761": "es-sabadell",
  "532765": "es-sabadell",
  "532767": "es-sabadell",
  "532769": "es-sabadell",
  "533011": "es-cooperativo",
  "533025": "es-cooperativo",
  "533182": "es-cooperativo",
  "533183": "es-cooperativo",
  "533202": "es-santander",
  "533204": "es-santander",
  "533221": "es-santander",
  "533227": "es-santander",
  "533587": "es-sabadell",
  "533820": "es-sabadell",
  "533821": "es-sabadell",
  "533882": "es-cooperativo",
  "534124": "es-bbva",
  "534283": "es-liberbank",
  "535079": "es-sabadell",
  "535575": "es-santander",
  "539261": "es-sabadell",
  "539709": "es-bankia",
  "540205": "es-sabadell",
  "540209": "es-sabadell",
  "540232": "es-bankia",
  "540246": "es-bankia",
  "540262": "es-ibercaja",
  "540402": "es-liberbank",
  "540467": "es-santander",
  "540495": "es-bbva",
  "540583": "es-bbva",
  "540703": "es-santander",
  "540734": "es-liberbank",
  "540866": "es-liberbank",
  "540888": "es-kutxa",
  "540896": "es-santander",
  "540897": "es-santander",
  "540898": "es-santander",
  "540899": "es-santander",
  "540900": "es-santander",
  "541077": "es-sabadell",
  "541079": "es-santander",
  "541082": "es-sabadell",
  "541106": "es-bbva",
  "541135": "es-liberbank",
  "541202": "es-bbva",
  "541267": "es-sabadell",
  "541311": "es-bbva",
  "541345": "es-bbva",
  "541587": "es-santander",
  "541612": "es-santander",
  "541613": "es-santander",
  "541625": "es-caixa-bank",
  "541708": "es-santander",
  "541763": "es-bankia",
  "541764": "es-bankinter",
  "541877": "es-bbva",
  "541980": "es-bbva",
  "541985": "es-caixa-bank",
  "542013": "es-cooperativo",
  "542152": "es-santander",
  "542153": "es-santander",
  "542154": "es-santander",
  "542155": "es-santander",
  "542156": "es-santander",
  "542199": "es-bbva",
  "542736": "es-bbva",
  "543121": "es-bbva",
  "543187": "es-bbva",
  "543445": "es-santander",
  "543462": "es-sabadell",
  "543877": "es-sabadell",
  "543938": "es-ibercaja",
  "544012": "es-kutxa",
  "544280": "es-santander",
  "544289": "es-bbva",
  "544604": "es-bankia",
  "544786": "es-bankia",
  "544919": "es-bbva",
  "544958": "es-caixa-bank",
  "545048": "es-sabadell",
  "545328": "es-bbva",
  "545477": "es-santander",
  "545605": "es-bbva",
  "546264": "es-santander",
  "546409": "es-santander",
  "546801": "es-caixa-bank",
  "546802": "es-caixa-bank",
  "547416": "es-bankia",
  "547472": "es-santander",
  "547617": "es-sabadell",
  "547711": "es-caixa-bank",
  "547824": "es-bbva",
  "547876": "es-cooperativo",
  "547916": "es-bankinter",
  "547917": "es-bankinter",
  "547918": "es-bankinter",
  "547978": "es-santander",
  "547979": "es-santander",
  "548371": "es-sabadell",
  "548906": "es-santander",
  "548907": "es-santander",
  "548908": "es-santander",
  "548909": "es-santander",
  "548910": "es-santander",
  "548911": "es-santander",
  "548913": "es-santander",
  "548925": "es-sabadell",
  "548928": "es-caixa-bank",
  "548969": "es-wizink",
  "548982": "es-santander",
  "552091": "es-bankinter",
  "552152": "es-sabadell",
  "552189": "es-liberbank",
  "552546": "es-sabadell",
  "552548": "es-bbva",
  "552656": "es-bankia",
  "552684": "es-bankia",
  "552894": "es-bankia",
  "552931": "es-bbva",
  "553001": "es-santander",
  "553002": "es-santander",
  "553108": "es-caixa-bank",
  "553110": "es-bankia",
  "553153": "es-caixa-bank",
  "553416": "es-bbva",
  "554001": "es-sabadell",
  "554002": "es-liberbank",
  "554003": "es-ibercaja",
  "554008": "es-caixa-bank",
  "554010": "es-caixa-bank",
  "554016": "es-kutxa",
  "554020": "es-liberbank",
  "554022": "es-caixa-bank",
  "554023": "es-caixa-bank",
  "554027": "es-ibercaja",
  "554030": "es-kutxa",
  "554031": "es-ibercaja",
  "554033": "es-ibercaja",
  "554036": "es-caixa-bank",
  "554042": "es-caixa-bank",
  "554043": "es-liberbank",
  "554044": "es-caixa-bank",
  "554047": "es-liberbank",
  "554052": "es-liberbank",
  "554053": "es-kutxa",
  "554055": "es-liberbank",
  "554056": "es-kutxa",
  "554057": "es-sabadell",
  "554058": "es-liberbank",
  "554059": "es-caixa-bank",
  "554061": "es-kutxa",
  "554062": "es-ibercaja",
  "554064": "es-liberbank",
  "554068": "es-liberbank",
  "554070": "es-liberbank",
  "554078": "es-sabadell",
  "554080": "es-liberbank",
  "554082": "es-liberbank",
  "554083": "es-caixa-bank",
  "554084": "es-caixa-bank",
  "554495": "es-ibercaja",
  "554526": "es-sabadell",
  "554551": "es-bbva",
  "554568": "es-bbva",
  "554618": "es-bbva",
  "554731": "es-bbva",
  "556671": "es-sabadell",
  "556672": "es-sabadell",
  "556682": "es-cooperativo",
  "556978": "es-bbva",
  "558384": "es-ibercaja",
  "558540": "es-caixa-bank",
  "558544": "es-ibercaja",
  "558546": "es-kutxa",
  "558555": "es-caixa-bank",
  "558556": "es-caixa-bank",
  "558560": "es-kutxa",
  "558566": "es-liberbank",
  "558573": "es-ibercaja",
  "558584": "es-liberbank",
  "558585": "es-sabadell",
  "558586": "es-kutxa",
  "558755": "es-santander",
  "559542": "es-bbva",
  "565659": "es-santander",
  "574085": "es-santander",
  "603971": "es-bankia",
  "603972": "es-bankinter",
  "603973": "es-cooperativo",
  "603976": "es-sabadell",
  "603978": "es-bankia",
  "603985": "es-bbva",
  "604491": "es-liberbank",
  "627512": "es-bbva",
  "636517": "es-sabadell",
  "671210": "es-bbva",
  "671211": "es-caixa-bank",
  "671215": "es-caixa-bank",
  "671302": "es-ibercaja",
  "671303": "es-ibercaja",
  "671307": "es-kutxa",
  "671309": "es-ibercaja",
  "676294": "es-santander",
  "676299": "es-santander",
  "676300": "es-santander",
  "676301": "es-santander",
  "676302": "es-santander",
  "676303": "es-santander",
  "676304": "es-santander",
  "676309": "es-sabadell",
  "676317": "es-wizink",
  "676318": "es-sabadell",
  "676321": "es-caixa-bank",
  "676336": "es-caixa-bank",
  "676510": "es-bankia",
  "676661": "es-bbva",
  "677029": "es-sabadell",
  "900001": "es-cooperativo",
  "900003": "es-cooperativo",
  "900004": "es-cooperativo",
  "900006": "es-cooperativo",
  "900007": "es-bankia",
  "900008": "es-cooperativo",
  "900009": "es-bankia",
  "900010": "es-cooperativo",
  "900011": "es-cooperativo",
  "900012": "es-cooperativo",
  "900013": "es-bbva",
  "900015": "es-cooperativo",
  "900016": "es-cooperativo",
  "900018": "es-cooperativo",
  "900021": "es-cooperativo",
  "900023": "es-cooperativo",
  "900024": "es-cooperativo",
  "900027": "es-cooperativo",
  "900028": "es-cooperativo",
  "900040": "es-santander",
  "900046": "es-santander",
  "900049": "es-santander",
  "900052": "es-santander",
  "900054": "es-santander",
  "900055": "es-sabadell",
  "900071": "es-caixa-bank",
  "900072": "es-santander",
  "900077": "es-cooperativo",
  "900078": "es-cooperativo",
  "900080": "es-cooperativo",
  "900081": "es-caixa-bank",
  "900082": "es-bbva",
  "900087": "es-bbva",
  "900092": "es-sabadell",
  "900093": "es-sabadell",
  "900097": "es-cooperativo",
  "900099": "es-bbva",
  "972450": "es-santander",
  "972451": "es-santander",
  "972452": "es-santander",
  "972453": "es-santander",
  "972454": "es-santander",
  "972455": "es-santander",
  "972456": "es-santander",
  "972457": "es-wizink",
  "972460": "es-sabadell",
  "972462": "es-caixa-bank",
  "972463": "es-sabadell",
  "999009": "es-bankia"
}