{
  "222661": "br-itau",
  "222662": "br-itau",
  "222663": "br-itau",
  "222664": "br-itau",
  "360755": "br-itau",
  "360756": "br-itau",
  "362138": "br-itau",
  "362377": "br-itau",
  "374728": "br-bb",
  "374729": "br-bb",
  "374731": "br-bb",
  "374732": "br-bb",
  "374758": "br-bradesco",
  "374759": "br-bradesco",
  "374760": "br-bradesco",
  "374761": "br-bradesco",
  "374762": "br-bradesco",
  "374763": "br-bradesco",
  "374764": "br-bradesco",
  "374765": "br-bradesco",
  "374767": "br-bradesco",
  "374768": "br-bradesco",
  "374769": "br-bradesco",
  "374770": "br-bradesco",
  "374771": "br-bradesco",
  "374772": "br-bradesco",
  "374773": "br-bradesco",
  "374774": "br-bradesco",
  "374775": "br-bradesco",
  "374776": "br-bradesco",
  "374777": "br-bradesco",
  "375130": "br-bradesco",
  "375131": "br-bradesco",
  "375132": "br-bradesco",
  "375133": "br-bradesco",
  "375134": "br-bradesco",
  "375135": "br-bradesco",
  "375136": "br-bradesco",
  "375137": "br-bradesco",
  "375138": "br-bradesco",
  "375177": "br-bradesco",
  "375178": "br-bradesco",
  "375179": "br-bradesco",
  "375180": "br-bradesco",
  "376420": "br-bradesco",
  "376421": "br-bradesco",
  "376422": "br-bradesco",
  "376423": "br-bradesco",
  "376424": "br-bradesco",
  "376425": "br-bradesco",
  "376426": "br-bradesco",
  "376427": "br-bradesco",
  "376428": "br-bradesco",
  "376429": "br-bradesco",
  "376430": "br-bradesco",
  "376431": "br-bradesco",
  "376432": "br-bradesco",
  "376433": "br-bradesco",
  "376434": "br-bradesco",
  "376435": "br-bradesco",
  "376436": "br-bradesco",
  "376437": "br-bradesco",
  "376438": "br-bradesco",
  "376439": "br-bradesco",
  "376440": "br-bradesco",
  "376441": "br-bradesco",
  "376442": "br-bradesco",
  "376443": "br-bradesco",
  "376444": "br-bradesco",
  "376445": "br-bradesco",
  "376446": "br-bradesco",
  "376449": "br-bradesco",
  "376461": "br-bradesco",
  "376462": "br-bradesco",
  "376463": "br-bradesco",
  "376464": "br-bradesco",
  "376465": "br-bradesco",
  "376466": "br-bradesco",
  "376467": "br-bradesco",
  "376470": "br-bradesco",
  "376471": "br-bradesco",
  "376472": "br-bradesco",
  "376473": "br-bradesco",
  "376474": "br-bradesco",
  "376475": "br-bradesco",
  "376476": "br-bradesco",
  "376477": "br-bradesco",
  "376478": "br-bradesco",
  "376479": "br-bradesco",
  "376480": "br-bradesco",
  "376481": "br-bradesco",
  "376482": "br-bradesco",
  "376483": "br-bradesco",
  "376484": "br-bradesco",
  "376485": "br-bradesco",
  "376486": "br-bradesco",
  "376487": "br-bradesco",
  "376488": "br-bradesco",
  "376489": "br-bradesco",
  "376491": "br-bb",
  "376492": "br-bb",
  "376493": "br-bb",
  "376494": "br-bb",
  "376498": "br-bradesco",
  "376520": "br-bradesco",
  "376521": "br-bradesco",
  "376522": "br-bradesco",
  "376523": "br-bradesco",
  "376524": "br-bradesco",
  "376525": "br-bradesco",
  "376526": "br-bradesco",
  "376527": "br-bradesco",
  "376528": "br-bradesco",
  "376529": "br-bradesco",
  "376600": "br-bradesco",
  "376601": "br-bradesco",
  "376602": "br-bradesco",
  "376603": "br-bradesco",
  "376604": "br-bradesco",
  "376605": "br-bradesco",
  "376606": "br-bradesco",
  "376607": "br-bradesco",
  "376608": "br-bradesco",
  "376609": "br-bradesco",
  "376620": "br-bradesco",
  "376621": "br-bradesco",
  "376622": "br-bradesco",
  "376623": "br-bradesco",
  "376624": "br-bradesco",
  "376625": "br-bradesco",
  "376626": "br-bradesco",
  "376627": "br-bradesco",
  "376628": "br-bradesco",
  "376629": "br-bradesco",
  "377169": "br-bradesco",
  "377174": "br-bradesco",
  "379966": "br-bradesco",
  "379967": "br-bradesco",
  "379968": "br-bradesco",
  "379969": "br-bradesco",
  "384100": "br-itau",
  "384140": "br-itau",
  "384160": "br-itau",
  "400102": "br-bb",
  "400106": "br-bb",
  "400107": "br-bb",
  "400130": "br-bb",
  "400136": "br-bb",
  "400160": "br-bb",
  "400162": "br-bb",
  "400163": "br-bb",
  "400168": "br-bb",
  "400170": "br-bb",
  "400174": "br-bb",
  "400176": "br-bb",
  "400178": "br-bb",
  "400182": "br-bb",
  "400184": "br-bb",
  "400185": "br-bb",
  "400187": "br-bb",
  "400191": "br-bb",
  "400195": "br-bb",
  "400199": "br-bb",
  "400217": "br-itau",
  "400225": "br-itau",
  "400234": "br-itau",
  "400235": "br-itau",
  "400236": "br-caixa",
  "400247": "br-itau",
  "400248": "br-itau",
  "400252": "br-itau",
  "400253": "br-itau",
  "400268": "br-itau",
  "400415": "br-bradesco",
  "400439": "br-itau",
  "400444": "br-bb",
  "400450": "br-bradesco",
  "400451": "br-bradesco",
  "400452": "br-bradesco",
  "400453": "br-bradesco",
  "400454": "br-bradesco",
  "400455": "br-bradesco",
  "400456": "br-bradesco",
  "400457": "br-bradesco",
  "400458": "br-bradesco",
  "400459": "br-bradesco",
  "400475": "br-bradesco",
  "400495": "br-bradesco",
  "400634": "br-itau",
  "400635": "br-itau",
  "400647": "br-itau",
  "400652": "br-itau",
  "400653": "br-itau",
  "400654": "br-itau",
  "400694": "br-itau",
  "400770": "br-caixa",
  "400958": "br-caixa",
  "400959": "br-caixa",
  "400970": "br-caixa",
  "401130": "br-itau",
  "401131": "br-itau",
  "401132": "br-itau",
  "401133": "br-itau",
  "401144": "br-itau",
  "401145": "br-itau",
  "401146": "br-itau",
  "401165": "br-itau",
  "401166": "br-itau",
  "401167": "br-itau",
  "401168": "br-itau",
  "401178": "br-bb",
  "401179": "br-bb",
  "401342": "br-itau",
  "401370": "br-caixa",
  "401552": "br-bb",
  "401553": "br-bb",
  "401557": "br-bb",
  "401573": "br-bb",
  "401574": "br-bb",
  "401652": "br-itau",
  "401684": "br-safra",
  "401692": "br-itau",
  "401840": "br-itau",
  "402383": "br-caixa",
  "402433": "br-itau",
  "402439": "br-itau",
  "402773": "br-itau",
  "402774": "br-itau",
  "402872": "br-bb",
  "403217": "br-itau",
  "403225": "br-itau",
  "403230": "br-itau",
  "403235": "br-itau",
  "403236": "br-caixa",
  "403246": "br-itau",
  "403247": "br-itau",
  "403254": "br-itau",
  "403290": "br-itau",
  "403534": "br-itau",
  "403791": "br-bb",
  "403792": "br-bb",
  "403793": "br-bb",
  "403795": "br-bb",
  "403796": "br-bb",
  "403797": "br-bb",
  "404000": "br-bb",
  "404001": "br-bb",
  "404002": "br-bb",
  "404113": "br-bradesco",
  "404347": "br-bradesco",
  "404869": "br-caixa",
  "404948": "br-itau",
  "405773": "br-itau",
  "405774": "br-itau",
  "405775": "br-itau",
  "405776": "br-itau",
  "405777": "br-itau",
  "405778": "br-itau",
  "405779": "br-itau",
  "405780": "br-itau",
  "405880": "br-itau",
  "405882": "br-caixa",
  "405884": "br-bb",
  "405885": "br-itau",
  "405886": "br-bradesco",
  "405966": "br-itau",
  "405967": "br-itau",
  "405968": "br-itau",
  "405973": "br-itau",
  "405980": "br-itau",
  "405981": "br-itau",
  "406211": "br-itau",
  "406459": "br-bb",
  "406460": "br-bb",
  "406467": "br-bb",
  "406647": "br-bancopan",
  "406655": "br-bradesco",
  "406669": "br-bradesco",
  "406871": "br-itau",
  "406897": "br-bancopan",
  "407302": "br-santander",
  "407303": "br-santander",
  "407392": "br-santander",
  "407409": "br-itau",
  "407414": "br-itau",
  "407433": "br-itau",
  "407434": "br-santander",
  "407435": "br-santander",
  "407455": "br-itau",
  "407505": "br-itau",
  "407600": "br-itau",
  "407613": "br-itau",
  "407618": "br-bradesco",
  "407657": "br-itau",
  "407800": "br-bb",
  "407801": "br-bb",
  "407802": "br-bb",
  "407829": "br-bb",
  "408432": "br-caixa",
  "408434": "br-bradesco",
  "408435": "br-bradesco",
  "409032": "br-bv",
  "409165": "br-bb",
  "409166": "br-bb",
  "409167": "br-bb",
  "409168": "br-bb",
  "409169": "br-caixa",
  "409308": "br-santander",
  "409309": "br-santander",
  "409600": "br-bradesco",
  "409601": "br-bradesco",
  "409603": "br-bradesco",
  "409690": "br-bradesco",
  "409691": "br-bradesco",
  "409692": "br-bradesco",
  "409693": "br-bradesco",
  "409727": "br-bb",
  "409869": "br-bb",
  "410001": "br-itau",
  "410002": "br-itau",
  "410003": "br-itau",
  "410055": "br-santander",
  "410390": "br-bradesco",
  "410391": "br-bradesco",
  "410392": "br-bradesco",
  "410393": "br-bradesco",
  "410396": "br-bradesco",
  "410424": "br-bradesco",
  "410425": "br-bradesco",
  "410715": "br-bradesco",
  "410716": "br-bradesco",
  "410717": "br-bradesco",
  "410861": "br-santander",
  "410863": "br-santander",
  "411049": "br-itau",
  "411050": "br-santander",
  "411085": "br-santander",
  "411195": "br-itau",
  "411196": "br-itau",
  "411766": "br-itau",
  "411767": "br-itau",
  "411801": "br-bradesco",
  "411802": "br-bradesco",
  "411804": "br-bradesco",
  "411809": "br-bancopan",
  "411833": "br-santander",
  "411834": "br-santander",
  "411838": "br-safra",
  "411860": "br-itau",
  "411861": "br-itau",
  "412723": "br-itau",
  "413156": "br-itau",
  "413408": "br-itau",
  "413409": "br-itau",
  "413410": "br-itau",
  "413411": "br-itau",
  "414451": "br-bb",
  "414504": "br-itau",
  "414505": "br-itau",
  "414506": "br-itau",
  "415328": "br-bradesco",
  "415646": "br-itau",
  "415703": "br-santander",
  "415809": "br-bradesco",
  "416023": "br-bradesco",
  "416069": "br-itau",
  "416094": "br-itau",
  "416812": "br-safra",
  "416914": "br-itau",
  "417200": "br-bradesco",
  "417400": "br-bradesco",
  "417402": "br-bradesco",
  "417403": "br-bradesco",
  "417953": "br-caixa",
  "417954": "br-caixa",
  "417955": "br-caixa",
  "417957": "br-itau",
  "417958": "br-itau",
  "417987": "br-itau",
  "417988": "br-itau",
  "417998": "br-banrisul",
  "418043": "br-itau",
  "418044": "br-itau",
  "418668": "br-itau",
  "419132": "br-bradesco",
  "419133": "br-bradesco",
  "419137": "br-santander",
  "419138": "br-santander",
  "419139": "br-santander",
  "419140": "br-santander",
  "419141": "br-santander",
  "419142": "br-santander",
  "419143": "br-santander",
  "419144": "br-santander",
  "419145": "br-santander",
  "419146": "br-santander",
  "419147": "br-santander",
  "419148": "br-santander",
  "419165": "br-bradesco",
  "419166": "br-bradesco",
  "419167": "br-bradesco",
  "419190": "br-santander",
  "419271": "br-bb",
  "419272": "br-bb",
  "419273": "br-bb",
  "419274": "br-bb",
  "419275": "br-bb",
  "419276": "br-bb",
  "419521": "br-itau",
  "419523": "br-itau",
  "419524": "br-itau",
  "419590": "br-itau",
  "419591": "br-itau",
  "419592": "br-itau",
  "419597": "br-caixa",
  "419598": "br-caixa",
  "419618": "br-santander",
  "419619": "br-santander",
  "419620": "br-santander",
  "419622": "br-santander",
  "419623": "br-santander",
  "419624": "br-santander",
  "419625": "br-santander",
  "419627": "br-santander",
  "419628": "br-santander",
  "419630": "br-santander",
  "419631": "br-santander",
  "419756": "br-caixa",
  "419806": "br-bradesco",
  "419807": "br-bradesco",
  "419888": "br-bradesco",
  "419889": "br-bradesco",
  "420180": "br-itau",
  "420181": "br-itau",
  "420182": "br-itau",
  "420310": "br-bancopan",
  "420311": "br-bancopan",
  "420312": "br-bancopan",
  "420314": "br-bancopan",
  "420590": "br-bradesco",
  "420874": "br-bradesco",
  "420875": "br-bradesco",
  "420876": "br-bradesco",
  "421126": "br-bradesco",
  "421309": "br-itau",
  "421470": "br-itau",
  "421471": "br-itau",
  "421507": "br-itau",
  "421508": "br-itau",
  "421512": "br-bradesco",
  "421644": "br-itau",
  "421843": "br-itau",
  "421844": "br-itau",
  "421845": "br-itau",
  "421847": "br-itau",
  "421848": "br-itau",
  "421862": "br-itau",
  "421957": "br-caixa",
  "421958": "br-caixa",
  "421959": "br-caixa",
  "421960": "br-caixa",
  "421961": "br-caixa",
  "421962": "br-caixa",
  "421963": "br-caixa",
  "421964": "br-caixa",
  "421965": "br-caixa",
  "422003": "br-bradesco",
  "422004": "br-itau",
  "422005": "br-itau",
  "422006": "br-itau",
  "422007": "br-itau",
  "422008": "br-itau",
  "422022": "br-bradesco",
  "422048": "br-santander",
  "422053": "br-bradesco",
  "422061": "br-santander",
  "422100": "br-itau",
  "422101": "br-itau",
  "422102": "br-itau",
  "422103": "br-itau",
  "422185": "br-itau",
  "422200": "br-itau",
  "422201": "br-itau",
  "422202": "br-itau",
  "422203": "br-itau",
  "422221": "br-bancopan",
  "422446": "br-caixa",
  "422527": "br-itau",
  "422528": "br-itau",
  "422628": "br-itau",
  "422731": "br-itau",
  "423180": "br-itau",
  "423198": "br-bv",
  "423240": "br-itau",
  "423661": "br-santander",
  "423700": "br-bradesco",
  "423808": "br-santander",
  "423809": "br-santander",
  "423916": "br-bradesco",
  "423942": "br-bradesco",
  "423943": "br-bradesco",
  "423944": "br-bradesco",
  "424104": "br-bradesco",
  "424305": "br-santander",
  "424306": "br-santander",
  "424430": "br-itau",
  "424508": "br-bradesco",
  "425470": "br-santander",
  "425850": "br-santander",
  "426031": "br-itau",
  "426043": "br-caixa",
  "426055": "br-caixa",
  "427164": "br-bradesco",
  "427165": "br-bradesco",
  "427167": "br-bradesco",
  "427168": "br-bradesco",
  "427228": "br-bradesco",
  "429767": "br-bradesco",
  "429768": "br-bradesco",
  "430420": "br-bb",
  "430422": "br-bb",
  "430535": "br-banrisul",
  "430952": "br-bradesco",
  "430956": "br-bradesco",
  "430963": "br-santander",
  "431274": "br-bb",
  "431929": "br-itau",
  "432031": "br-bradesco",
  "432032": "br-bradesco",
  "432033": "br-bradesco",
  "432035": "br-bradesco",
  "432728": "br-bb",
  "432729": "br-bb",
  "432942": "br-itau",
  "432943": "br-itau",
  "432944": "br-itau",
  "432989": "br-caixa",
  "433023": "br-caixa",
  "433024": "br-caixa",
  "433068": "br-caixa",
  "433470": "br-bradesco",
  "433471": "br-bradesco",
  "433472": "br-bradesco",
  "433473": "br-bradesco",
  "433474": "br-bradesco",
  "433589": "br-caixa",
  "433873": "br-bb",
  "434101": "br-itau",
  "434389": "br-caixa",
  "434452": "br-caixa",
  "434639": "br-bancopan",
  "434937": "br-bancopan",
  "435778": "br-bradesco",
  "435779": "br-bradesco",
  "438000": "br-bradesco",
  "438001": "br-bradesco",
  "438002": "br-bradesco",
  "438003": "br-bradesco",
  "438004": "br-bradesco",
  "438005": "br-bradesco",
  "438006": "br-bradesco",
  "438007": "br-bradesco",
  "438008": "br-bradesco",
  "438009": "br-bradesco",
  "438010": "br-bradesco",
  "438011": "br-bradesco",
  "438012": "br-bradesco",
  "438013": "br-bradesco",
  "438014": "br-bradesco",
  "438015": "br-bradesco",
  "438016": "br-bradesco",
  "438017": "br-bradesco",
  "438018": "br-bradesco",
  "438019": "br-bradesco",
  "438020": "br-bradesco",
  "438021": "br-bradesco",
  "438022": "br-bradesco",
  "438023": "br-bradesco",
  "438024": "br-bradesco",
  "438025": "br-bradesco",
  "438026": "br-bradesco",
  "438027": "br-bradesco",
  "438028": "br-bradesco",
  "438029": "br-bradesco",
  "438030": "br-bradesco",
  "438031": "br-bradesco",
  "438032": "br-bradesco",
  "438033": "br-bradesco",
  "438034": "br-bradesco",
  "438035": "br-bradesco",
  "438036": "br-bradesco",
  "438037": "br-bradesco",
  "438038": "br-bradesco",
  "438039": "br-bradesco",
  "438257": "br-bb",
  "438672": "br-itau",
  "438903": "br-itau",
  "438935": "br-bb",
  "439027": "br-bradesco",
  "439094": "br-bradesco",
  "439095": "br-bradesco",
  "439139": "br-bradesco",
  "439140": "br-bradesco",
  "439142": "br-bradesco",
  "439144": "br-bradesco",
  "439177": "br-itau",
  "439252": "br-santander",
  "439253": "br-santander",
  "439254": "br-santander",
  "439267": "br-caixa",
  "439276": "br-bradesco",
  "439354": "br-itau",
  "439388": "br-itau",
  "439389": "br-itau",
  "439390": "br-itau",
  "439478": "br-itau",
  "439479": "br-itau",
  "439480": "br-itau",
  "439481": "br-itau",
  "440132": "br-itau",
  "440693": "br-bradesco",
  "440694": "br-bradesco",
  "440695": "br-bradesco",
  "441030": "br-itau",
  "441045": "br-bradesco",
  "441061": "br-santander",
  "441062": "br-santander",
  "441064": "br-santander",
  "441065": "br-santander",
  "441066": "br-santander",
  "441067": "br-santander",
  "441102": "br-bb",
  "441120": "br-santander",
  "441122": "br-santander",
  "441123": "br-santander",
  "441172": "br-bb",
  "441174": "br-bb",
  "441255": "br-itau",
  "441256": "br-itau",
  "441257": "br-itau",
  "441349": "br-itau",
  "441524": "br-santander",
  "441536": "br-santander",
  "441552": "br-itau",
  "441565": "br-bancoob",
  "441566": "br-bancoob",
  "441568": "br-bancoob",
  "441781": "br-bradesco",
  "441782": "br-bradesco",
  "444054": "br-itau",
  "444214": "br-itau",
  "444215": "br-itau",
  "444216": "br-itau",
  "444217": "br-itau",
  "444218": "br-itau",
  "444434": "br-bb",
  "444454": "br-bb",
  "444456": "br-bb",
  "444457": "br-bb",
  "444458": "br-bb",
  "444459": "br-bb",
  "444660": "br-bradesco",
  "444661": "br-bradesco",
  "444662": "br-bradesco",
  "444663": "br-bradesco",
  "444664": "br-bradesco",
  "444665": "br-bradesco",
  "444666": "br-bradesco",
  "444667": "br-bradesco",
  "444668": "br-bradesco",
  "444669": "br-bradesco",
  "444670": "br-bradesco",
  "445490": "br-itau",
  "445491": "br-itau",
  "445492": "br-itau",
  "445497": "br-itau",
  "445498": "br-itau",
  "445993": "br-santander",
  "446114": "br-bv",
  "446123": "br-bv",
  "446193": "br-santander",
  "446194": "br-santander",
  "446305": "br-itau",
  "446864": "br-itau",
  "446865": "br-itau",
  "446964": "br-bancoob",
  "447247": "br-caixa",
  "447248": "br-caixa",
  "447274": "br-caixa",
  "447393": "br-bancoob",
  "447394": "br-bancoob",
  "447395": "br-bancoob",
  "447396": "br-bancoob",
  "447397": "br-bancoob",
  "447398": "br-bancoob",
  "448152": "br-bb",
  "448446": "br-safra",
  "448543": "br-bradesco",
  "448549": "br-bb",
  "448556": "br-bb",
  "448558": "br-bb",
  "448732": "br-santander",
  "448733": "br-bradesco",
  "448798": "br-santander",
  "448799": "br-santander",
  "449137": "br-bradesco",
  "449138": "br-bradesco",
  "449745": "br-bancopan",
  "449771": "br-itau",
  "449772": "br-itau",
  "449773": "br-itau",
  "449774": "br-itau",
  "450058": "br-bradesco",
  "450321": "br-itau",
  "450323": "br-itau",
  "450415": "br-bradesco",
  "450419": "br-itau",
  "450577": "br-bb",
  "450583": "br-santander",
  "450857": "br-bradesco",
  "450985": "br-bb",
  "451135": "br-bradesco",
  "451296": "br-santander",
  "451300": "br-itau",
  "451301": "br-itau",
  "451327": "br-itau",
  "451330": "br-bradesco",
  "451355": "br-itau",
  "451356": "br-itau",
  "451363": "br-itau",
  "451412": "br-caixa",
  "451416": "br-caixa",
  "451476": "br-bradesco",
  "451736": "br-santander",
  "451799": "br-santander",
  "452204": "br-bradesco",
  "452205": "br-bradesco",
  "452407": "br-itau",
  "452991": "br-itau",
  "452992": "br-itau",
  "453207": "br-bradesco",
  "453211": "br-bradesco",
  "454340": "br-itau",
  "454367": "br-itau",
  "454368": "br-itau",
  "454427": "br-itau",
  "455153": "br-santander",
  "455164": "br-santander",
  "455165": "br-santander",
  "455166": "br-santander",
  "455167": "br-santander",
  "455168": "br-santander",
  "455169": "br-santander",
  "455181": "br-bradesco",
  "455182": "br-bradesco",
  "455183": "br-bradesco",
  "455184": "br-bradesco",
  "455185": "br-bradesco",
  "455186": "br-bradesco",
  "455187": "br-bradesco",
  "455188": "br-bradesco",
  "455984": "br-itau",
  "456137": "br-itau",
  "456347": "br-itau",
  "456348": "br-itau",
  "456389": "br-itau",
  "456401": "br-itau",
  "456508": "br-bradesco",
  "456890": "br-itau",
  "457020": "br-itau",
  "457393": "br-bb",
  "457497": "br-bradesco",
  "457498": "br-bradesco",
  "457499": "br-bradesco",
  "457502": "br-safra",
  "457515": "br-bradesco",
  "457517": "br-bradesco",
  "457518": "br-bradesco",
  "457519": "br-bradesco",
  "457538": "br-bb",
  "457548": "br-itau",
  "457577": "br-bradesco",
  "457578": "br-bradesco",
  "457579": "br-bradesco",
  "457594": "br-bb",
  "457595": "br-bb",
  "457617": "br-bradesco",
  "457618": "br-bradesco",
  "457619": "br-bradesco",
  "457631": "br-bb",
  "457632": "br-bb",
  "457633": "br-bb",
  "457634": "br-bb",
  "457670": "br-bradesco",
  "457671": "br-bradesco",
  "457672": "br-bradesco",
  "457673": "br-bradesco",
  "457674": "br-bradesco",
  "457675": "br-bradesco",
  "457676": "br-bradesco",
  "457677": "br-bradesco",
  "457678": "br-bradesco",
  "457679": "br-bradesco",
  "457695": "br-bradesco",
  "457696": "br-bradesco",
  "457697": "br-bradesco",
  "457937": "br-santander",
  "457938": "br-santander",
  "457943": "br-itau",
  "459007": "br-bv",
  "459020": "br-itau",
  "459023": "br-itau",
  "459060": "br-bradesco",
  "459077": "br-itau",
  "459078": "br-itau",
  "459079": "br-itau",
  "459080": "br-itau",
  "459091": "br-santander",
  "459092": "br-santander",
  "459093": "br-santander",
  "459094": "br-santander",
  "459313": "br-itau",
  "459314": "br-itau",
  "459315": "br-itau",
  "459316": "br-itau",
  "459360": "br-caixa",
  "459373": "br-caixa",
  "459383": "br-caixa",
  "459384": "br-caixa",
  "459385": "br-caixa",
  "459420": "br-itau",
  "459421": "br-itau",
  "459450": "br-itau",
  "459451": "br-itau",
  "459452": "br-itau",
  "459454": "br-itau",
  "459455": "br-itau",
  "459456": "br-itau",
  "459457": "br-itau",
  "459458": "br-itau",
  "459459": "br-itau",
  "459460": "br-itau",
  "459461": "br-itau",
  "459462": "br-itau",
  "459463": "br-itau",
  "459945": "br-santander",
  "459946": "br-santander",
  "459947": "br-santander",
  "459948": "br-santander",
  "460034": "br-itau",
  "460035": "br-itau",
  "460036": "br-itau",
  "460037": "br-itau",
  "460038": "br-itau",
  "460448": "br-santander",
  "461142": "br-caixa",
  "461215": "br-bradesco",
  "462027": "br-caixa",
  "462028": "br-caixa",
  "462954": "br-bradesco",
  "463291": "br-itau",
  "463292": "br-itau",
  "463293": "br-itau",
  "463294": "br-itau",
  "463295": "br-itau",
  "463296": "br-itau",
  "463297": "br-itau",
  "463298": "br-itau",
  "463299": "br-itau",
  "463312": "br-santander",
  "463313": "br-santander",
  "463314": "br-santander",
  "463315": "br-santander",
  "463316": "br-bradesco",
  "464127": "br-bradesco",
  "464128": "br-bradesco",
  "464129": "br-bradesco",
  "464294": "br-itau",
  "464295": "br-itau",
  "464296": "br-itau",
  "464297": "br-itau",
  "464298": "br-itau",
  "464299": "br-itau",
  "464300": "br-itau",
  "464301": "br-itau",
  "464611": "br-bradesco",
  "464612": "br-bradesco",
  "464613": "br-bradesco",
  "465552": "br-bradesco",
  "465763": "br-caixa",
  "465769": "br-itau",
  "466066": "br-bancoob",
  "466067": "br-bancoob",
  "466068": "br-bancoob",
  "466069": "br-bancoob",
  "466070": "br-bancoob",
  "466071": "br-bancoob",
  "466079": "br-bancoob",
  "467014": "br-bradesco",
  "467015": "br-bradesco",
  "467016": "br-bradesco",
  "467017": "br-bradesco",
  "467064": "br-bradesco",
  "467081": "br-itau",
  "467082": "br-itau",
  "467083": "br-itau",
  "467084": "br-itau",
  "467085": "br-itau",
  "467086": "br-bradesco",
  "467088": "br-bradesco",
  "467089": "br-bradesco",
  "467100": "br-itau",
  "467101": "br-itau",
  "467112": "br-santander",
  "467113": "br-santander",
  "467114": "br-santander",
  "467148": "br-bb",
  "467149": "br-bb",
  "467150": "br-itau",
  "467151": "br-itau",
  "467152": "br-itau",
  "467153": "br-itau",
  "467481": "br-bb",
  "468210": "br-banrisul",
  "468919": "br-bradesco",
  "469522": "br-bb",
  "469570": "br-bb",
  "469571": "br-bb",
  "469856": "br-santander",
  "469857": "br-santander",
  "469865": "br-itau",
  "469866": "br-itau",
  "469867": "br-itau",
  "469868": "br-itau",
  "469872": "br-bancopan",
  "469893": "br-caixa",
  "470598": "br-itau",
  "471701": "br-bb",
  "471702": "br-bb",
  "471703": "br-bb",
  "471704": "br-bb",
  "472305": "br-itau",
  "472663": "br-itau",
  "472664": "br-itau",
  "472665": "br-itau",
  "472666": "br-itau",
  "472667": "br-itau",
  "472668": "br-itau",
  "472669": "br-itau",
  "472951": "br-itau",
  "472952": "br-itau",
  "472953": "br-itau",
  "472954": "br-itau",
  "472955": "br-itau",
  "472956": "br-itau",
  "472957": "br-itau",
  "472958": "br-itau",
  "473200": "br-bradesco",
  "473201": "br-bradesco",
  "473202": "br-bradesco",
  "473267": "br-safra",
  "473269": "br-safra",
  "473270": "br-safra",
  "473271": "br-safra",
  "473273": "br-itau",
  "473274": "br-itau",
  "473275": "br-itau",
  "473660": "br-itau",
  "473661": "br-itau",
  "473662": "br-itau",
  "474359": "br-itau",
  "474507": "br-santander",
  "474511": "br-santander",
  "474512": "br-santander",
  "474513": "br-bancopan",
  "474529": "br-bradesco",
  "474536": "br-itau",
  "474537": "br-itau",
  "474538": "br-itau",
  "474539": "br-caixa",
  "474547": "br-itau",
  "474548": "br-itau",
  "474549": "br-itau",
  "474565": "br-itau",
  "474575": "br-caixa",
  "476053": "br-bradesco",
  "476098": "br-bradesco",
  "476502": "br-banrisul",
  "476506": "br-safra",
  "476507": "br-safra",
  "476508": "br-safra",
  "476580": "br-bradesco",
  "476582": "br-bradesco",
  "476602": "br-itau",
  "476607": "br-bradesco",
  "476608": "br-bradesco",
  "476609": "br-bradesco",
  "476831": "br-bradesco",
  "477043": "br-santander",
  "477115": "br-bb",
  "477116": "br-bb",
  "477128": "br-itau",
  "477129": "br-itau",
  "477144": "br-itau",
  "477145": "br-itau",
  "477175": "br-itau",
  "477176": "br-itau",
  "477249": "br-itau",
  "477250": "br-bv",
  "477272": "br-bv",
  "477386": "br-bradesco",
  "477387": "br-bradesco",
  "477388": "br-bradesco",
  "477393": "br-bradesco",
  "478307": "br-itau",
  "478308": "br-itau",
  "478309": "br-itau",
  "478310": "br-itau",
  "479018": "br-safra",
  "479391": "br-bb",
  "479392": "br-santander",
  "479395": "br-caixa",
  "479396": "br-bradesco",
  "479398": "br-itau",
  "479407": "br-itau",
  "479408": "br-itau",
  "479454": "br-bb",
  "480081": "br-caixa",
  "480625": "br-bb",
  "480629": "br-santander",
  "480630": "br-santander",
  "480632": "br-bradesco",
  "481135": "br-santander",
  "481140": "br-santander",
  "482405": "br-itau",
  "482447": "br-itau",
  "482448": "br-itau",
  "482476": "br-itau",
  "482477": "br-itau",
  "482478": "br-itau",
  "482479": "br-itau",
  "482480": "br-itau",
  "482481": "br-itau",
  "482482": "br-itau",
  "483040": "br-bradesco",
  "483042": "br-bradesco",
  "483066": "br-bancopan",
  "483067": "br-bancopan",
  "483085": "br-itau",
  "483096": "br-itau",
  "483097": "br-itau",
  "483098": "br-itau",
  "483150": "br-itau",
  "483151": "br-itau",
  "484132": "br-banrisul",
  "484147": "br-bb",
  "484148": "br-bb",
  "484189": "br-bb",
  "484199": "br-bb",
  "485103": "br-itau",
  "485104": "br-itau",
  "485464": "br-bb",
  "485486": "br-itau",
  "485619": "br-santander",
  "485657": "br-santander",
  "485765": "br-bradesco",
  "485776": "br-bradesco",
  "485945": "br-bb",
  "485960": "br-bb",
  "485972": "br-bradesco",
  "485973": "br-bradesco",
  "485988": "br-caixa",
  "486323": "br-bb",
  "486593": "br-bradesco",
  "486633": "br-banrisul",
  "486641": "br-itau",
  "486654": "br-itau",
  "486692": "br-itau",
  "489202": "br-itau",
  "489203": "br-itau",
  "489204": "br-itau",
  "489389": "br-santander",
  "489391": "br-itau",
  "489392": "br-itau",
  "489399": "br-itau",
  "489400": "br-itau",
  "489410": "br-bb",
  "489411": "br-bb",
  "489414": "br-itau",
  "489423": "br-itau",
  "489426": "br-santander",
  "489427": "br-santander",
  "489429": "br-bancopan",
  "489430": "br-itau",
  "489451": "br-itau",
  "489466": "br-bb",
  "489489": "br-caixa",
  "489902": "br-itau",
  "489962": "br-itau",
  "490105": "br-itau",
  "490106": "br-itau",
  "490119": "br-itau",
  "490144": "br-itau",
  "490172": "br-itau",
  "491043": "br-bradesco",
  "491256": "br-bancopan",
  "491314": "br-santander",
  "491315": "br-santander",
  "491316": "br-santander",
  "491402": "br-banrisul",
  "491411": "br-banrisul",
  "491412": "br-banrisul",
  "491413": "br-banrisul",
  "491414": "br-itau",
  "491415": "br-itau",
  "491416": "br-itau",
  "491423": "br-banrisul",
  "491446": "br-itau",
  "491447": "br-itau",
  "491448": "br-itau",
  "491450": "br-banrisul",
  "491467": "br-banrisul",
  "491498": "br-banrisul",
  "491513": "br-santander",
  "491514": "br-santander",
  "491623": "br-santander",
  "491656": "br-bradesco",
  "491657": "br-bradesco",
  "491674": "br-santander",
  "491675": "br-santander",
  "491676": "br-santander",
  "491696": "br-santander",
  "491708": "br-bb",
  "491714": "br-bradesco",
  "491944": "br-santander",
  "491971": "br-bb",
  "491976": "br-bradesco",
  "491977": "br-bradesco",
  "491978": "br-bradesco",
  "491979": "br-bradesco",
  "492052": "br-bradesco",
  "492132": "br-bb",
  "492400": "br-santander",
  "492401": "br-santander",
  "492402": "br-santander",
  "492403": "br-santander",
  "492404": "br-santander",
  "492405": "br-santander",
  "492460": "br-santander",
  "492529": "br-safra",
  "493100": "br-bradesco",
  "493101": "br-bradesco",
  "493102": "br-bradesco",
  "493103": "br-bradesco",
  "493104": "br-bradesco",
  "493116": "br-bradesco",
  "493133": "br-bradesco",
  "493186": "br-itau",
  "493490": "br-itau",
  "493493": "br-bancopan",
  "493494": "br-bancopan",
  "496048": "br-itau",
  "496049": "br-itau",
  "498401": "br-bb",
  "498402": "br-bb",
  "498406": "br-bb",
  "498407": "br-bb",
  "498408": "br-bb",
  "498409": "br-bb",
  "498410": "br-bb",
  "498418": "br-bb",
  "498419": "br-bb",
  "498420": "br-bb",
  "498422": "br-bb",
  "498423": "br-bb",
  "498424": "br-bb",
  "498425": "br-bb",
  "498427": "br-bb",
  "498428": "br-bb",
  "498429": "br-bb",
  "498430": "br-bb",
  "498431": "br-bb",
  "498432": "br-bb",
  "498433": "br-bb",
  "498439": "br-bb",
  "498440": "br-bb",
  "498441": "br-bb",
  "498442": "br-bb",
  "498444": "br-bb",
  "498445": "br-bb",
  "498446": "br-bb",
  "498447": "br-bb",
  "498448": "br-bb",
  "498449": "br-bb",
  "498450": "br-bb",
  "498452": "br-bb",
  "498453": "br-bb",
  "498470": "br-bb",
  "498496": "br-bb",
  "498497": "br-bb",
  "498498": "br-bb",
  "498515": "br-itau",
  "498530": "br-itau",
  "498553": "br-itau",
  "498554": "br-itau",
  "498555": "br-itau",
  "498556": "br-itau",
  "498582": "br-bradesco",
  "499860": "br-bradesco",
  "499861": "br-bradesco",
  "499862": "br-bradesco",
  "499863": "br-bradesco",
  "499864": "br-bradesco",
  "499865": "br-bradesco",
  "499866": "br-bradesco",
  "499867": "br-bradesco",
  "499868": "br-bradesco",
  "499869": "br-bradesco",
  "499904": "br-bb",
  "499918": "br-santander",
  "499919": "br-santander",
  "499984": "br-santander",
  "506700": "br-bradesco",
  "506701": "br-bradesco",
  "506702": "br-bradesco",
  "506704": "br-bradesco",
  "506705": "br-bradesco",
  "506706": "br-bradesco",
  "506710": "br-bradesco",
  "506711": "br-bradesco",
  "506712": "br-bradesco",
  "506713": "br-bb",
  "506714": "br-bradesco",
  "506716": "br-bradesco",
  "506718": "br-bradesco",
  "506720": "br-bradesco",
  "506721": "br-bb",
  "506722": "br-caixa",
  "506724": "br-caixa",
  "506726": "br-bradesco",
  "506727": "br-bradesco",
  "506728": "br-bb",
  "506729": "br-bb",
  "506730": "br-bb",
  "506731": "br-bradesco",
  "506732": "br-bradesco",
  "506733": "br-bb",
  "506734": "br-bradesco",
  "506735": "br-bradesco",
  "506736": "br-bradesco",
  "506737": "br-bradesco",
  "506739": "br-bradesco",
  "506740": "br-caixa",
  "506741": "br-caixa",
  "506742": "br-caixa",
  "506743": "br-bradesco",
  "506744": "br-bb",
  "506745": "br-bb",
  "506746": "br-bb",
  "506747": "br-bb",
  "506748": "br-bb",
  "506753": "br-bb",
  "506760": "br-bradesco",
  "506761": "br-bradesco",
  "506762": "br-bradesco",
  "506763": "br-bradesco",
  "506764": "br-bradesco",
  "506765": "br-bradesco",
  "506770": "br-bradesco",
  "506771": "br-bradesco",
  "506772": "br-bradesco",
  "506773": "br-bradesco",
  "506774": "br-bradesco",
  "506775": "br-bb",
  "506776": "br-bb",
  "506778": "br-bradesco",
  "509000": "br-bradesco",
  "509001": "br-bradesco",
  "509003": "br-bradesco",
  "509007": "br-bradesco",
  "509008": "br-caixa",
  "509013": "br-caixa",
  "509020": "br-bradesco",
  "509021": "br-bradesco",
  "509022": "br-bradesco",
  "509023": "br-bradesco",
  "509031": "br-caixa",
  "509032": "br-caixa",
  "509033": "br-caixa",
  "509034": "br-caixa",
  "509035": "br-bradesco",
  "509039": "br-bradesco",
  "509040": "br-bradesco",
  "509041": "br-bradesco",
  "509042": "br-caixa",
  "509043": "br-caixa",
  "509045": "br-caixa",
  "509048": "br-caixa",
  "509051": "br-bradesco",
  "509052": "br-bradesco",
  "509053": "br-bradesco",
  "509064": "br-bradesco",
  "509065": "br-bradesco",
  "509066": "br-bradesco",
  "509067": "br-bb",
  "509068": "br-bb",
  "509069": "br-bb",
  "509073": "br-bradesco",
  "509074": "br-bradesco",
  "509077": "br-bradesco",
  "509078": "br-bradesco",
  "509079": "br-bradesco",
  "509080": "br-bradesco",
  "509091": "br-bradesco",
  "509092": "br-bradesco",
  "509093": "br-bradesco",
  "509094": "br-bradesco",
  "509098": "br-bb",
  "509100": "br-bb",
  "509103": "br-bradesco",
  "509104": "br-bradesco",
  "509107": "br-bb",
  "509108": "br-bradesco",
  "509109": "br-bb",
  "509811": "br-bradesco",
  "509812": "br-bradesco",
  "509813": "br-bradesco",
  "509814": "br-bradesco",
  "509815": "br-bradesco",
  "509816": "br-bradesco",
  "509817": "br-bradesco",
  "509818": "br-bradesco",
  "509819": "br-bradesco",
  "509820": "br-bradesco",
  "509821": "br-bradesco",
  "509822": "br-bradesco",
  "509823": "br-bradesco",
  "509824": "br-bradesco",
  "509825": "br-bradesco",
  "509826": "br-bradesco",
  "509827": "br-bradesco",
  "509828": "br-bradesco",
  "509829": "br-bradesco",
  "509830": "br-bradesco",
  "509880": "br-bradesco",
  "509881": "br-bradesco",
  "509882": "br-bradesco",
  "509883": "br-bradesco",
  "509884": "br-bradesco",
  "509885": "br-bradesco",
  "509886": "br-bradesco",
  "509887": "br-bradesco",
  "509888": "br-bradesco",
  "509889": "br-bradesco",
  "509890": "br-bradesco",
  "509891": "br-bradesco",
  "509892": "br-bradesco",
  "509893": "br-bradesco",
  "509894": "br-bradesco",
  "509895": "br-bradesco",
  "509896": "br-bradesco",
  "509901": "br-bradesco",
  "509902": "br-bradesco",
  "510089": "br-itau",
  "510147": "br-bradesco",
  "510278": "br-bradesco",
  "510426": "br-itau",
  "510447": "br-caixa",
  "510512": "br-caixa",
  "510524": "br-bb",
  "510556": "br-safra",
  "511258": "br-itau",
  "511835": "br-bradesco",
  "512047": "br-itau",
  "512059": "br-itau",
  "512099": "br-itau",
  "512112": "br-bb",
  "512119": "br-bb",
  "512207": "br-itau",
  "512215": "br-itau",
  "512286": "br-bb",
  "512363": "br-itau",
  "512374": "br-itau",
  "512427": "br-bradesco",
  "512461": "br-itau",
  "512465": "br-bradesco",
  "512467": "br-bradesco",
  "512658": "br-itau",
  "512671": "br-itau",
  "512673": "br-itau",
  "512682": "br-caixa",
  "512683": "br-bradesco",
  "512707": "br-bancoob",
  "512814": "br-bradesco",
  "513728": "br-itau",
  "513731": "br-itau",
  "514009": "br-bb",
  "514078": "br-bb",
  "514079": "br-itau",
  "514085": "br-bancopan",
  "514086": "br-bancopan",
  "514090": "br-itau",
  "514094": "br-bb",
  "514233": "br-itau",
  "514868": "br-itau",
  "514895": "br-bb",
  "514897": "br-itau",
  "514898": "br-itau",
  "514911": "br-bradesco",
  "514945": "br-itau",
  "515104": "br-banrisul",
  "515120": "br-caixa",
  "515122": "br-caixa",
  "515123": "br-caixa",
  "515124": "br-caixa",
  "515125": "br-caixa",
  "515126": "br-caixa",
  "515127": "br-caixa",
  "515128": "br-caixa",
  "515132": "br-caixa",
  "515133": "br-caixa",
  "515134": "br-caixa",
  "515136": "br-caixa",
  "515139": "br-caixa",
  "515144": "br-caixa",
  "515145": "br-caixa",
  "515146": "br-caixa",
  "515149": "br-caixa",
  "515150": "br-caixa",
  "515153": "br-caixa",
  "515154": "br-caixa",
  "515155": "br-caixa",
  "515156": "br-caixa",
  "515443": "br-caixa",
  "515444": "br-caixa",
  "515447": "br-caixa",
  "515448": "br-caixa",
  "515590": "br-santander",
  "515601": "br-bancoob",
  "515640": "br-itau",
  "515743": "br-itau",
  "515765": "br-itau",
  "515767": "br-bancopan",
  "515787": "br-caixa",
  "515795": "br-bancopan",
  "515802": "br-itau",
  "515836": "br-itau",
  "515891": "br-bb",
  "515894": "br-bancoob",
  "516004": "br-bb",
  "516064": "br-bb",
  "516066": "br-bb",
  "516070": "br-itau",
  "516074": "br-bradesco",
  "516096": "br-bancoob",
  "516120": "br-bancoob",
  "516136": "br-bancoob",
  "516138": "br-banrisul",
  "516159": "br-bancoob",
  "516162": "br-bancoob",
  "516164": "br-itau",
  "516275": "br-itau",
  "516283": "br-itau",
  "516291": "br-itau",
  "516306": "br-itau",
  "516620": "br-caixa",
  "516991": "br-bradesco",
  "517191": "br-itau",
  "517318": "br-caixa",
  "517319": "br-caixa",
  "517320": "br-caixa",
  "517701": "br-itau",
  "517703": "br-itau",
  "517756": "br-santander",
  "517787": "br-itau",
  "517858": "br-itau",
  "517914": "br-itau",
  "517967": "br-itau",
  "517974": "br-bb",
  "517985": "br-bb",
  "517986": "br-bradesco",
  "518020": "br-itau",
  "518032": "br-itau",
  "518054": "br-itau",
  "518063": "br-itau",
  "518138": "br-itau",
  "518148": "br-santander",
  "518218": "br-itau",
  "518294": "br-santander",
  "518295": "br-santander",
  "518296": "br-santander",
  "518306": "br-itau",
  "518307": "br-itau",
  "518311": "br-santander",
  "518312": "br-santander",
  "518313": "br-santander",
  "518326": "br-itau",
  "518327": "br-itau",
  "518328": "br-itau",
  "518407": "br-bv",
  "518454": "br-bv",
  "518471": "br-bv",
  "518482": "br-bv",
  "518491": "br-itau",
  "518534": "br-itau",
  "518659": "br-bb",
  "518759": "br-bb",
  "518760": "br-bb",
  "518763": "br-bb",
  "518764": "br-bb",
  "518765": "br-bb",
  "518767": "br-caixa",
  "518768": "br-santander",
  "518814": "br-bv",
  "518843": "br-bv",
  "518950": "br-itau",
  "518967": "br-itau",
  "519339": "br-santander",
  "519698": "br-bradesco",
  "519704": "br-bancoob",
  "520132": "br-santander",
  "520184": "br-santander",
  "520185": "br-santander",
  "520196": "br-itau",
  "520199": "br-itau",
  "520400": "br-itau",
  "520401": "br-itau",
  "520402": "br-itau",
  "520403": "br-itau",
  "520404": "br-itau",
  "520405": "br-itau",
  "520621": "br-itau",
  "520898": "br-bancopan",
  "520977": "br-itau",
  "521039": "br-itau",
  "521042": "br-itau",
  "521043": "br-itau",
  "521179": "br-santander",
  "521180": "br-santander",
  "521369": "br-bv",
  "521370": "br-bv",
  "521397": "br-itau",
  "521501": "br-bb",
  "521509": "br-bradesco",
  "521523": "br-bradesco",
  "521524": "br-bradesco",
  "521784": "br-caixa",
  "521880": "br-itau",
  "522015": "br-itau",
  "522027": "br-itau",
  "522361": "br-caixa",
  "522400": "br-caixa",
  "522446": "br-itau",
  "522839": "br-santander",
  "522840": "br-santander",
  "522949": "br-itau",
  "522978": "br-bb",
  "522979": "br-itau",
  "522983": "br-bb",
  "522984": "br-bb",
  "523284": "br-itau",
  "523425": "br-itau",
  "523431": "br-itau",
  "523432": "br-itau",
  "523588": "br-caixa",
  "523589": "br-caixa",
  "523791": "br-itau",
  "524003": "br-itau",
  "524314": "br-itau",
  "524315": "br-caixa",
  "524474": "br-itau",
  "524544": "br-caixa",
  "524555": "br-caixa",
  "524565": "br-caixa",
  "524575": "br-caixa",
  "524703": "br-itau",
  "524820": "br-itau",
  "525320": "br-itau",
  "525429": "br-safra",
  "525439": "br-bb",
  "525445": "br-bradesco",
  "525482": "br-bb",
  "525496": "br-itau",
  "525661": "br-itau",
  "525662": "br-itau",
  "525663": "br-itau",
  "525664": "br-itau",
  "525692": "br-itau",
  "525695": "br-itau",
  "525718": "br-itau",
  "525737": "br-bancoob",
  "525810": "br-caixa",
  "525925": "br-bradesco",
  "526128": "br-santander",
  "526595": "br-santander",
  "526762": "br-itau",
  "526769": "br-itau",
  "526788": "br-itau",
  "526800": "br-bradesco",
  "526811": "br-bb",
  "526831": "br-caixa",
  "526862": "br-bradesco",
  "526863": "br-itau",
  "526892": "br-itau",
  "526893": "br-itau",
  "526944": "br-itau",
  "526957": "br-caixa",
  "526959": "br-caixa",
  "526960": "br-caixa",
  "526962": "br-caixa",
  "526963": "br-caixa",
  "526964": "br-caixa",
  "526965": "br-caixa",
  "526966": "br-caixa",
  "526967": "br-caixa",
  "527010": "br-itau",
  "527018": "br-itau",
  "527036": "br-itau",
  "527405": "br-itau",
  "527407": "br-itau",
  "527425": "br-itau",
  "527430": "br-itau",
  "527467": "br-itau",
  "527468": "br-itau",
  "527495": "br-itau",
  "527496": "br-itau",
  "527497": "br-itau",
  "527532": "br-itau",
  "527533": "br-itau",
  "527538": "br-itau",
  "527539": "br-itau",
  "527540": "br-itau",
  "527541": "br-itau",
  "527543": "br-itau",
  "527544": "br-itau",
  "527545": "br-itau",
  "527616": "br-itau",
  "527887": "br-itau",
  "527889": "br-itau",
  "528052": "br-santander",
  "528077": "br-bradesco",
  "528078": "br-bradesco",
  "528084": "br-bb",
  "528091": "br-bb",
  "528160": "br-bradesco",
  "528196": "br-itau",
  "528392": "br-itau",
  "528599": "br-bv",
  "528743": "br-bv",
  "528860": "br-itau",
  "528941": "br-itau",
  "529077": "br-bb",
  "529285": "br-itau",
  "529309": "br-caixa",
  "529323": "br-itau",
  "529416": "br-itau",
  "529417": "br-itau",
  "529418": "br-itau",
  "529781": "br-caixa",
  "530038": "br-itau",
  "530049": "br-itau",
  "530073": "br-itau",
  "530148": "br-itau",
  "530295": "br-caixa",
  "530434": "br-bancopan",
  "530452": "br-itau",
  "530599": "br-itau",
  "530771": "br-itau",
  "530780": "br-itau",
  "530851": "br-itau",
  "530994": "br-itau",
  "530996": "br-itau",
  "531087": "br-itau",
  "531249": "br-itau",
  "531377": "br-itau",
  "531393": "br-bradesco",
  "531394": "br-caixa",
  "531395": "br-caixa",
  "531454": "br-santander",
  "531455": "br-santander",
  "531458": "br-bancoob",
  "531488": "br-santander",
  "531492": "br-bradesco",
  "531500": "br-itau",
  "531502": "br-itau",
  "531503": "br-itau",
  "531654": "br-santander",
  "531661": "br-itau",
  "531664": "br-bradesco",
  "531671": "br-itau",
  "531681": "br-itau",
  "531699": "br-santander",
  "531705": "br-itau",
  "531714": "br-santander",
  "531715": "br-santander",
  "531727": "br-santander",
  "532338": "br-bb",
  "532340": "br-bb",
  "532801": "br-caixa",
  "532817": "br-caixa",
  "532910": "br-itau",
  "532924": "br-caixa",
  "532942": "br-itau",
  "533949": "br-banrisul",
  "533951": "br-banrisul",
  "534249": "br-itau",
  "534278": "br-bradesco",
  "534361": "br-itau",
  "534447": "br-itau",
  "534448": "br-itau",
  "534503": "br-itau",
  "534513": "br-itau",
  "534516": "br-itau",
  "534562": "br-itau",
  "534571": "br-itau",
  "534575": "br-bancoob",
  "534581": "br-santander",
  "534593": "br-bradesco",
  "534627": "br-itau",
  "534915": "br-itau",
  "534916": "br-itau",
  "535081": "br-itau",
  "535084": "br-caixa",
  "535085": "br-itau",
  "535088": "br-itau",
  "535091": "br-itau",
  "535094": "br-itau",
  "535097": "br-itau",
  "535106": "br-itau",
  "535822": "br-itau",
  "535841": "br-itau",
  "535850": "br-itau",
  "535858": "br-itau",
  "535863": "br-itau",
  "535867": "br-itau",
  "535871": "br-itau",
  "535895": "br-caixa",
  "535898": "br-caixa",
  "535901": "br-caixa",
  "535904": "br-caixa",
  "536143": "br-itau",
  "536147": "br-caixa",
  "536158": "br-caixa",
  "536269": "br-caixa",
  "536352": "br-itau",
  "536367": "br-itau",
  "536371": "br-itau",
  "536391": "br-itau",
  "536452": "br-itau",
  "536458": "br-itau",
  "536467": "br-itau",
  "536471": "br-itau",
  "536477": "br-itau",
  "536480": "br-itau",
  "536481": "br-itau",
  "536482": "br-itau",
  "536491": "br-itau",
  "536512": "br-bv",
  "536552": "br-itau",
  "536558": "br-itau",
  "536567": "br-itau",
  "536571": "br-itau",
  "536577": "br-itau",
  "536580": "br-itau",
  "536581": "br-itau",
  "536582": "br-itau",
  "536591": "br-itau",
  "536804": "br-itau",
  "536805": "br-bradesco",
  "537001": "br-bancopan",
  "538818": "br-bb",
  "539011": "br-itau",
  "539012": "br-itau",
  "539016": "br-caixa",
  "539017": "br-caixa",
  "539018": "br-caixa",
  "539021": "br-itau",
  "539022": "br-itau",
  "539028": "br-itau",
  "539029": "br-itau",
  "539038": "br-bradesco",
  "539039": "br-itau",
  "539040": "br-itau",
  "539058": "br-itau",
  "539059": "br-itau",
  "539060": "br-itau",
  "539062": "br-itau",
  "539063": "br-itau",
  "539064": "br-itau",
  "539066": "br-itau",
  "539067": "br-itau",
  "539068": "br-itau",
  "539070": "br-itau",
  "539072": "br-itau",
  "539073": "br-itau",
  "539074": "br-itau",
  "539077": "br-itau",
  "539078": "br-itau",
  "539083": "br-itau",
  "539084": "br-itau",
  "539085": "br-itau",
  "539088": "br-itau",
  "539090": "br-itau",
  "539091": "br-itau",
  "539153": "br-bancoob",
  "539614": "br-bradesco",
  "540064": "br-bb",
  "540084": "br-bb",
  "540101": "br-bb",
  "540105": "br-santander",
  "540106": "br-santander",
  "540500": "br-bb",
  "540508": "br-itau",
  "540517": "br-itau",
  "540530": "br-itau",
  "540535": "br-bb",
  "540577": "br-caixa",
  "540593": "br-caixa",
  "540631": "br-itau",
  "540645": "br-itau",
  "540646": "br-itau",
  "540755": "br-itau",
  "540760": "br-itau",
  "540905": "br-bancopan",
  "541006": "br-itau",
  "541100": "br-santander",
  "541187": "br-itau",
  "541426": "br-itau",
  "541465": "br-bradesco",
  "541555": "br-itau",
  "541740": "br-santander",
  "541759": "br-itau",
  "541839": "br-bradesco",
  "541886": "br-itau",
  "542244": "br-bb",
  "542292": "br-santander",
  "542353": "br-santander",
  "542408": "br-safra",
  "542477": "br-itau",
  "542510": "br-itau",
  "542579": "br-bancopan",
  "542622": "br-itau",
  "542661": "br-bb",
  "542688": "br-santander",
  "542701": "br-itau",
  "542711": "br-itau",
  "542712": "br-itau",
  "542820": "br-santander",
  "542836": "br-santander",
  "542842": "br-bb",
  "542974": "br-itau",
  "542976": "br-itau",
  "542982": "br-itau",
  "543021": "br-caixa",
  "543051": "br-itau",
  "543095": "br-itau",
  "543391": "br-itau",
  "543559": "br-itau",
  "543658": "br-santander",
  "543660": "br-santander",
  "543690": "br-itau",
  "543744": "br-itau",
  "543869": "br-itau",
  "543927": "br-itau",
  "543960": "br-itau",
  "543971": "br-itau",
  "544066": "br-bb",
  "544165": "br-santander",
  "544166": "br-itau",
  "544169": "br-itau",
  "544199": "br-itau",
  "544265": "br-itau",
  "544276": "br-itau",
  "544293": "br-itau",
  "544296": "br-itau",
  "544300": "br-itau",
  "544328": "br-itau",
  "544386": "br-itau",
  "544412": "br-santander",
  "544442": "br-itau",
  "544507": "br-itau",
  "544522": "br-itau",
  "544540": "br-itau",
  "544545": "br-bb",
  "544546": "br-itau",
  "544547": "br-itau",
  "544554": "br-itau",
  "544560": "br-itau",
  "544570": "br-itau",
  "544586": "br-bb",
  "544597": "br-bb",
  "544599": "br-itau",
  "544600": "br-itau",
  "544626": "br-itau",
  "544654": "br-itau",
  "544665": "br-itau",
  "544672": "br-itau",
  "544673": "br-itau",
  "544731": "br-santander",
  "544753": "br-itau",
  "544816": "br-caixa",
  "544817": "br-caixa",
  "544818": "br-caixa",
  "544828": "br-itau",
  "544829": "br-itau",
  "544831": "br-itau",
  "544833": "br-itau",
  "544838": "br-bradesco",
  "544839": "br-itau",
  "544841": "br-itau",
  "544859": "br-itau",
  "544860": "br-itau",
  "544862": "br-itau",
  "544863": "br-itau",
  "544864": "br-itau",
  "544867": "br-itau",
  "544872": "br-itau",
  "544874": "br-itau",
  "544881": "br-itau",
  "544883": "br-itau",
  "544890": "br-itau",
  "544891": "br-itau",
  "544908": "br-bb",
  "544915": "br-banrisul",
  "545011": "br-itau",
  "545053": "br-bb",
  "545349": "br-itau",
  "545368": "br-itau",
  "545430": "br-bancopan",
  "545462": "br-itau",
  "545463": "br-itau",
  "545500": "br-santander",
  "545553": "br-itau",
  "545653": "br-itau",
  "545670": "br-itau",
  "545712": "br-bradesco",
  "545719": "br-itau",
  "545768": "br-itau",
  "545780": "br-itau",
  "545805": "br-santander",
  "545810": "br-itau",
  "545823": "br-itau",
  "545832": "br-itau",
  "545850": "br-itau",
  "545893": "br-caixa",
  "545957": "br-itau",
  "545959": "br-itau",
  "545967": "br-itau",
  "545973": "br-banrisul",
  "546003": "br-itau",
  "546012": "br-itau",
  "546017": "br-itau",
  "546056": "br-itau",
  "546279": "br-itau",
  "546282": "br-itau",
  "546337": "br-itau",
  "546338": "br-itau",
  "546451": "br-bb",
  "546452": "br-bb",
  "546456": "br-bb",
  "546460": "br-itau",
  "546461": "br-itau",
  "546479": "br-bb",
  "546499": "br-bb",
  "546559": "br-itau",
  "546744": "br-itau",
  "546754": "br-itau",
  "546768": "br-caixa",
  "546815": "br-itau",
  "546841": "br-itau",
  "546852": "br-banrisul",
  "546990": "br-bb",
  "546991": "br-bb",
  "547076": "br-itau",
  "547408": "br-bancoob",
  "547468": "br-itau",
  "547483": "br-itau",
  "547604": "br-bb",
  "547606": "br-bb",
  "547674": "br-itau",
  "547749": "br-bb",
  "547769": "br-caixa",
  "547874": "br-bb",
  "548045": "br-bradesco",
  "548046": "br-bradesco",
  "548262": "br-bancopan",
  "548293": "br-bradesco",
  "548295": "br-itau",
  "548296": "br-itau",
  "548305": "br-itau",
  "548337": "br-itau",
  "548338": "br-itau",
  "548364": "br-itau",
  "548474": "br-itau",
  "548514": "br-itau",
  "548572": "br-bb",
  "548573": "br-bb",
  "548590": "br-bradesco",
  "548591": "br-bradesco",
  "548595": "br-bb",
  "548625": "br-itau",
  "548648": "br-santander",
  "548649": "br-santander",
  "548708": "br-itau",
  "548721": "br-itau",
  "548722": "br-itau",
  "548723": "br-itau",
  "548724": "br-itau",
  "548731": "br-itau",
  "548739": "br-itau",
  "548794": "br-bb",
  "548802": "br-itau",
  "548822": "br-bb",
  "548824": "br-bb",
  "548826": "br-caixa",
  "548827": "br-caixa",
  "548839": "br-itau",
  "548886": "br-bancopan",
  "548929": "br-itau",
  "548961": "br-itau",
  "548965": "br-bb",
  "548970": "br-itau",
  "548976": "br-itau",
  "548984": "br-itau",
  "548985": "br-itau",
  "549090": "br-itau",
  "549159": "br-bradesco",
  "549167": "br-itau",
  "549207": "br-safra",
  "549221": "br-itau",
  "549296": "br-itau",
  "549316": "br-caixa",
  "549317": "br-caixa",
  "549318": "br-caixa",
  "549319": "br-itau",
  "549328": "br-itau",
  "549329": "br-itau",
  "549332": "br-itau",
  "549339": "br-itau",
  "549341": "br-itau",
  "549358": "br-itau",
  "549359": "br-itau",
  "549363": "br-itau",
  "549367": "br-itau",
  "549368": "br-itau",
  "549372": "br-itau",
  "549378": "br-itau",
  "549383": "br-itau",
  "549390": "br-itau",
  "549391": "br-itau",
  "549518": "br-santander",
  "549585": "br-itau",
  "549833": "br-bb",
  "550154": "br-santander",
  "550321": "br-bradesco",
  "552063": "br-bb",
  "552070": "br-itau",
  "552072": "br-itau",
  "552128": "br-itau",
  "552144": "br-santander",
  "552236": "br-itau",
  "552240": "br-bancopan",
  "552244": "br-itau",
  "552289": "br-bb",
  "552297": "br-itau",
  "552305": "br-bradesco",
  "552316": "br-bradesco",
  "552317": "br-itau",
  "552530": "br-bradesco",
  "552531": "br-bradesco",
  "552544": "br-itau",
  "552567": "br-banrisul",
  "552584": "br-bb",
  "552637": "br-banrisul",
  "552640": "br-itau",
  "552668": "br-caixa",
  "552693": "br-santander",
  "552694": "br-bb",
  "552697": "br-itau",
  "552741": "br-caixa",
  "552780": "br-bradesco",
  "552889": "br-bb",
  "552911": "br-bb",
  "552914": "br-itau",
  "552937": "br-caixa",
  "552943": "br-santander",
  "553007": "br-bradesco",
  "553034": "br-itau",
  "553096": "br-caixa",
  "553450": "br-bancopan",
  "553457": "br-santander",
  "553458": "br-santander",
  "553524": "br-bradesco",
  "553621": "br-bancopan",
  "553624": "br-itau",
  "553636": "br-itau",
  "553637": "br-itau",
  "553639": "br-safra",
  "553645": "br-caixa",
  "553647": "br-itau",
  "553665": "br-itau",
  "553666": "br-itau",
  "554281": "br-itau",
  "554282": "br-itau",
  "554289": "br-bradesco",
  "554290": "br-bradesco",
  "554299": "br-bradesco",
  "554309": "br-itau",
  "554383": "br-bv",
  "554389": "br-santander",
  "554460": "br-bradesco",
  "554463": "br-banrisul",
  "554473": "br-banrisul",
  "554480": "br-itau",
  "554482": "br-bradesco",
  "554497": "br-itau",
  "554563": "br-itau",
  "554587": "br-itau",
  "554612": "br-santander",
  "554613": "br-itau",
  "554634": "br-itau",
  "554722": "br-itau",
  "554774": "br-itau",
  "554775": "br-itau",
  "554776": "br-itau",
  "554903": "br-itau",
  "554906": "br-bb",
  "554917": "br-itau",
  "554927": "br-bb",
  "554932": "br-caixa",
  "554945": "br-bradesco",
  "554953": "br-itau",
  "554954": "br-itau",
  "555040": "br-bradesco",
  "555151": "br-bradesco",
  "555155": "br-bradesco",
  "555428": "br-itau",
  "556023": "br-itau",
  "556024": "br-itau",
  "556026": "br-itau",
  "556035": "br-santander",
  "556600": "br-bb",
  "556601": "br-bb",
  "556615": "br-itau",
  "556616": "br-itau",
  "556670": "br-itau",
  "556673": "br-itau",
  "557768": "br-caixa",
  "557771": "br-itau",
  "557797": "br-itau",
  "558285": "br-bradesco",
  "558297": "br-itau",
  "558303": "br-itau",
  "558383": "br-itau",
  "558394": "br-itau",
  "558419": "br-itau",
  "558645": "br-itau",
  "558674": "br-bb",
  "558763": "br-caixa",
  "558779": "br-bb",
  "558926": "br-safra",
  "559076": "br-caixa",
  "559226": "br-bradesco",
  "559231": "br-bradesco",
  "559275": "br-itau",
  "599319": "br-caixa",
  "603342": "br-bb",
  "603574": "br-itau",
  "606282": "br-itau",
  "627780": "br-caixa",
  "636368": "br-bradesco",
  "637095": "br-itau",
  "637568": "br-itau",
  "637599": "br-itau",
  "637600": "br-itau",
  "637609": "br-itau",
  "637612": "br-itau",
  "639664": "br-banrisul",
  "650031": "br-bradesco",
  "650033": "br-bradesco",
  "650036": "br-bradesco",
  "650037": "br-bradesco",
  "650038": "br-bradesco",
  "650039": "br-bradesco",
  "650040": "br-bradesco",
  "650041": "br-bradesco",
  "650042": "br-bradesco",
  "650043": "br-bradesco",
  "650044": "br-bradesco",
  "650045": "br-bradesco",
  "650047": "br-bradesco",
  "650485": "br-bradesco",
  "650486": "br-bradesco",
  "650487": "br-bb",
  "650488": "br-bradesco",
  "650489": "br-bradesco",
  "650490": "br-bradesco",
  "650491": "br-bradesco",
  "650492": "br-bradesco",
  "650493": "br-bradesco",
  "650494": "br-bradesco",
  "650495": "br-bradesco",
  "650496": "br-bb",
  "650497": "br-bb",
  "650499": "br-bb",
  "650500": "br-bb",
  "650501": "br-bb",
  "650502": "br-bradesco",
  "650507": "br-caixa",
  "650508": "br-caixa",
  "650509": "br-bradesco",
  "650510": "br-bradesco",
  "650511": "br-bradesco",
  "650512": "br-caixa",
  "650514": "br-bradesco",
  "650515": "br-bradesco",
  "650525": "br-bradesco",
  "650526": "br-bradesco",
  "650527": "br-bradesco",
  "650528": "br-bradesco",
  "650529": "br-bradesco",
  "650530": "br-bradesco",
  "650577": "br-bradesco",
  "650578": "br-bb",
  "650583": "br-bradesco",
  "650584": "br-bradesco",
  "650585": "br-bradesco",
  "650586": "br-bb",
  "650721": "br-bradesco",
  "650722": "br-bradesco",
  "650726": "br-bradesco",
  "650727": "br-bradesco",
  "650901": "br-bradesco",
  "650902": "br-bradesco",
  "650903": "br-bradesco",
  "650904": "br-bradesco",
  "650905": "br-bradesco",
  "650906": "br-bb",
  "650907": "br-bb",
  "650909": "br-bb",
  "650910": "br-bb",
  "650911": "br-bb",
  "650912": "br-bradesco",
  "650913": "br-bradesco",
  "650914": "br-bradesco",
  "650915": "br-bradesco",
  "650916": "br-bradesco",
  "650917": "br-bradesco",
  "650918": "br-bradesco",
  "650919": "br-bradesco",
  "650920": "br-caixa",
  "650921": "br-caixa",
  "650922": "br-bb",
  "650928": "br-bradesco",
  "650938": "br-bb",
  "650939": "br-bradesco",
  "650946": "br-bb",
  "650947": "br-bradesco",
  "650948": "br-bb",
  "650954": "br-bradesco",
  "650955": "br-bradesco",
  "650971": "br-bradesco",
  "651652": "br-bradesco",
  "651653": "br-bb",
  "651654": "br-bradesco",
  "651655": "br-bradesco",
  "651656": "br-bradesco",
  "651657": "br-bb",
  "651658": "br-caixa",
  "651659": "br-caixa",
  "651660": "br-bradesco",
  "651661": "br-bradesco",
  "651663": "br-bradesco",
  "651664": "br-bradesco",
  "651665": "br-bb",
  "651675": "br-bradesco",
  "651676": "br-bb",
  "651677": "br-caixa",
  "651678": "br-bradesco",
  "655000": "br-bradesco",
  "655001": "br-bb",
  "655002": "br-bradesco",
  "655003": "br-bb",
  "655004": "br-bradesco",
  "655006": "br-bradesco",
  "655007": "br-caixa",
  "655008": "br-caixa",
  "655009": "br-bradesco",
  "655010": "br-bradesco",
  "655014": "br-bradesco",
  "655015": "br-bb",
  "655051": "br-bradesco"
}