{
  "352820": "jp-mizuho",
  "352832": "jp-sumitomo",
  "352841": "jp-resona",
  "352873": "jp-mizuho",
  "354006": "jp-fukuoka",
  "354008": "jp-fukuoka",
  "354010": "jp-mizuho",
  "354074": "jp-fukuoka",
  "354179": "jp-mizuho",
  "369570": "jp-mitsubishi",
  "377857": "jp-mitsubishi",
  "377858": "jp-mitsubishi",
  "426590": "jp-mitsubishi",
  "426591": "jp-mitsubishi",
  "426592": "jp-mitsubishi",
  "426593": "jp-mitsubishi",
  "426594": "jp-mitsubishi",
  "426595": "jp-mitsubishi",
  "426596": "jp-mitsubishi",
  "426597": "jp-mitsubishi",
  "426598": "jp-mitsubishi",
  "426599": "jp-mitsubishi",
  "439101": "jp-mitsubishi",
  "439102": "jp-mitsubishi",
  "448450": "jp-resona",
  "448451": "jp-sumitomo",
  "451859": "jp-mitsubishi",
  "452587": "jp-sumitomo",
  "453400": "jp-mitsubishi",
  "453401": "jp-mitsubishi",
  "453410": "jp-mitsubishi",
  "453411": "jp-mitsubishi",
  "453412": "jp-mitsubishi",
  "453414": "jp-mitsubishi",
  "453415": "jp-mitsubishi",
  "453416": "jp-mitsubishi",
  "453417": "jp-mitsubishi",
  "453418": "jp-mitsubishi",
  "453419": "jp-mitsubishi",
  "453420": "jp-mitsubishi",
  "453421": "jp-mitsubishi",
  "453422": "jp-mitsubishi",
  "453423": "jp-mitsubishi",
  "453424": "jp-mitsubishi",
  "453427": "jp-mitsubishi",
  "453428": "jp-mitsubishi",
  "453429": "jp-mitsubishi",
  "453430": "jp-mitsubishi",
  "453431": "jp-mitsubishi",
  "453434": "jp-mitsubishi",
  "453435": "jp-mitsubishi",
  "453436": "jp-mitsubishi",
  "453437": "jp-mitsubishi",
  "453438": "jp-mitsubishi",
  "453439": "jp-mitsubishi",
  "453440": "jp-mitsubishi",
  "453443": "jp-mitsubishi",
  "453445": "jp-mitsubishi",
  "453450": "jp-mitsubishi",
  "453451": "jp-mitsubishi",
  "453452": "jp-mitsubishi",
  "453453": "jp-mitsubishi",
  "453454": "jp-mitsubishi",
  "453455": "jp-mitsubishi",
  "453456": "jp-mitsubishi",
  "453458": "jp-mitsubishi",
  "453460": "jp-mitsubishi",
  "453461": "jp-mitsubishi",
  "453462": "jp-mitsubishi",
  "453468": "jp-mitsubishi",
  "453470": "jp-mitsubishi",
  "453471": "jp-mitsubishi",
  "453473": "jp-mitsubishi",
  "453480": "jp-mitsubishi",
  "453481": "jp-mitsubishi",
  "453484": "jp-mitsubishi",
  "453490": "jp-mitsubishi",
  "453491": "jp-mitsubishi",
  "453499": "jp-mitsubishi",
  "453850": "jp-mitsubishi",
  "453851": "jp-mitsubishi",
  "453852": "jp-mitsubishi",
  "453853": "jp-mitsubishi",
  "453854": "jp-mitsubishi",
  "453855": "jp-mitsubishi",
  "453856": "jp-mitsubishi",
  "453857": "jp-mitsubishi",
  "453858": "jp-mitsubishi",
  "453859": "jp-mitsubishi",
  "453860": "jp-mitsubishi",
  "453861": "jp-mitsubishi",
  "453862": "jp-mitsubishi",
  "453863": "jp-mitsubishi",
  "453864": "jp-mitsubishi",
  "453865": "jp-mitsubishi",
  "453866": "jp-mitsubishi",
  "453867": "jp-mitsubishi",
  "453868": "jp-mitsubishi",
  "453869": "jp-mitsubishi",
  "453870": "jp-mitsubishi",
  "453871": "jp-mitsubishi",
  "453872": "jp-mitsubishi",
  "453873": "jp-mitsubishi",
  "453874": "jp-mitsubishi",
  "453875": "jp-mitsubishi",
  "453876": "jp-mitsubishi",
  "453877": "jp-mitsubishi",
  "453878": "jp-mitsubishi",
  "453879": "jp-mitsubishi",
  "453880": "jp-mitsubishi",
  "453881": "jp-mitsubishi",
  "453882": "jp-mitsubishi",
  "453883": "jp-mitsubishi",
  "453884": "jp-mitsubishi",
  "453885": "jp-mitsubishi",
  "453886": "jp-mitsubishi",
  "453887": "jp-mitsubishi",
  "453888": "jp-mitsubishi",
  "453889": "jp-mitsubishi",
  "453890": "jp-mitsubishi",
  "453891": "jp-mitsubishi",
  "453892": "jp-mitsubishi",
  "453893": "jp-mitsubishi",
  "453894": "jp-mitsubishi",
  "453895": "jp-mitsubishi",
  "453897": "jp-mitsubishi",
  "453898": "jp-mitsubishi",
  "453899": "jp-mitsubishi",
  "454158": "jp-resona",
  "454196": "jp-resona",
  "454205": "jp-resona",
  "454271": "jp-mizuho",
  "454294": "jp-mizuho",
  "456600": "jp-mitsubishi",
  "456601": "jp-mitsubishi",
  "456602": "jp-mitsubishi",
  "456603": "jp-mitsubishi",
  "456604": "jp-mitsubishi",
  "456605": "jp-mitsubishi",
  "456606": "jp-mitsubishi",
  "456607": "jp-mitsubishi",
  "456608": "jp-mitsubishi",
  "456617": "jp-mitsubishi",
  "456627": "jp-mitsubishi",
  "456629": "jp-mitsubishi",
  "456631": "jp-mitsubishi",
  "456632": "jp-mitsubishi",
  "456633": "jp-mitsubishi",
  "456634": "jp-mitsubishi",
  "456635": "jp-mitsubishi",
  "456636": "jp-mitsubishi",
  "456637": "jp-mitsubishi",
  "456638": "jp-mitsubishi",
  "456639": "jp-mitsubishi",
  "456640": "jp-mitsubishi",
  "456641": "jp-mitsubishi",
  "456642": "jp-mitsubishi",
  "456643": "jp-mitsubishi",
  "456644": "jp-mitsubishi",
  "456645": "jp-mitsubishi",
  "456646": "jp-mitsubishi",
  "456647": "jp-mitsubishi",
  "456648": "jp-mitsubishi",
  "456649": "jp-mitsubishi",
  "456650": "jp-mitsubishi",
  "456651": "jp-mitsubishi",
  "456652": "jp-mitsubishi",
  "456653": "jp-mitsubishi",
  "456654": "jp-mitsubishi",
  "456655": "jp-mitsubishi",
  "456656": "jp-mitsubishi",
  "456657": "jp-mitsubishi",
  "456658": "jp-mitsubishi",
  "456659": "jp-mitsubishi",
  "456660": "jp-mitsubishi",
  "456661": "jp-mitsubishi",
  "456662": "jp-mitsubishi",
  "456663": "jp-mitsubishi",
  "456664": "jp-mitsubishi",
  "456665": "jp-mitsubishi",
  "456666": "jp-mitsubishi",
  "456667": "jp-mitsubishi",
  "456668": "jp-mitsubishi",
  "456669": "jp-mitsubishi",
  "456670": "jp-mitsubishi",
  "456671": "jp-mitsubishi",
  "456672": "jp-mitsubishi",
  "456673": "jp-mitsubishi",
  "456674": "jp-mitsubishi",
  "456675": "jp-mitsubishi",
  "456676": "jp-mitsubishi",
  "456677": "jp-mitsubishi",
  "456678": "jp-mitsubishi",
  "456679": "jp-mitsubishi",
  "456680": "jp-mitsubishi",
  "456681": "jp-mitsubishi",
  "456682": "jp-mitsubishi",
  "456683": "jp-mitsubishi",
  "456684": "jp-mitsubishi",
  "456685": "jp-mitsubishi",
  "456686": "jp-mitsubishi",
  "456687": "jp-mitsubishi",
  "456688": "jp-mitsubishi",
  "456689": "jp-mitsubishi",
  "456690": "jp-mitsubishi",
  "456691": "jp-mitsubishi",
  "456692": "jp-mitsubishi",
  "456693": "jp-mitsubishi",
  "456695": "jp-mitsubishi",
  "456696": "jp-mitsubishi",
  "456697": "jp-mitsubishi",
  "456698": "jp-mitsubishi",
  "456699": "jp-mitsubishi",
  "459123": "jp-sumitomo",
  "462437": "jp-mitsubishi",
  "462438": "jp-mitsubishi",
  "462439": "jp-mitsubishi",
  "470802": "jp-fukuoka",
  "470803": "jp-fukuoka",
  "470804": "jp-fukuoka",
  "470805": "jp-fukuoka",
  "470807": "jp-sumitomo",
  "470823": "jp-sumitomo",
  "470830": "jp-sumitomo",
  "470836": "jp-sumitomo",
  "470837": "jp-sumitomo",
  "470838": "jp-sumitomo",
  "470843": "jp-sumitomo",
  "470846": "jp-sumitomo",
  "470849": "jp-sumitomo",
  "470859": "jp-sumitomo",
  "470860": "jp-sumitomo",
  "470862": "jp-sumitomo",
  "470864": "jp-sumitomo",
  "470865": "jp-resona",
  "470866": "jp-sumitomo",
  "470867": "jp-sumitomo",
  "470868": "jp-sumitomo",
  "470869": "jp-sumitomo",
  "470873": "jp-sumitomo",
  "470874": "jp-sumitomo",
  "470876": "jp-sumitomo",
  "470877": "jp-sumitomo",
  "470878": "jp-sumitomo",
  "470879": "jp-sumitomo",
  "470884": "jp-sumitomo",
  "470888": "jp-sumitomo",
  "470890": "jp-post",
  "470891": "jp-post",
  "470892": "jp-post",
  "470893": "jp-post",
  "470894": "jp-post",
  "470895": "jp-post",
  "470896": "jp-post",
  "470897": "jp-post",
  "470898": "jp-post",
  "470899": "jp-post",
  "480330": "jp-sumitomo",
  "480331": "jp-sumitomo",
  "480624": "jp-mitsubishi",
  "490643": "jp-mitsubishi",
  "490644": "jp-mitsubishi",
  "490645": "jp-mitsubishi",
  "490646": "jp-mitsubishi",
  "490650": "jp-mitsubishi",
  "490651": "jp-mitsubishi",
  "490656": "jp-mitsubishi",
  "490671": "jp-mitsubishi",
  "492269": "jp-resona",
  "492270": "jp-resona",
  "492271": "jp-resona",
  "492313": "jp-mitsubishi",
  "492314": "jp-mitsubishi",
  "492339": "jp-mitsubishi",
  "492345": "jp-mitsubishi",
  "492359": "jp-mitsubishi",
  "492373": "jp-mitsubishi",
  "492380": "jp-mitsubishi",
  "492391": "jp-mitsubishi",
  "492396": "jp-mitsubishi",
  "496600": "jp-mitsubishi",
  "498000": "jp-sumitomo",
  "498001": "jp-sumitomo",
  "498002": "jp-sumitomo",
  "498003": "jp-sumitomo",
  "498004": "jp-sumitomo",
  "498005": "jp-sumitomo",
  "498006": "jp-sumitomo",
  "498007": "jp-sumitomo",
  "498008": "jp-sumitomo",
  "498009": "jp-sumitomo",
  "498010": "jp-sumitomo",
  "498011": "jp-sumitomo",
  "498012": "jp-sumitomo",
  "498013": "jp-sumitomo",
  "498014": "jp-sumitomo",
  "498015": "jp-sumitomo",
  "498016": "jp-sumitomo",
  "498017": "jp-sumitomo",
  "498018": "jp-sumitomo",
  "498019": "jp-sumitomo",
  "498020": "jp-sumitomo",
  "498021": "jp-sumitomo",
  "498022": "jp-sumitomo",
  "498023": "jp-sumitomo",
  "498024": "jp-sumitomo",
  "498025": "jp-sumitomo",
  "498026": "jp-sumitomo",
  "498027": "jp-sumitomo",
  "498030": "jp-sumitomo",
  "498031": "jp-sumitomo",
  "498032": "jp-sumitomo",
  "498033": "jp-sumitomo",
  "498047": "jp-resona",
  "498054": "jp-resona",
  "498055": "jp-resona",
  "498060": "jp-sumitomo",
  "498061": "jp-sumitomo",
  "498062": "jp-sumitomo",
  "498063": "jp-sumitomo",
  "498064": "jp-sumitomo",
  "498065": "jp-sumitomo",
  "498066": "jp-sumitomo",
  "498067": "jp-sumitomo",
  "498068": "jp-sumitomo",
  "498069": "jp-sumitomo",
  "498081": "jp-sumitomo",
  "498082": "jp-sumitomo",
  "498083": "jp-sumitomo",
  "498084": "jp-sumitomo",
  "498085": "jp-sumitomo",
  "498086": "jp-sumitomo",
  "498087": "jp-sumitomo",
  "498088": "jp-sumitomo",
  "498089": "jp-sumitomo",
  "498090": "jp-sumitomo",
  "498091": "jp-sumitomo",
  "498092": "jp-sumitomo",
  "498093": "jp-sumitomo",
  "498094": "jp-sumitomo",
  "498095": "jp-sumitomo",
  "498096": "jp-sumitomo",
  "498097": "jp-sumitomo",
  "498098": "jp-sumitomo",
  "498099": "jp-sumitomo",
  "498600": "jp-mitsubishi",
  "498601": "jp-mitsubishi",
  "498602": "jp-mitsubishi",
  "498603": "jp-mitsubishi",
  "498604": "jp-mitsubishi",
  "498605": "jp-mitsubishi",
  "498606": "jp-mitsubishi",
  "498607": "jp-mitsubishi",
  "498608": "jp-mitsubishi",
  "498609": "jp-mitsubishi",
  "498610": "jp-mitsubishi",
  "498611": "jp-mitsubishi",
  "498612": "jp-mitsubishi",
  "498613": "jp-mitsubishi",
  "498614": "jp-mitsubishi",
  "498615": "jp-mitsubishi",
  "498616": "jp-mitsubishi",
  "498617": "jp-mitsubishi",
  "498618": "jp-mitsubishi",
  "498619": "jp-mitsubishi",
  "498620": "jp-mitsubishi",
  "498621": "jp-mitsubishi",
  "498623": "jp-mitsubishi",
  "498624": "jp-mitsubishi",
  "498627": "jp-mitsubishi",
  "498631": "jp-mitsubishi",
  "498632": "jp-mitsubishi",
  "498633": "jp-mitsubishi",
  "498634": "jp-mitsubishi",
  "498635": "jp-mitsubishi",
  "498636": "jp-mitsubishi",
  "498637": "jp-mitsubishi",
  "498638": "jp-mitsubishi",
  "498639": "jp-mitsubishi",
  "498640": "jp-mitsubishi",
  "498641": "jp-mitsubishi",
  "498642": "jp-mitsubishi",
  "498643": "jp-mitsubishi",
  "498644": "jp-mitsubishi",
  "498645": "jp-mitsubishi",
  "498646": "jp-mitsubishi",
  "498647": "jp-mitsubishi",
  "498648": "jp-mitsubishi",
  "498649": "jp-mitsubishi",
  "498650": "jp-mitsubishi",
  "498651": "jp-mitsubishi",
  "498652": "jp-mitsubishi",
  "498653": "jp-mitsubishi",
  "498654": "jp-mitsubishi",
  "498655": "jp-mitsubishi",
  "498656": "jp-mitsubishi",
  "498657": "jp-mitsubishi",
  "498658": "jp-mitsubishi",
  "498659": "jp-mitsubishi",
  "498660": "jp-mitsubishi",
  "498661": "jp-mitsubishi",
  "498662": "jp-mitsubishi",
  "498663": "jp-mitsubishi",
  "498664": "jp-mitsubishi",
  "498665": "jp-mitsubishi",
  "498666": "jp-mitsubishi",
  "498667": "jp-mitsubishi",
  "498668": "jp-mitsubishi",
  "498669": "jp-mitsubishi",
  "498670": "jp-mitsubishi",
  "498671": "jp-mitsubishi",
  "498672": "jp-mitsubishi",
  "498673": "jp-mitsubishi",
  "498674": "jp-mitsubishi",
  "498675": "jp-mitsubishi",
  "498676": "jp-mitsubishi",
  "498677": "jp-mitsubishi",
  "498678": "jp-mitsubishi",
  "498679": "jp-mitsubishi",
  "498680": "jp-mitsubishi",
  "498681": "jp-mitsubishi",
  "498682": "jp-mitsubishi",
  "498683": "jp-mitsubishi",
  "498684": "jp-mitsubishi",
  "498685": "jp-mitsubishi",
  "498686": "jp-mitsubishi",
  "498687": "jp-mitsubishi",
  "498688": "jp-mitsubishi",
  "498689": "jp-mitsubishi",
  "498690": "jp-mitsubishi",
  "498691": "jp-mitsubishi",
  "498692": "jp-mitsubishi",
  "498693": "jp-mitsubishi",
  "498696": "jp-mitsubishi",
  "498697": "jp-mitsubishi",
  "498698": "jp-mitsubishi",
  "498699": "jp-mitsubishi",
  "520800": "jp-mitsubishi",
  "520801": "jp-mitsubishi",
  "520802": "jp-mitsubishi",
  "520803": "jp-mitsubishi",
  "520804": "jp-mitsubishi",
  "520805": "jp-mitsubishi",
  "520806": "jp-mitsubishi",
  "520807": "jp-mitsubishi",
  "520808": "jp-mitsubishi",
  "520809": "jp-mitsubishi",
  "520810": "jp-mitsubishi",
  "520831": "jp-mitsubishi",
  "520832": "jp-mitsubishi",
  "520833": "jp-mitsubishi",
  "520834": "jp-mitsubishi",
  "520835": "jp-mitsubishi",
  "520836": "jp-mitsubishi",
  "520837": "jp-mitsubishi",
  "520838": "jp-mitsubishi",
  "520839": "jp-mitsubishi",
  "520840": "jp-mitsubishi",
  "520841": "jp-mitsubishi",
  "520842": "jp-mitsubishi",
  "520843": "jp-mitsubishi",
  "520844": "jp-mitsubishi",
  "520845": "jp-mitsubishi",
  "520846": "jp-mitsubishi",
  "520847": "jp-mitsubishi",
  "520848": "jp-mitsubishi",
  "520849": "jp-mitsubishi",
  "520850": "jp-mitsubishi",
  "520851": "jp-mitsubishi",
  "520852": "jp-mitsubishi",
  "520853": "jp-mitsubishi",
  "520854": "jp-mitsubishi",
  "520855": "jp-mitsubishi",
  "520858": "jp-mitsubishi",
  "520859": "jp-mitsubishi",
  "520860": "jp-mitsubishi",
  "520861": "jp-mitsubishi",
  "520862": "jp-mitsubishi",
  "520863": "jp-mitsubishi",
  "520864": "jp-mitsubishi",
  "520865": "jp-mitsubishi",
  "520866": "jp-mitsubishi",
  "520867": "jp-mitsubishi",
  "520868": "jp-mitsubishi",
  "520869": "jp-mitsubishi",
  "520870": "jp-mitsubishi",
  "520871": "jp-mitsubishi",
  "520872": "jp-mitsubishi",
  "520873": "jp-mitsubishi",
  "520874": "jp-mitsubishi",
  "520875": "jp-mitsubishi",
  "520876": "jp-mitsubishi",
  "520877": "jp-mitsubishi",
  "520879": "jp-mitsubishi",
  "520880": "jp-mitsubishi",
  "520881": "jp-mitsubishi",
  "520883": "jp-mitsubishi",
  "520884": "jp-mitsubishi",
  "520885": "jp-mitsubishi",
  "520886": "jp-mitsubishi",
  "520887": "jp-mitsubishi",
  "520888": "jp-mitsubishi",
  "520889": "jp-mitsubishi",
  "520890": "jp-mitsubishi",
  "520891": "jp-mitsubishi",
  "520892": "jp-mitsubishi",
  "520893": "jp-mitsubishi",
  "520894": "jp-mitsubishi",
  "520895": "jp-mitsubishi",
  "521200": "jp-mitsubishi",
  "521201": "jp-mitsubishi",
  "521202": "jp-mitsubishi",
  "521203": "jp-mitsubishi",
  "521204": "jp-mitsubishi",
  "521205": "jp-mitsubishi",
  "521206": "jp-mitsubishi",
  "521207": "jp-mitsubishi",
  "521208": "jp-mitsubishi",
  "521209": "jp-mitsubishi",
  "521210": "jp-mitsubishi",
  "521211": "jp-mitsubishi",
  "521212": "jp-mitsubishi",
  "521213": "jp-mitsubishi",
  "521214": "jp-mitsubishi",
  "521215": "jp-mitsubishi",
  "521216": "jp-mitsubishi",
  "521217": "jp-mitsubishi",
  "521218": "jp-mitsubishi",
  "521219": "jp-mitsubishi",
  "521220": "jp-mitsubishi",
  "521221": "jp-mitsubishi",
  "521222": "jp-mitsubishi",
  "521223": "jp-mitsubishi",
  "521224": "jp-mitsubishi",
  "521225": "jp-mitsubishi",
  "521226": "jp-mitsubishi",
  "521227": "jp-mitsubishi",
  "521228": "jp-mitsubishi",
  "521229": "jp-mitsubishi",
  "521230": "jp-mitsubishi",
  "521231": "jp-mitsubishi",
  "521232": "jp-mitsubishi",
  "521233": "jp-mitsubishi",
  "521234": "jp-mitsubishi",
  "521235": "jp-mitsubishi",
  "521236": "jp-mitsubishi",
  "521237": "jp-mitsubishi",
  "521238": "jp-mitsubishi",
  "521239": "jp-mitsubishi",
  "521240": "jp-mitsubishi",
  "521241": "jp-mitsubishi",
  "521242": "jp-mitsubishi",
  "521243": "jp-mitsubishi",
  "521244": "jp-mitsubishi",
  "521245": "jp-mitsubishi",
  "521246": "jp-mitsubishi",
  "521247": "jp-mitsubishi",
  "521248": "jp-mitsubishi",
  "521249": "jp-mitsubishi",
  "521250": "jp-mitsubishi",
  "521251": "jp-mitsubishi",
  "521252": "jp-mitsubishi",
  "521253": "jp-mitsubishi",
  "521254": "jp-mitsubishi",
  "521255": "jp-mitsubishi",
  "521256": "jp-mitsubishi",
  "521257": "jp-mitsubishi",
  "521258": "jp-mitsubishi",
  "521259": "jp-mitsubishi",
  "521270": "jp-mitsubishi",
  "521271": "jp-mitsubishi",
  "521272": "jp-mitsubishi",
  "521450": "jp-mitsubishi",
  "521472": "jp-mitsubishi",
  "521473": "jp-mitsubishi",
  "521474": "jp-mitsubishi",
  "521475": "jp-mitsubishi",
  "521476": "jp-mitsubishi",
  "521477": "jp-mitsubishi",
  "521478": "jp-mitsubishi",
  "521479": "jp-mitsubishi",
  "521480": "jp-mitsubishi",
  "521481": "jp-mitsubishi",
  "521482": "jp-mitsubishi",
  "521483": "jp-mitsubishi",
  "521484": "jp-mitsubishi",
  "521485": "jp-mitsubishi",
  "521486": "jp-mitsubishi",
  "521487": "jp-mitsubishi",
  "521488": "jp-mitsubishi",
  "521489": "jp-mitsubishi",
  "521490": "jp-mitsubishi",
  "521491": "jp-mitsubishi",
  "521492": "jp-mitsubishi",
  "521493": "jp-mitsubishi",
  "521494": "jp-mitsubishi",
  "521495": "jp-mitsubishi",
  "521496": "jp-mitsubishi",
  "521497": "jp-mitsubishi",
  "525110": "jp-mitsubishi",
  "525113": "jp-mitsubishi",
  "525143": "jp-mitsubishi",
  "525258": "jp-resona",
  "525296": "jp-resona",
  "526580": "jp-sumitomo",
  "527900": "jp-mitsubishi",
  "527910": "jp-mitsubishi",
  "527918": "jp-mitsubishi",
  "527920": "jp-mitsubishi",
  "527930": "jp-mitsubishi",
  "527933": "jp-mitsubishi",
  "527934": "jp-mitsubishi",
  "527935": "jp-mitsubishi",
  "527939": "jp-mitsubishi",
  "527940": "jp-mitsubishi",
  "527941": "jp-mitsubishi",
  "527942": "jp-mitsubishi",
  "527947": "jp-mitsubishi",
  "527949": "jp-mitsubishi",
  "527951": "jp-mitsubishi",
  "527975": "jp-mitsubishi",
  "527976": "jp-mitsubishi",
  "527995": "jp-mitsubishi",
  "527996": "jp-mitsubishi",
  "528401": "jp-mitsubishi",
  "528407": "jp-mitsubishi",
  "528409": "jp-mitsubishi",
  "528410": "jp-mitsubishi",
  "528414": "jp-mitsubishi",
  "528416": "jp-mitsubishi",
  "528417": "jp-mitsubishi",
  "528418": "jp-mitsubishi",
  "528450": "jp-mitsubishi",
  "528451": "jp-mitsubishi",
  "528453": "jp-mitsubishi",
  "528454": "jp-mitsubishi",
  "528455": "jp-mitsubishi",
  "528456": "jp-mitsubishi",
  "528457": "jp-mitsubishi",
  "528458": "jp-mitsubishi",
  "528460": "jp-mitsubishi",
  "528461": "jp-mitsubishi",
  "528463": "jp-mitsubishi",
  "528467": "jp-mitsubishi",
  "528468": "jp-mitsubishi",
  "528471": "jp-mitsubishi",
  "528474": "jp-mitsubishi",
  "528475": "jp-mitsubishi",
  "528477": "jp-mitsubishi",
  "529600": "jp-mitsubishi",
  "529601": "jp-mitsubishi",
  "529602": "jp-mitsubishi",
  "529603": "jp-mitsubishi",
  "529604": "jp-mitsubishi",
  "529605": "jp-mitsubishi",
  "529631": "jp-mitsubishi",
  "529632": "jp-mitsubishi",
  "529633": "jp-mitsubishi",
  "529634": "jp-mitsubishi",
  "529635": "jp-mitsubishi",
  "529636": "jp-mitsubishi",
  "529637": "jp-mitsubishi",
  "529638": "jp-mitsubishi",
  "529639": "jp-mitsubishi",
  "529640": "jp-mitsubishi",
  "529641": "jp-mitsubishi",
  "529642": "jp-mitsubishi",
  "529643": "jp-mitsubishi",
  "529644": "jp-mitsubishi",
  "529645": "jp-mitsubishi",
  "529646": "jp-mitsubishi",
  "529647": "jp-mitsubishi",
  "529648": "jp-mitsubishi",
  "529649": "jp-mitsubishi",
  "529650": "jp-mitsubishi",
  "529651": "jp-mitsubishi",
  "529652": "jp-mitsubishi",
  "529653": "jp-mitsubishi",
  "529654": "jp-mitsubishi",
  "529655": "jp-mitsubishi",
  "529656": "jp-mitsubishi",
  "529657": "jp-mitsubishi",
  "529658": "jp-mitsubishi",
  "529659": "jp-mitsubishi",
  "529660": "jp-mitsubishi",
  "529661": "jp-mitsubishi",
  "529662": "jp-mitsubishi",
  "529663": "jp-mitsubishi",
  "529664": "jp-mitsubishi",
  "529665": "jp-mitsubishi",
  "529666": "jp-mitsubishi",
  "529667": "jp-mitsubishi",
  "529668": "jp-mitsubishi",
  "529669": "jp-mitsubishi",
  "529670": "jp-mitsubishi",
  "529671": "jp-mitsubishi",
  "529672": "jp-mitsubishi",
  "529673": "jp-mitsubishi",
  "529674": "jp-mitsubishi",
  "529675": "jp-mitsubishi",
  "529676": "jp-mitsubishi",
  "529677": "jp-mitsubishi",
  "529678": "jp-mitsubishi",
  "529679": "jp-mitsubishi",
  "529680": "jp-mitsubishi",
  "529681": "jp-mitsubishi",
  "529682": "jp-mitsubishi",
  "529683": "jp-mitsubishi",
  "529684": "jp-mitsubishi",
  "529685": "jp-mitsubishi",
  "529686": "jp-mitsubishi",
  "529687": "jp-mitsubishi",
  "529688": "jp-mitsubishi",
  "529689": "jp-mitsubishi",
  "530230": "jp-sumitomo",
  "530231": "jp-sumitomo",
  "530232": "jp-sumitomo",
  "530233": "jp-sumitomo",
  "530234": "jp-sumitomo",
  "530235": "jp-sumitomo",
  "530236": "jp-sumitomo",
  "530237": "jp-sumitomo",
  "530238": "jp-sumitomo",
  "530239": "jp-sumitomo",
  "530241": "jp-sumitomo",
  "530242": "jp-sumitomo",
  "530243": "jp-post",
  "530244": "jp-post",
  "530245": "jp-post",
  "530246": "jp-post",
  "530249": "jp-sumitomo",
  "530590": "jp-sumitomo",
  "530591": "jp-sumitomo",
  "530600": "jp-resona",
  "530602": "jp-resona",
  "533480": "jp-fukuoka",
  "533481": "jp-fukuoka",
  "533490": "jp-sumitomo",
  "533491": "jp-sumitomo",
  "533492": "jp-sumitomo",
  "533493": "jp-sumitomo",
  "533494": "jp-sumitomo",
  "533495": "jp-sumitomo",
  "533496": "jp-sumitomo",
  "533499": "jp-sumitomo",
  "533501": "jp-sumitomo",
  "533505": "jp-sumitomo",
  "533506": "jp-sumitomo",
  "533509": "jp-sumitomo",
  "533640": "jp-sumitomo",
  "533650": "jp-resona",
  "533710": "jp-sumitomo",
  "540189": "jp-resona",
  "540601": "jp-sumitomo",
  "542566": "jp-resona",
  "543817": "jp-sumitomo"
}