{
  "340000": "se-american-express",
  "341374": "se-american-express",
  "349010": "se-american-express",
  "349011": "se-american-express",
  "349012": "se-american-express",
  "349013": "se-american-express",
  "349014": "se-american-express",
  "349015": "se-american-express",
  "349016": "se-american-express",
  "349017": "se-american-express",
  "349018": "se-american-express",
  "349019": "se-american-express",
  "349020": "se-american-express",
  "349022": "se-american-express",
  "349023": "se-american-express",
  "349024": "se-american-express",
  "349025": "se-american-express",
  "349026": "se-american-express",
  "349027": "se-american-express",
  "349028": "se-american-express",
  "349029": "se-american-express",
  "349030": "se-american-express",
  "349031": "se-american-express",
  "349032": "se-american-express",
  "349033": "se-american-express",
  "349034": "se-american-express",
  "349035": "se-american-express",
  "349036": "se-american-express",
  "349037": "se-american-express",
  "349038": "se-american-express",
  "349039": "se-american-express",
  "349990": "se-american-express",
  "349991": "se-american-express",
  "349992": "se-american-express",
  "349993": "se-american-express",
  "349994": "se-american-express",
  "349995": "se-american-express",
  "349996": "se-american-express",
  "349997": "se-american-express",
  "349998": "se-american-express",
  "349999": "se-american-express",
  "361480": "se-danske",
  "361482": "se-seb",
  "370001": "se-american-express",
  "370002": "se-american-express",
  "370004": "se-american-express",
  "370018": "se-american-express",
  "370092": "se-american-express",
  "370105": "se-american-express",
  "370106": "se-american-express",
  "370107": "se-american-express",
  "370108": "se-american-express",
  "370109": "se-american-express",
  "370110": "se-american-express",
  "370166": "se-american-express",
  "370168": "se-american-express",
  "370179": "se-american-express",
  "370180": "se-american-express",
  "370181": "se-american-express",
  "370193": "se-american-express",
  "370197": "se-american-express",
  "370340": "se-american-express",
  "370341": "se-american-express",
  "370349": "se-american-express",
  "370351": "se-american-express",
  "370353": "se-american-express",
  "370370": "se-american-express",
  "370371": "se-american-express",
  "370372": "se-american-express",
  "370373": "se-american-express",
  "370374": "se-american-express",
  "370375": "se-american-express",
  "370376": "se-american-express",
  "370377": "se-american-express",
  "370378": "se-american-express",
  "370379": "se-american-express",
  "370380": "se-american-express",
  "370382": "se-american-express",
  "370400": "se-american-express",
  "370422": "se-american-express",
  "370446": "se-american-express",
  "370458": "se-american-express",
  "370460": "se-american-express",
  "370477": "se-american-express",
  "370501": "se-american-express",
  "370504": "se-american-express",
  "370558": "se-american-express",
  "370567": "se-american-express",
  "370597": "se-american-express",
  "370606": "se-american-express",
  "370674": "se-american-express",
  "370686": "se-american-express",
  "370813": "se-american-express",
  "370832": "se-american-express",
  "370834": "se-american-express",
  "370856": "se-american-express",
  "370888": "se-american-express",
  "370895": "se-american-express",
  "370912": "se-american-express",
  "370935": "se-american-express",
  "370946": "se-american-express",
  "370990": "se-american-express",
  "371000": "se-american-express",
  "371007": "se-american-express",
  "371008": "se-american-express",
  "371009": "se-american-express",
  "371250": "se-american-express",
  "371251": "se-american-express",
  "371252": "se-american-express",
  "371253": "se-american-express",
  "371254": "se-american-express",
  "371255": "se-american-express",
  "371256": "se-american-express",
  "371257": "se-american-express",
  "371258": "se-american-express",
  "371259": "se-american-express",
  "371591": "se-american-express",
  "371592": "se-american-express",
  "371596": "se-american-express",
  "371760": "se-american-express",
  "371761": "se-american-express",
  "371762": "se-american-express",
  "371763": "se-american-express",
  "371764": "se-american-express",
  "371765": "se-american-express",
  "371790": "se-american-express",
  "371797": "se-american-express",
  "371799": "se-american-express",
  "372004": "se-american-express",
  "372005": "se-american-express",
  "372009": "se-american-express",
  "372240": "se-american-express",
  "372241": "se-american-express",
  "372242": "se-american-express",
  "372243": "se-american-express",
  "372244": "se-american-express",
  "372245": "se-american-express",
  "372246": "se-american-express",
  "372247": "se-american-express",
  "372248": "se-american-express",
  "372249": "se-american-express",
  "372250": "se-american-express",
  "372251": "se-american-express",
  "372252": "se-american-express",
  "372253": "se-american-express",
  "372254": "se-american-express",
  "372255": "se-american-express",
  "372256": "se-american-express",
  "372257": "se-american-express",
  "372258": "se-american-express",
  "372259": "se-american-express",
  "372270": "se-american-express",
  "372271": "se-american-express",
  "372272": "se-american-express",
  "372273": "se-american-express",
  "372274": "se-american-express",
  "372275": "se-american-express",
  "372276": "se-american-express",
  "372277": "se-american-express",
  "372278": "se-american-express",
  "372279": "se-american-express",
  "372292": "se-american-express",
  "372293": "se-american-express",
  "372294": "se-american-express",
  "372295": "se-american-express",
  "372296": "se-american-express",
  "372297": "se-american-express",
  "372298": "se-american-express",
  "372299": "se-american-express",
  "372302": "se-american-express",
  "372303": "se-american-express",
  "372304": "se-american-express",
  "372305": "se-american-express",
  "372306": "se-american-express",
  "372307": "se-american-express",
  "372308": "se-american-express",
  "372309": "se-american-express",
  "372330": "se-american-express",
  "372331": "se-american-express",
  "372332": "se-american-express",
  "372333": "se-american-express",
  "372334": "se-american-express",
  "372335": "se-american-express",
  "372336": "se-american-express",
  "372337": "se-american-express",
  "372338": "se-american-express",
  "372339": "se-american-express",
  "372389": "se-american-express",
  "372516": "se-american-express",
  "372517": "se-american-express",
  "372518": "se-american-express",
  "372519": "se-american-express",
  "372560": "se-american-express",
  "372561": "se-american-express",
  "372562": "se-american-express",
  "372563": "se-american-express",
  "372564": "se-american-express",
  "372565": "se-american-express",
  "372566": "se-american-express",
  "372567": "se-american-express",
  "372568": "se-american-express",
  "372569": "se-american-express",
  "372590": "se-american-express",
  "372591": "se-american-express",
  "372592": "se-american-express",
  "372593": "se-american-express",
  "372594": "se-american-express",
  "372595": "se-american-express",
  "372596": "se-american-express",
  "372597": "se-american-express",
  "372598": "se-american-express",
  "372599": "se-american-express",
  "372758": "se-american-express",
  "372759": "se-american-express",
  "373000": "se-american-express",
  "373001": "se-american-express",
  "373002": "se-american-express",
  "373003": "se-american-express",
  "373004": "se-american-express",
  "373005": "se-american-express",
  "373006": "se-american-express",
  "373007": "se-american-express",
  "373008": "se-american-express",
  "373009": "se-american-express",
  "373290": "se-american-express",
  "373291": "se-american-express",
  "373292": "se-american-express",
  "373293": "se-american-express",
  "373294": "se-american-express",
  "373295": "se-american-express",
  "373296": "se-american-express",
  "373297": "se-american-express",
  "373298": "se-american-express",
  "373299": "se-american-express",
  "373398": "se-american-express",
  "373770": "se-american-express",
  "373771": "se-american-express",
  "373772": "se-american-express",
  "373773": "se-american-express",
  "373774": "se-american-express",
  "373775": "se-american-express",
  "373776": "se-american-express",
  "373777": "se-american-express",
  "373778": "se-american-express",
  "373779": "se-american-express",
  "373780": "se-american-express",
  "373781": "se-american-express",
  "373783": "se-american-express",
  "373784": "se-american-express",
  "373786": "se-american-express",
  "373789": "se-american-express",
  "373790": "se-american-express",
  "373791": "se-american-express",
  "373792": "se-american-express",
  "373793": "se-american-express",
  "373794": "se-american-express",
  "373796": "se-american-express",
  "373797": "se-american-express",
  "373798": "se-american-express",
  "373799": "se-american-express",
  "374006": "se-american-express",
  "374007": "se-american-express",
  "374008": "se-american-express",
  "374015": "se-american-express",
  "374016": "se-american-express",
  "374017": "se-american-express",
  "374018": "se-american-express",
  "374019": "se-american-express",
  "374021": "se-american-express",
  "374022": "se-american-express",
  "374023": "se-american-express",
  "374024": "se-american-express",
  "374025": "se-american-express",
  "374026": "se-american-express",
  "374027": "se-american-express",
  "374028": "se-american-express",
  "374029": "se-american-express",
  "374031": "se-american-express",
  "374032": "se-american-express",
  "374033": "se-american-express",
  "374034": "se-american-express",
  "374035": "se-american-express",
  "374036": "se-american-express",
  "374037": "se-american-express",
  "374038": "se-american-express",
  "374039": "se-american-express",
  "374041": "se-american-express",
  "374042": "se-american-express",
  "374043": "se-american-express",
  "374044": "se-american-express",
  "374045": "se-american-express",
  "374046": "se-american-express",
  "374047": "se-american-express",
  "374048": "se-american-express",
  "374049": "se-american-express",
  "374052": "se-american-express",
  "374054": "se-american-express",
  "374055": "se-american-express",
  "374056": "se-american-express",
  "374057": "se-american-express",
  "374058": "se-american-express",
  "374059": "se-american-express",
  "374061": "se-american-express",
  "374062": "se-american-express",
  "374063": "se-american-express",
  "374064": "se-american-express",
  "374065": "se-american-express",
  "374066": "se-american-express",
  "374067": "se-american-express",
  "374068": "se-american-express",
  "374069": "se-american-express",
  "374071": "se-american-express",
  "374072": "se-american-express",
  "374073": "se-american-express",
  "374074": "se-american-express",
  "374075": "se-american-express",
  "374076": "se-american-express",
  "374077": "se-american-express",
  "374078": "se-american-express",
  "374079": "se-american-express",
  "374086": "se-american-express",
  "374087": "se-american-express",
  "374088": "se-american-express",
  "374300": "se-american-express",
  "374301": "se-american-express",
  "374302": "se-american-express",
  "374303": "se-american-express",
  "374304": "se-american-express",
  "374305": "se-american-express",
  "374306": "se-american-express",
  "374307": "se-american-express",
  "374308": "se-american-express",
  "374309": "se-american-express",
  "374310": "se-american-express",
  "374313": "se-american-express",
  "374325": "se-american-express",
  "374335": "se-american-express",
  "374336": "se-american-express",
  "374337": "se-american-express",
  "374338": "se-american-express",
  "374339": "se-american-express",
  "374340": "se-american-express",
  "374341": "se-american-express",
  "374342": "se-american-express",
  "374343": "se-american-express",
  "374346": "se-american-express",
  "374347": "se-american-express",
  "374348": "se-american-express",
  "374349": "se-american-express",
  "374352": "se-american-express",
  "374353": "se-american-express",
  "374358": "se-american-express",
  "374359": "se-american-express",
  "374361": "se-american-express",
  "374362": "se-american-express",
  "374363": "se-american-express",
  "374365": "se-american-express",
  "374366": "se-american-express",
  "374368": "se-american-express",
  "374369": "se-american-express",
  "374370": "se-american-express",
  "374373": "se-american-express",
  "374374": "se-american-express",
  "374375": "se-american-express",
  "374376": "se-american-express",
  "374379": "se-american-express",
  "374380": "se-american-express",
  "374381": "se-american-express",
  "374382": "se-american-express",
  "374385": "se-american-express",
  "374386": "se-american-express",
  "374387": "se-american-express",
  "374389": "se-american-express",
  "374390": "se-american-express",
  "374391": "se-american-express",
  "374392": "se-american-express",
  "374393": "se-american-express",
  "374394": "se-american-express",
  "374395": "se-american-express",
  "374396": "se-american-express",
  "374399": "se-american-express",
  "374618": "se-american-express",
  "374700": "se-american-express",
  "374701": "se-american-express",
  "374702": "se-american-express",
  "374703": "se-danske",
  "374704": "se-american-express",
  "374705": "se-american-express",
  "374706": "se-american-express",
  "374707": "se-american-express",
  "374708": "se-american-express",
  "374709": "se-american-express",
  "374710": "se-american-express",
  "374711": "se-american-express",
  "374730": "se-american-express",
  "374733": "se-american-express",
  "374734": "se-american-express",
  "374735": "se-american-express",
  "374737": "se-american-express",
  "374745": "se-american-express",
  "374746": "se-american-express",
  "374749": "se-american-express",
  "374756": "se-american-express",
  "374780": "se-american-express",
  "374784": "se-american-express",
  "374789": "se-american-express",
  "374802": "se-american-express",
  "374803": "se-american-express",
  "374804": "se-american-express",
  "374805": "se-american-express",
  "374806": "se-american-express",
  "374807": "se-american-express",
  "374808": "se-american-express",
  "374809": "se-american-express",
  "374810": "se-american-express",
  "374811": "se-american-express",
  "374812": "se-american-express",
  "374813": "se-american-express",
  "374814": "se-american-express",
  "374815": "se-american-express",
  "374816": "se-american-express",
  "374817": "se-american-express",
  "374818": "se-american-express",
  "374819": "se-american-express",
  "374820": "se-american-express",
  "374821": "se-american-express",
  "374822": "se-american-express",
  "374823": "se-american-express",
  "374824": "se-american-express",
  "374825": "se-american-express",
  "374826": "se-american-express",
  "374827": "se-american-express",
  "374828": "se-american-express",
  "374829": "se-american-express",
  "374830": "se-american-express",
  "374831": "se-american-express",
  "374832": "se-american-express",
  "374833": "se-american-express",
  "374834": "se-american-express",
  "374835": "se-american-express",
  "374836": "se-american-express",
  "374837": "se-american-express",
  "374838": "se-american-express",
  "374839": "se-american-express",
  "374840": "se-american-express",
  "374841": "se-american-express",
  "374842": "se-american-express",
  "374843": "se-american-express",
  "374844": "se-american-express",
  "374845": "se-american-express",
  "374846": "se-american-express",
  "374847": "se-american-express",
  "374848": "se-american-express",
  "374849": "se-american-express",
  "374850": "se-american-express",
  "374851": "se-american-express",
  "374852": "se-american-express",
  "374853": "se-american-express",
  "374854": "se-american-express",
  "374855": "se-american-express",
  "374856": "se-american-express",
  "374857": "se-american-express",
  "374858": "se-american-express",
  "374859": "se-american-express",
  "374860": "se-american-express",
  "374861": "se-american-express",
  "374862": "se-american-express",
  "374863": "se-american-express",
  "374864": "se-american-express",
  "374865": "se-american-express",
  "374866": "se-american-express",
  "374867": "se-american-express",
  "374868": "se-american-express",
  "374869": "se-american-express",
  "374870": "se-american-express",
  "374871": "se-american-express",
  "374872": "se-american-express",
  "374873": "se-american-express",
  "374874": "se-american-express",
  "374875": "se-american-express",
  "374876": "se-american-express",
  "374877": "se-american-express",
  "374878": "se-american-express",
  "374879": "se-american-express",
  "374880": "se-american-express",
  "374881": "se-american-express",
  "374882": "se-american-express",
  "374883": "se-american-express",
  "374884": "se-american-express",
  "374885": "se-american-express",
  "374886": "se-american-express",
  "374887": "se-american-express",
  "374888": "se-american-express",
  "374889": "se-american-express",
  "374890": "se-american-express",
  "374891": "se-american-express",
  "374892": "se-american-express",
  "374893": "se-american-express",
  "374894": "se-american-express",
  "374895": "se-american-express",
  "374896": "se-american-express",
  "374897": "se-american-express",
  "374898": "se-american-express",
  "374899": "se-american-express",
  "375110": "se-american-express",
  "375112": "se-american-express",
  "375113": "se-american-express",
  "375114": "se-american-express",
  "375140": "se-american-express",
  "375141": "se-american-express",
  "375143": "se-american-express",
  "375146": "se-american-express",
  "375147": "se-american-express",
  "375148": "se-american-express",
  "375149": "se-american-express",
  "375152": "se-american-express",
  "375153": "se-american-express",
  "375158": "se-american-express",
  "375160": "se-american-express",
  "375161": "se-american-express",
  "375163": "se-american-express",
  "375164": "se-american-express",
  "375165": "se-american-express",
  "375166": "se-american-express",
  "375167": "se-american-express",
  "375168": "se-american-express",
  "375170": "se-american-express",
  "375181": "se-american-express",
  "375182": "se-american-express",
  "375183": "se-american-express",
  "375184": "se-american-express",
  "375185": "se-american-express",
  "375186": "se-american-express",
  "375187": "se-american-express",
  "375188": "se-american-express",
  "375189": "se-american-express",
  "375191": "se-american-express",
  "375192": "se-american-express",
  "375193": "se-american-express",
  "375194": "se-american-express",
  "375195": "se-american-express",
  "375196": "se-american-express",
  "375197": "se-american-express",
  "375198": "se-american-express",
  "375199": "se-american-express",
  "375400": "se-american-express",
  "375401": "se-american-express",
  "375402": "se-american-express",
  "375403": "se-american-express",
  "375404": "se-american-express",
  "375405": "se-american-express",
  "375406": "se-american-express",
  "375407": "se-american-express",
  "375408": "se-american-express",
  "375409": "se-american-express",
  "375410": "se-american-express",
  "375411": "se-american-express",
  "375412": "se-american-express",
  "375413": "se-american-express",
  "375418": "se-american-express",
  "375419": "se-american-express",
  "375421": "se-american-express",
  "375422": "se-american-express",
  "375423": "se-american-express",
  "375424": "se-american-express",
  "375425": "se-american-express",
  "375426": "se-american-express",
  "375427": "se-american-express",
  "375428": "se-american-express",
  "375429": "se-american-express",
  "375430": "se-american-express",
  "375431": "se-american-express",
  "375432": "se-american-express",
  "375433": "se-american-express",
  "375434": "se-american-express",
  "375435": "se-american-express",
  "375436": "se-american-express",
  "375437": "se-american-express",
  "375438": "se-american-express",
  "375439": "se-american-express",
  "375440": "se-american-express",
  "375441": "se-american-express",
  "375442": "se-american-express",
  "375443": "se-american-express",
  "375444": "se-american-express",
  "375445": "se-american-express",
  "375446": "se-american-express",
  "375447": "se-american-express",
  "375448": "se-american-express",
  "375449": "se-american-express",
  "375450": "se-american-express",
  "375451": "se-american-express",
  "375452": "se-american-express",
  "375453": "se-american-express",
  "375454": "se-american-express",
  "375455": "se-american-express",
  "375456": "se-american-express",
  "375457": "se-american-express",
  "375458": "se-american-express",
  "375459": "se-american-express",
  "375460": "se-american-express",
  "375461": "se-american-express",
  "375462": "se-american-express",
  "375463": "se-american-express",
  "375464": "se-american-express",
  "375465": "se-american-express",
  "375466": "se-american-express",
  "375467": "se-american-express",
  "375468": "se-american-express",
  "375469": "se-american-express",
  "375470": "se-american-express",
  "375471": "se-american-express",
  "375472": "se-american-express",
  "375473": "se-american-express",
  "375474": "se-american-express",
  "375475": "se-american-express",
  "375476": "se-american-express",
  "375477": "se-american-express",
  "375478": "se-american-express",
  "375479": "se-american-express",
  "375480": "se-american-express",
  "375481": "se-american-express",
  "375482": "se-american-express",
  "375483": "se-american-express",
  "375484": "se-american-express",
  "375485": "se-american-express",
  "375486": "se-american-express",
  "375487": "se-american-express",
  "375488": "se-american-express",
  "375489": "se-american-express",
  "375500": "se-american-express",
  "375501": "se-american-express",
  "375505": "se-american-express",
  "375509": "se-american-express",
  "375520": "se-american-express",
  "375521": "se-american-express",
  "375522": "se-american-express",
  "375523": "se-american-express",
  "375524": "se-american-express",
  "375552": "se-american-express",
  "375553": "se-american-express",
  "375555": "se-american-express",
  "375563": "se-american-express",
  "375564": "se-american-express",
  "375565": "se-american-express",
  "375566": "se-american-express",
  "375567": "se-american-express",
  "375572": "se-american-express",
  "375575": "se-american-express",
  "375577": "se-american-express",
  "375578": "se-american-express",
  "375579": "se-american-express",
  "375580": "se-american-express",
  "375582": "se-american-express",
  "375583": "se-american-express",
  "375584": "se-american-express",
  "375585": "se-american-express",
  "375586": "se-american-express",
  "375654": "se-american-express",
  "375655": "se-american-express",
  "375656": "se-american-express",
  "375657": "se-american-express",
  "375658": "se-american-express",
  "375659": "se-american-express",
  "375661": "se-american-express",
  "375662": "se-american-express",
  "375663": "se-american-express",
  "375664": "se-american-express",
  "375665": "se-american-express",
  "375666": "se-american-express",
  "375667": "se-american-express",
  "375668": "se-american-express",
  "375669": "se-american-express",
  "375671": "se-american-express",
  "375672": "se-american-express",
  "375673": "se-american-express",
  "375674": "se-american-express",
  "375675": "se-american-express",
  "375676": "se-american-express",
  "375677": "se-american-express",
  "375678": "se-american-express",
  "375679": "se-american-express",
  "375700": "se-american-express",
  "375701": "se-american-express",
  "375702": "se-american-express",
  "375703": "se-american-express",
  "375704": "se-american-express",
  "375705": "se-american-express",
  "375706": "se-american-express",
  "375707": "se-american-express",
  "375708": "se-american-express",
  "375709": "se-american-express",
  "375710": "se-american-express",
  "375711": "se-american-express",
  "375712": "se-american-express",
  "375713": "se-american-express",
  "375714": "se-american-express",
  "375715": "se-american-express",
  "375716": "se-american-express",
  "375717": "se-american-express",
  "375718": "se-american-express",
  "375719": "se-american-express",
  "375720": "se-american-express",
  "375721": "se-american-express",
  "375722": "se-american-express",
  "375723": "se-american-express",
  "375724": "se-ab",
  "375725": "se-american-express",
  "375726": "se-american-express",
  "375727": "se-american-express",
  "375728": "se-american-express",
  "375729": "se-american-express",
  "375730": "se-american-express",
  "375731": "se-american-express",
  "375732": "se-american-express",
  "375733": "se-american-express",
  "375734": "se-american-express",
  "375735": "se-american-express",
  "375736": "se-american-express",
  "375737": "se-american-express",
  "375738": "se-american-express",
  "375739": "se-american-express",
  "375740": "se-american-express",
  "375741": "se-american-express",
  "375742": "se-american-express",
  "375743": "se-american-express",
  "375744": "se-american-express",
  "375745": "se-american-express",
  "375746": "se-american-express",
  "375747": "se-american-express",
  "375748": "se-american-express",
  "375749": "se-american-express",
  "375750": "se-american-express",
  "375751": "se-american-express",
  "375752": "se-american-express",
  "375753": "se-american-express",
  "375754": "se-american-express",
  "375755": "se-american-express",
  "375756": "se-american-express",
  "375757": "se-american-express",
  "375758": "se-american-express",
  "375759": "se-american-express",
  "375760": "se-american-express",
  "375761": "se-american-express",
  "375762": "se-american-express",
  "375763": "se-american-express",
  "375764": "se-american-express",
  "375765": "se-american-express",
  "375766": "se-american-express",
  "375767": "se-american-express",
  "375768": "se-american-express",
  "375769": "se-american-express",
  "375770": "se-american-express",
  "375771": "se-american-express",
  "375772": "se-american-express",
  "375773": "se-american-express",
  "375774": "se-american-express",
  "375775": "se-american-express",
  "375776": "se-american-express",
  "375777": "se-american-express",
  "375778": "se-american-express",
  "375779": "se-american-express",
  "375780": "se-american-express",
  "375781": "se-american-express",
  "375782": "se-american-express",
  "375783": "se-american-express",
  "375784": "se-american-express",
  "375785": "se-american-express",
  "375786": "se-american-express",
  "375787": "se-american-express",
  "375788": "se-american-express",
  "375789": "se-american-express",
  "375790": "se-american-express",
  "375791": "se-american-express",
  "375792": "se-american-express",
  "375793": "se-american-express",
  "375794": "se-american-express",
  "375795": "se-american-express",
  "375796": "se-american-express",
  "375797": "se-american-express",
  "375798": "se-american-express",
  "375799": "se-american-express",
  "376016": "se-american-express",
  "376017": "se-american-express",
  "376018": "se-american-express",
  "376033": "se-american-express",
  "376034": "se-american-express",
  "376035": "se-american-express",
  "376036": "se-american-express",
  "376037": "se-american-express",
  "376038": "se-american-express",
  "376067": "se-american-express",
  "376068": "se-american-express",
  "376069": "se-american-express",
  "376141": "se-american-express",
  "376142": "se-american-express",
  "376143": "se-american-express",
  "376144": "se-american-express",
  "376145": "se-american-express",
  "376146": "se-american-express",
  "376147": "se-american-express",
  "376148": "se-american-express",
  "376149": "se-american-express",
  "376190": "se-american-express",
  "376296": "se-american-express",
  "376297": "se-american-express",
  "376298": "se-american-express",
  "376299": "se-american-express",
  "376318": "se-american-express",
  "376361": "se-american-express",
  "376362": "se-american-express",
  "376363": "se-american-express",
  "376366": "se-american-express",
  "376367": "se-american-express",
  "376368": "se-american-express",
  "376369": "se-american-express",
  "376490": "se-american-express",
  "376495": "se-american-express",
  "376496": "se-american-express",
  "376497": "se-american-express",
  "376499": "se-american-express",
  "376502": "se-american-express",
  "376503": "se-american-express",
  "376504": "se-american-express",
  "376505": "se-american-express",
  "376506": "se-american-express",
  "376507": "se-american-express",
  "376508": "se-american-express",
  "376509": "se-american-express",
  "376530": "se-american-express",
  "376531": "se-american-express",
  "376542": "se-american-express",
  "376543": "se-american-express",
  "376544": "se-american-express",
  "376545": "se-american-express",
  "376546": "se-american-express",
  "376547": "se-american-express",
  "376548": "se-american-express",
  "376549": "se-american-express",
  "376557": "se-american-express",
  "376558": "se-american-express",
  "376559": "se-american-express",
  "376560": "se-american-express",
  "376561": "se-american-express",
  "376562": "se-american-express",
  "376563": "se-american-express",
  "376564": "se-american-express",
  "376565": "se-american-express",
  "376566": "se-american-express",
  "376567": "se-american-express",
  "376568": "se-american-express",
  "376569": "se-american-express",
  "376570": "se-american-express",
  "376571": "se-american-express",
  "376572": "se-american-express",
  "376573": "se-american-express",
  "376574": "se-american-express",
  "376575": "se-american-express",
  "376576": "se-american-express",
  "376577": "se-american-express",
  "376578": "se-american-express",
  "376579": "se-american-express",
  "376580": "se-american-express",
  "376581": "se-american-express",
  "376582": "se-american-express",
  "376583": "se-american-express",
  "376584": "se-american-express",
  "376585": "se-american-express",
  "376586": "se-american-express",
  "376587": "se-american-express",
  "376588": "se-american-express",
  "376589": "se-american-express",
  "376590": "se-american-express",
  "376591": "se-american-express",
  "376592": "se-american-express",
  "376593": "se-american-express",
  "376594": "se-american-express",
  "376595": "se-american-express",
  "376596": "se-american-express",
  "376597": "se-american-express",
  "376598": "se-american-express",
  "376599": "se-american-express",
  "376610": "se-american-express",
  "376611": "se-american-express",
  "376612": "se-american-express",
  "376613": "se-american-express",
  "376614": "se-american-express",
  "376615": "se-american-express",
  "376658": "se-danske",
  "376719": "se-american-express",
  "376800": "se-american-express",
  "376801": "se-american-express",
  "376802": "se-american-express",
  "376803": "se-american-express",
  "376804": "se-american-express",
  "376805": "se-american-express",
  "376806": "se-american-express",
  "376807": "se-american-express",
  "376808": "se-american-express",
  "376809": "se-american-express",
  "376810": "se-american-express",
  "376811": "se-american-express",
  "376812": "se-american-express",
  "376813": "se-american-express",
  "376814": "se-american-express",
  "376815": "se-american-express",
  "376816": "se-american-express",
  "376817": "se-american-express",
  "376818": "se-american-express",
  "376819": "se-american-express",
  "376820": "se-american-express",
  "376821": "se-american-express",
  "376822": "se-american-express",
  "376823": "se-american-express",
  "376824": "se-american-express",
  "376825": "se-american-express",
  "376826": "se-american-express",
  "376827": "se-american-express",
  "376828": "se-american-express",
  "376829": "se-american-express",
  "376830": "se-american-express",
  "376831": "se-american-express",
  "376832": "se-american-express",
  "376833": "se-american-express",
  "376834": "se-american-express",
  "376835": "se-american-express",
  "376836": "se-american-express",
  "376837": "se-american-express",
  "376838": "se-american-express",
  "376839": "se-american-express",
  "376840": "se-american-express",
  "376841": "se-american-express",
  "376842": "se-american-express",
  "376843": "se-american-express",
  "376844": "se-american-express",
  "376845": "se-american-express",
  "376846": "se-american-express",
  "376847": "se-american-express",
  "376848": "se-american-express",
  "376849": "se-american-express",
  "376850": "se-american-express",
  "376851": "se-american-express",
  "376852": "se-american-express",
  "376853": "se-american-express",
  "376854": "se-american-express",
  "376855": "se-american-express",
  "376856": "se-american-express",
  "376859": "se-american-express",
  "376860": "se-american-express",
  "376861": "se-american-express",
  "376862": "se-american-express",
  "376863": "se-american-express",
  "376865": "se-american-express",
  "376866": "se-american-express",
  "376867": "se-american-express",
  "376868": "se-american-express",
  "376870": "se-american-express",
  "376871": "se-american-express",
  "376873": "se-american-express",
  "376877": "se-american-express",
  "376878": "se-american-express",
  "376879": "se-american-express",
  "376880": "se-american-express",
  "376881": "se-american-express",
  "376882": "se-american-express",
  "376883": "se-american-express",
  "376884": "se-american-express",
  "376885": "se-american-express",
  "376886": "se-american-express",
  "376887": "se-american-express",
  "376888": "se-american-express",
  "376889": "se-american-express",
  "376890": "se-american-express",
  "376891": "se-american-express",
  "376892": "se-american-express",
  "376893": "se-american-express",
  "376894": "se-american-express",
  "376895": "se-american-express",
  "376896": "se-american-express",
  "376897": "se-american-express",
  "376898": "se-american-express",
  "376899": "se-american-express",
  "376901": "se-american-express",
  "376902": "se-american-express",
  "376903": "se-american-express",
  "376904": "se-american-express",
  "376905": "se-american-express",
  "376906": "se-american-express",
  "376907": "se-american-express",
  "376908": "se-american-express",
  "376909": "se-american-express",
  "376920": "se-american-express",
  "376921": "se-american-express",
  "376922": "se-american-express",
  "376923": "se-american-express",
  "376924": "se-american-express",
  "376925": "se-american-express",
  "376926": "se-american-express",
  "376927": "se-american-express",
  "376928": "se-american-express",
  "376929": "se-american-express",
  "376955": "se-american-express",
  "376956": "se-american-express",
  "376957": "se-american-express",
  "376958": "se-american-express",
  "376959": "se-american-express",
  "376961": "se-american-express",
  "376962": "se-american-express",
  "376965": "se-american-express",
  "376967": "se-american-express",
  "376969": "se-american-express",
  "376980": "se-american-express",
  "376991": "se-american-express",
  "376992": "se-american-express",
  "376993": "se-american-express",
  "376994": "se-american-express",
  "376995": "se-american-express",
  "376996": "se-american-express",
  "376997": "se-american-express",
  "376998": "se-american-express",
  "376999": "se-american-express",
  "377042": "se-american-express",
  "377043": "se-american-express",
  "377044": "se-american-express",
  "377097": "se-american-express",
  "377098": "se-american-express",
  "377122": "se-american-express",
  "377123": "se-american-express",
  "377125": "se-american-express",
  "377126": "se-american-express",
  "377127": "se-american-express",
  "377129": "se-american-express",
  "377134": "se-american-express",
  "377135": "se-american-express",
  "377136": "se-american-express",
  "377138": "se-american-express",
  "377139": "se-american-express",
  "377140": "se-american-express",
  "377141": "se-american-express",
  "377142": "se-american-express",
  "377143": "se-american-express",
  "377144": "se-american-express",
  "377146": "se-american-express",
  "377147": "se-american-express",
  "377148": "se-american-express",
  "377154": "se-american-express",
  "377156": "se-american-express",
  "377166": "se-american-express",
  "377167": "se-american-express",
  "377168": "se-american-express",
  "377170": "se-american-express",
  "377172": "se-american-express",
  "377173": "se-american-express",
  "377176": "se-american-express",
  "377179": "se-american-express",
  "377180": "se-american-express",
  "377183": "se-american-express",
  "377184": "se-american-express",
  "377188": "se-american-express",
  "377189": "se-american-express",
  "377190": "se-american-express",
  "377191": "se-american-express",
  "377192": "se-american-express",
  "377193": "se-american-express",
  "377194": "se-american-express",
  "377195": "se-american-express",
  "377196": "se-american-express",
  "377197": "se-american-express",
  "377198": "se-american-express",
  "377199": "se-american-express",
  "377200": "se-american-express",
  "377201": "se-american-express",
  "377202": "se-american-express",
  "377203": "se-american-express",
  "377204": "se-american-express",
  "377205": "se-american-express",
  "377206": "se-american-express",
  "377207": "se-american-express",
  "377208": "se-american-express",
  "377209": "se-american-express",
  "377300": "se-american-express",
  "377301": "se-american-express",
  "377302": "se-american-express",
  "377303": "se-american-express",
  "377304": "se-american-express",
  "377305": "se-american-express",
  "377306": "se-american-express",
  "377307": "se-american-express",
  "377308": "se-american-express",
  "377309": "se-american-express",
  "377314": "se-american-express",
  "377317": "se-american-express",
  "377318": "se-american-express",
  "377319": "se-american-express",
  "377320": "se-american-express",
  "377321": "se-american-express",
  "377322": "se-american-express",
  "377323": "se-american-express",
  "377324": "se-american-express",
  "377325": "se-american-express",
  "377326": "se-american-express",
  "377327": "se-american-express",
  "377328": "se-american-express",
  "377329": "se-american-express",
  "377330": "se-american-express",
  "377331": "se-american-express",
  "377332": "se-american-express",
  "377333": "se-american-express",
  "377334": "se-american-express",
  "377335": "se-american-express",
  "377336": "se-american-express",
  "377337": "se-american-express",
  "377338": "se-american-express",
  "377339": "se-american-express",
  "377340": "se-american-express",
  "377341": "se-american-express",
  "377342": "se-american-express",
  "377343": "se-american-express",
  "377344": "se-american-express",
  "377345": "se-american-express",
  "377346": "se-american-express",
  "377347": "se-american-express",
  "377348": "se-american-express",
  "377349": "se-american-express",
  "377350": "se-american-express",
  "377351": "se-american-express",
  "377352": "se-american-express",
  "377353": "se-american-express",
  "377354": "se-american-express",
  "377355": "se-american-express",
  "377356": "se-american-express",
  "377357": "se-american-express",
  "377358": "se-american-express",
  "377359": "se-american-express",
  "377360": "se-american-express",
  "377361": "se-american-express",
  "377362": "se-american-express",
  "377363": "se-american-express",
  "377364": "se-american-express",
  "377365": "se-american-express",
  "377366": "se-american-express",
  "377367": "se-american-express",
  "377368": "se-american-express",
  "377369": "se-american-express",
  "377370": "se-american-express",
  "377371": "se-american-express",
  "377372": "se-american-express",
  "377373": "se-american-express",
  "377374": "se-american-express",
  "377375": "se-american-express",
  "377376": "se-american-express",
  "377377": "se-american-express",
  "377378": "se-american-express",
  "377379": "se-american-express",
  "377380": "se-american-express",
  "377381": "se-american-express",
  "377382": "se-american-express",
  "377383": "se-american-express",
  "377384": "se-american-express",
  "377385": "se-american-express",
  "377386": "se-american-express",
  "377387": "se-american-express",
  "377388": "se-american-express",
  "377389": "se-american-express",
  "377390": "se-american-express",
  "377391": "se-american-express",
  "377392": "se-american-express",
  "377393": "se-american-express",
  "377394": "se-american-express",
  "377395": "se-american-express",
  "377396": "se-american-express",
  "377397": "se-american-express",
  "377398": "se-american-express",
  "377399": "se-american-express",
  "377427": "se-american-express",
  "377428": "se-american-express",
  "377429": "se-american-express",
  "377431": "se-american-express",
  "377432": "se-american-express",
  "377433": "se-american-express",
  "377434": "se-american-express",
  "377435": "se-american-express",
  "377436": "se-american-express",
  "377438": "se-american-express",
  "377439": "se-american-express",
  "377442": "se-american-express",
  "377444": "se-american-express",
  "377447": "se-american-express",
  "377448": "se-american-express",
  "377449": "se-american-express",
  "377450": "se-american-express",
  "377451": "se-american-express",
  "377459": "se-american-express",
  "377477": "se-american-express",
  "377478": "se-american-express",
  "377479": "se-american-express",
  "377480": "se-american-express",
  "377482": "se-american-express",
  "377487": "se-american-express",
  "377488": "se-american-express",
  "377489": "se-american-express",
  "377490": "se-american-express",
  "377491": "se-american-express",
  "377492": "se-american-express",
  "377493": "se-american-express",
  "377494": "se-american-express",
  "377495": "se-american-express",
  "377496": "se-american-express",
  "377497": "se-american-express",
  "377498": "se-american-express",
  "377499": "se-american-express",
  "377696": "se-american-express",
  "377718": "se-american-express",
  "377793": "se-american-express",
  "377794": "se-american-express",
  "377800": "se-american-express",
  "377807": "se-american-express",
  "377808": "se-american-express",
  "377809": "se-american-express",
  "377819": "se-american-express",
  "377822": "se-american-express",
  "377823": "se-american-express",
  "377824": "se-american-express",
  "377853": "se-american-express",
  "377859": "se-american-express",
  "377864": "se-american-express",
  "377865": "se-american-express",
  "377868": "se-american-express",
  "377869": "se-american-express",
  "377872": "se-american-express",
  "377873": "se-american-express",
  "377874": "se-american-express",
  "377885": "se-american-express",
  "377887": "se-american-express",
  "377889": "se-american-express",
  "377895": "se-american-express",
  "377896": "se-american-express",
  "377899": "se-american-express",
  "377942": "se-american-express",
  "377980": "se-ab",
  "378000": "se-american-express",
  "378001": "se-american-express",
  "378002": "se-american-express",
  "378003": "se-american-express",
  "378004": "se-american-express",
  "378005": "se-american-express",
  "378006": "se-american-express",
  "378007": "se-american-express",
  "378008": "se-american-express",
  "378009": "se-american-express",
  "378250": "se-american-express",
  "378251": "se-american-express",
  "378252": "se-american-express",
  "378253": "se-american-express",
  "378254": "se-american-express",
  "378255": "se-american-express",
  "378256": "se-american-express",
  "378257": "se-american-express",
  "378258": "se-american-express",
  "378259": "se-american-express",
  "378330": "se-american-express",
  "378331": "se-american-express",
  "378332": "se-american-express",
  "378333": "se-american-express",
  "378334": "se-american-express",
  "378335": "se-american-express",
  "378336": "se-american-express",
  "378337": "se-american-express",
  "378338": "se-american-express",
  "378339": "se-american-express",
  "379244": "se-american-express",
  "379245": "se-american-express",
  "379370": "se-american-express",
  "379371": "se-american-express",
  "379372": "se-american-express",
  "379373": "se-american-express",
  "379374": "se-american-express",
  "379375": "se-american-express",
  "379376": "se-american-express",
  "379377": "se-american-express",
  "379378": "se-american-express",
  "379379": "se-american-express",
  "400263": "se-coop-sverige",
  "401690": "se-ab",
  "404889": "se-danske",
  "406272": "se-nordea",
  "406461": "se-seb",
  "406736": "se-ica",
  "407513": "se-seb",
  "409676": "se-ab",
  "409677": "se-ab",
  "409678": "se-ab",
  "410056": "se-ikano",
  "411002": "se-ikano",
  "411824": "se-ab",
  "412563": "se-ab",
  "413222": "se-ikano",
  "413483": "se-ikano",
  "415880": "se-svenska-handelsbanken",
  "416057": "se-ab",
  "417438": "se-forex",
  "417467": "se-svenska-handelsbanken",
  "417680": "se-svenska-handelsbanken",
  "417771": "se-forex",
  "417772": "se-forex",
  "417773": "se-forex",
  "417774": "se-forex",
  "417775": "se-forex",
  "418849": "se-ab",
  "419035": "se-danske",
  "420571": "se-forex",
  "422860": "se-nordea",
  "423346": "se-svenska-handelsbanken",
  "425538": "se-ab",
  "425539": "se-ab",
  "425661": "se-ab",
  "426387": "se-svenska-handelsbanken",
  "426388": "se-svenska-handelsbanken",
  "427723": "se-svenska-handelsbanken",
  "428557": "se-svenska-handelsbanken",
  "428558": "se-svenska-handelsbanken",
  "430263": "se-svenska-handelsbanken",
  "430264": "se-svenska-handelsbanken",
  "430437": "se-coop-sverige",
  "430438": "se-coop-sverige",
  "430705": "se-ab",
  "430706": "se-ab",
  "431209": "se-svenska-handelsbanken",
  "432957": "se-coop-sverige",
  "432958": "se-coop-sverige",
  "434983": "se-forex",
  "446208": "se-svenska-handelsbanken",
  "448306": "se-ab",
  "448308": "se-ab",
  "448477": "se-nordea",
  "449326": "se-svenska-handelsbanken",
  "451110": "se-danske",
  "453900": "se-nordea",
  "453901": "se-nordea",
  "453902": "se-nordea",
  "453903": "se-nordea",
  "453904": "se-nordea",
  "453905": "se-nordea",
  "453906": "se-nordea",
  "453908": "se-nordea",
  "453912": "se-nordea",
  "453970": "se-seb",
  "454108": "se-seb",
  "454109": "se-seb",
  "455262": "se-seb",
  "457004": "se-nordea",
  "457005": "se-nordea",
  "457102": "se-danske",
  "457130": "se-danske",
  "457132": "se-danske",
  "457134": "se-danske",
  "457135": "se-danske",
  "457136": "se-danske",
  "457138": "se-danske",
  "457140": "se-danske",
  "457141": "se-danske",
  "457143": "se-danske",
  "457144": "se-danske",
  "457146": "se-danske",
  "457148": "se-danske",
  "457169": "se-danske",
  "458109": "se-ab",
  "458117": "se-ab",
  "458125": "se-ab",
  "458133": "se-ab",
  "458141": "se-ab",
  "458166": "se-ab",
  "458191": "se-ab",
  "458192": "se-ab",
  "458193": "se-ab",
  "458194": "se-ab",
  "458195": "se-ab",
  "458197": "se-ab",
  "458198": "se-ab",
  "461654": "se-american-express",
  "464438": "se-ab",
  "465732": "se-ab",
  "466554": "se-ab",
  "476253": "se-svenska-handelsbanken",
  "480930": "se-svenska-handelsbanken",
  "483064": "se-nordea",
  "486417": "se-nordea",
  "489498": "se-nordea",
  "491000": "se-nordea",
  "491819": "se-nordea",
  "491859": "se-danske",
  "492028": "se-svenska-handelsbanken",
  "492030": "se-svenska-handelsbanken",
  "492068": "se-svenska-handelsbanken",
  "510031": "se-nordea",
  "512499": "se-nordea",
  "512586": "se-ica",
  "512587": "se-ica",
  "512608": "se-nordea",
  "512746": "se-nordea",
  "513149": "se-eurocard",
  "513298": "se-ica",
  "514558": "se-nordea",
  "515111": "se-svenska-handelsbanken",
  "515607": "se-nordea",
  "515612": "se-nordea",
  "515626": "se-nordea",
  "515675": "se-eurocard",
  "516001": "se-nordea",
  "516020": "se-ikano",
  "516026": "se-ikano",
  "516382": "se-nordea",
  "516793": "se-ab",
  "516815": "se-ab",
  "517036": "se-svenska-handelsbanken",
  "517376": "se-svenska-handelsbanken",
  "518041": "se-danske",
  "518706": "se-nordea",
  "520018": "se-danske",
  "520327": "se-danske",
  "520622": "se-eurocard",
  "520680": "se-nordea",
  "520991": "se-nordea",
  "521035": "se-svenska-handelsbanken",
  "521036": "se-svenska-handelsbanken",
  "521319": "se-nordea",
  "521352": "se-svenska-handelsbanken",
  "521358": "se-svenska-handelsbanken",
  "521418": "se-eurocard",
  "521425": "se-danske",
  "521447": "se-eurocard",
  "521725": "se-nordea",
  "521815": "se-ab",
  "521823": "se-nordea",
  "522054": "se-nordea",
  "522169": "se-eurocard",
  "522275": "se-nordea",
  "522385": "se-danske",
  "522580": "se-nordea",
  "522660": "se-svenska-handelsbanken",
  "522661": "se-svenska-handelsbanken",
  "522662": "se-svenska-handelsbanken",
  "522663": "se-svenska-handelsbanken",
  "522664": "se-svenska-handelsbanken",
  "522665": "se-svenska-handelsbanken",
  "522706": "se-ab",
  "522841": "se-nordea",
  "523004": "se-nordea",
  "523936": "se-danske",
  "524342": "se-nordea",
  "525306": "se-eurocard",
  "525412": "se-eurocard",
  "525442": "se-svenska-handelsbanken",
  "525769": "se-svenska-handelsbanken",
  "526260": "se-eurocard",
  "526948": "se-nordea",
  "527107": "se-eurocard",
  "527500": "se-eurocard",
  "527501": "se-eurocard",
  "527502": "se-eurocard",
  "527503": "se-eurocard",
  "528395": "se-ab",
  "528613": "se-nordea",
  "529412": "se-nordea",
  "529413": "se-nordea",
  "529492": "se-nordea",
  "529924": "se-ab",
  "529925": "se-ab",
  "529926": "se-ab",
  "529928": "se-svenska-handelsbanken",
  "530262": "se-danske",
  "530858": "se-danske",
  "531223": "se-eurocard",
  "531717": "se-nordea",
  "531719": "se-eurocard",
  "531720": "se-eurocard",
  "534000": "se-eurocard",
  "534155": "se-svenska-handelsbanken",
  "534243": "se-ica",
  "534244": "se-ica",
  "534489": "se-eurocard",
  "534989": "se-danske",
  "535012": "se-danske",
  "535179": "se-svenska-handelsbanken",
  "535198": "se-svenska-handelsbanken",
  "535211": "se-svenska-handelsbanken",
  "535212": "se-svenska-handelsbanken",
  "535534": "se-nordea",
  "535535": "se-nordea",
  "535550": "se-ab",
  "535583": "se-seb",
  "535600": "se-seb",
  "535922": "se-eurocard",
  "536435": "se-eurocard",
  "537461": "se-ab",
  "538991": "se-ab",
  "539202": "se-nordea",
  "539670": "se-nordea",
  "540022": "se-eurocard",
  "540416": "se-nordea",
  "540660": "se-danske",
  "540819": "se-ica",
  "540959": "se-danske",
  "541249": "se-eurocard",
  "541253": "se-nordea",
  "541255": "se-eurocard",
  "541256": "se-eurocard",
  "541277": "se-nordea",
  "541306": "se-eurocard",
  "541747": "se-nordea",
  "542250": "se-ica",
  "542542": "se-ab",
  "542908": "se-nordea",
  "543034": "se-nordea",
  "543065": "se-nordea",
  "543066": "se-nordea",
  "543073": "se-nordea",
  "543077": "se-svenska-handelsbanken",
  "543288": "se-nordea",
  "543321": "se-nordea",
  "543558": "se-svenska-handelsbanken",
  "543756": "se-ab",
  "543870": "se-eurocard",
  "544388": "se-eurocard",
  "544480": "se-eurocard",
  "544481": "se-eurocard",
  "544734": "se-danske",
  "544756": "se-danske",
  "544902": "se-danske",
  "545104": "se-eurocard",
  "545111": "se-eurocard",
  "545114": "se-seb",
  "545139": "se-nordea",
  "545185": "se-nordea",
  "545190": "se-nordea",
  "546070": "se-danske",
  "546362": "se-danske",
  "547188": "se-danske",
  "547506": "se-svenska-handelsbanken",
  "547509": "se-svenska-handelsbanken",
  "547510": "se-svenska-handelsbanken",
  "547535": "se-nordea",
  "547643": "se-nordea",
  "547686": "se-nordea",
  "548104": "se-eurocard",
  "548584": "se-nordea",
  "548741": "se-svenska-handelsbanken",
  "548945": "se-ab",
  "549968": "se-ab",
  "552048": "se-nordea",
  "552153": "se-nordea",
  "552513": "se-nordea",
  "552514": "se-nordea",
  "552518": "se-nordea",
  "552519": "se-nordea",
  "552569": "se-seb",
  "552598": "se-eurocard",
  "552723": "se-danske",
  "552724": "se-danske",
  "552750": "se-danske",
  "552764": "se-eurocard",
  "552765": "se-eurocard",
  "552891": "se-nordea",
  "554137": "se-svenska-handelsbanken",
  "554399": "se-ab",
  "554489": "se-eurocard",
  "554501": "se-ab",
  "554974": "se-nordea",
  "554977": "se-nordea",
  "554980": "se-ab",
  "555009": "se-eurocard",
  "555014": "se-eurocard",
  "555366": "se-eurocard",
  "555367": "se-eurocard",
  "555951": "se-eurocard",
  "555958": "se-eurocard",
  "556612": "se-eurocard",
  "556623": "se-seb",
  "556644": "se-eurocard",
  "556662": "se-eurocard",
  "556663": "se-eurocard",
  "557012": "se-nordea",
  "557013": "se-nordea",
  "557053": "se-eurocard",
  "557068": "se-svenska-handelsbanken",
  "557082": "se-eurocard",
  "557097": "se-ab",
  "557366": "se-svenska-handelsbanken",
  "557447": "se-danske",
  "557450": "se-nordea",
  "557451": "se-nordea",
  "557496": "se-nordea",
  "557498": "se-svenska-handelsbanken",
  "557499": "se-svenska-handelsbanken",
  "557816": "se-nordea",
  "557817": "se-nordea",
  "557840": "se-danske",
  "557892": "se-nordea",
  "557893": "se-svenska-handelsbanken",
  "558317": "se-svenska-handelsbanken",
  "558329": "se-nordea",
  "558487": "se-eurocard",
  "558595": "se-ab",
  "558791": "se-nordea",
  "559521": "se-danske",
  "559532": "se-danske",
  "559536": "se-danske",
  "559538": "se-danske",
  "559868": "se-danske",
  "560045": "se-eurocard",
  "589973": "se-eurocard",
  "604972": "se-ica",
  "637102": "se-ab",
  "671156": "se-svenska-handelsbanken",
  "676163": "se-ab",
  "676338": "se-nordea",
  "676376": "se-ab",
  "676442": "se-svenska-handelsbanken",
  "676585": "se-nordea",
  "676657": "se-nordea",
  "676682": "se-ica",
  "677185": "se-nordea",
  "679010": "se-ica",
  "679058": "se-svenska-handelsbanken",
  "679104": "se-eurocard",
  "975220": "se-danske",
  "975221": "se-nordea",
  "975222": "se-nordea",
  "975223": "se-svenska-handelsbanken",
  "975224": "se-nordea",
  "975225": "se-nordea",
  "975226": "se-nordea",
  "975227": "se-nordea",
  "975230": "se-ica"
}