{
  "400607": "nl-abn-amro",
  "417624": "nl-cooperative-rabobank",
  "419215": "nl-cooperative-rabobank",
  "421367": "nl-abn-amro",
  "424607": "nl-cooperative-rabobank",
  "425325": "nl-abn-amro",
  "425326": "nl-abn-amro",
  "426923": "nl-abn-amro",
  "427879": "nl-abn-amro",
  "429324": "nl-abn-amro",
  "429325": "nl-abn-amro",
  "429777": "nl-abn-amro",
  "429932": "nl-abn-amro",
  "430245": "nl-abn-amro",
  "430246": "nl-abn-amro",
  "430247": "nl-abn-amro",
  "430248": "nl-abn-amro",
  "430249": "nl-abn-amro",
  "430250": "nl-abn-amro",
  "442353": "nl-abn-amro",
  "442354": "nl-abn-amro",
  "443267": "nl-abn-amro",
  "443269": "nl-abn-amro",
  "448521": "nl-abn-amro",
  "451774": "nl-abn-amro",
  "452918": "nl-abn-amro",
  "462749": "nl-abn-amro",
  "472906": "nl-abn-amro",
  "473205": "nl-abn-amro",
  "474131": "nl-abn-amro",
  "477593": "nl-abn-amro",
  "480257": "nl-abn-amro",
  "487500": "nl-cooperative-rabobank",
  "487531": "nl-abn-amro",
  "490947": "nl-abn-amro",
  "490948": "nl-abn-amro",
  "493487": "nl-abn-amro",
  "516091": "nl-abn-amro",
  "518416": "nl-abn-amro",
  "520453": "nl-cooperative-rabobank",
  "520720": "nl-abn-amro",
  "520723": "nl-abn-amro",
  "520953": "nl-cooperative-rabobank",
  "524753": "nl-abn-amro",
  "540876": "nl-abn-amro",
  "542223": "nl-abn-amro",
  "545662": "nl-abn-amro",
  "547503": "nl-cooperative-rabobank",
  "552885": "nl-abn-amro",
  "556958": "nl-abn-amro",
  "556979": "nl-abn-amro",
  "557949": "nl-de-volksbank",
  "671188": "nl-abn-amro",
  "673111": "nl-abn-amro",
  "673220": "nl-de-volksbank",
  "673223": "nl-de-volksbank",
  "673224": "nl-de-volksbank",
  "673225": "nl-de-volksbank",
  "673226": "nl-de-volksbank",
  "673227": "nl-de-volksbank",
  "673228": "nl-de-volksbank",
  "673229": "nl-de-volksbank",
  "673265": "nl-de-volksbank",
  "673271": "nl-abn-amro",
  "673276": "nl-abn-amro",
  "673277": "nl-abn-amro",
  "673290": "nl-de-volksbank",
  "673291": "nl-de-volksbank",
  "673292": "nl-de-volksbank",
  "673293": "nl-de-volksbank",
  "673294": "nl-de-volksbank",
  "673295": "nl-de-volksbank",
  "673296": "nl-de-volksbank",
  "673297": "nl-de-volksbank",
  "673298": "nl-de-volksbank",
  "673300": "nl-cooperative-rabobank",
  "673301": "nl-cooperative-rabobank",
  "673302": "nl-cooperative-rabobank",
  "673303": "nl-cooperative-rabobank",
  "673304": "nl-cooperative-rabobank",
  "673305": "nl-cooperative-rabobank",
  "673306": "nl-cooperative-rabobank",
  "673307": "nl-cooperative-rabobank",
  "673308": "nl-cooperative-rabobank",
  "673309": "nl-cooperative-rabobank",
  "673310": "nl-cooperative-rabobank",
  "673311": "nl-cooperative-rabobank",
  "673312": "nl-cooperative-rabobank",
  "673313": "nl-cooperative-rabobank",
  "673314": "nl-cooperative-rabobank",
  "673315": "nl-cooperative-rabobank",
  "673316": "nl-cooperative-rabobank",
  "673317": "nl-cooperative-rabobank",
  "673318": "nl-cooperative-rabobank",
  "673319": "nl-cooperative-rabobank",
  "673320": "nl-cooperative-rabobank",
  "673321": "nl-cooperative-rabobank",
  "673322": "nl-cooperative-rabobank",
  "673323": "nl-cooperative-rabobank",
  "673324": "nl-cooperative-rabobank",
  "673325": "nl-cooperative-rabobank",
  "673326": "nl-cooperative-rabobank",
  "673327": "nl-cooperative-rabobank",
  "673328": "nl-cooperative-rabobank",
  "673329": "nl-cooperative-rabobank",
  "673330": "nl-cooperative-rabobank",
  "673331": "nl-cooperative-rabobank",
  "673332": "nl-cooperative-rabobank",
  "673333": "nl-cooperative-rabobank",
  "673334": "nl-cooperative-rabobank",
  "673335": "nl-cooperative-rabobank",
  "673336": "nl-cooperative-rabobank",
  "673337": "nl-cooperative-rabobank",
  "673338": "nl-cooperative-rabobank",
  "673339": "nl-cooperative-rabobank",
  "673340": "nl-cooperative-rabobank",
  "673341": "nl-cooperative-rabobank",
  "673342": "nl-cooperative-rabobank",
  "673343": "nl-cooperative-rabobank",
  "673344": "nl-cooperative-rabobank",
  "673345": "nl-cooperative-rabobank",
  "673346": "nl-cooperative-rabobank",
  "673347": "nl-cooperative-rabobank",
  "673348": "nl-cooperative-rabobank",
  "673349": "nl-cooperative-rabobank",
  "673350": "nl-cooperative-rabobank",
  "673400": "nl-abn-amro",
  "673401": "nl-abn-amro",
  "673402": "nl-abn-amro",
  "673403": "nl-abn-amro",
  "673404": "nl-abn-amro",
  "673405": "nl-abn-amro",
  "673406": "nl-abn-amro",
  "676980": "nl-abn-amro",
  "679016": "nl-abn-amro",
  "679047": "nl-de-volksbank",
  "679053": "nl-de-volksbank"
}