{
  "220015": "by-alfa",
  "379901": "by-sberbank",
  "379993": "by-sberbank",
  "400553": "by-belarusbank",
  "401346": "by-belinvestbank",
  "401803": "by-belarusbank",
  "402713": "by-belveb",
  "403558": "by-belveb",
  "406127": "by-belveb",
  "406969": "by-credexbank",
  "408344": "by-sberbank",
  "408345": "by-sberbank",
  "408396": "by-alfa",
  "408397": "by-alfa",
  "409087": "by-belarusbank",
  "410584": "by-alfa",
  "410745": "by-bsb",
  "410746": "by-bsb",
  "413059": "by-priorbank",
  "413297": "by-belarusbank",
  "413856": "by-sberbank",
  "414088": "by-belveb",
  "414297": "by-belveb",
  "414298": "by-belveb",
  "415400": "by-alfa",
  "415428": "by-alfa",
  "415429": "by-alfa",
  "415481": "by-alfa",
  "415482": "by-alfa",
  "416064": "by-priorbank",
  "416676": "by-paritetbank",
  "416677": "by-paritetbank",
  "417494": "by-mtbank",
  "417495": "by-mtbank",
  "417753": "by-mtbank",
  "417754": "by-mtbank",
  "417755": "by-mtbank",
  "417770": "by-priorbank",
  "419197": "by-delta",
  "419198": "by-delta",
  "419539": "by-alfa",
  "419540": "by-alfa",
  "422484": "by-bta",
  "422887": "by-belveb",
  "423504": "by-belveb",
  "423719": "by-alfa",
  "424199": "by-belveb",
  "424523": "by-belveb",
  "424641": "by-belarusbank",
  "425519": "by-belarusbank",
  "425520": "by-belarusbank",
  "425521": "by-belarusbank",
  "426101": "by-alfa",
  "426102": "by-alfa",
  "426113": "by-alfa",
  "426114": "by-alfa",
  "427218": "by-alfa",
  "427714": "by-alfa",
  "427870": "by-paritetbank",
  "428620": "by-belgazprombank",
  "428621": "by-belgazprombank",
  "428622": "by-belgazprombank",
  "428623": "by-belgazprombank",
  "428624": "by-belgazprombank",
  "428625": "by-belgazprombank",
  "428804": "by-alfa",
  "428905": "by-alfa",
  "428906": "by-alfa",
  "428954": "by-delta",
  "428955": "by-delta",
  "428956": "by-delta",
  "428957": "by-delta",
  "429737": "by-paritetbank",
  "431417": "by-alfa",
  "431727": "by-alfa",
  "431803": "by-sberbank",
  "431836": "by-sberbank",
  "431837": "by-sberbank",
  "431838": "by-sberbank",
  "432036": "by-belagroprombank",
  "432037": "by-belagroprombank",
  "432038": "by-belagroprombank",
  "432039": "by-belagroprombank",
  "432040": "by-belagroprombank",
  "432041": "by-belagroprombank",
  "432067": "by-belagroprombank",
  "434135": "by-alfa",
  "434484": "by-belinvestbank",
  "434485": "by-belinvestbank",
  "434486": "by-belinvestbank",
  "434487": "by-belinvestbank",
  "437350": "by-alfa",
  "437391": "by-paritetbank",
  "437396": "by-belgazprombank",
  "437449": "by-sberbank",
  "437458": "by-priorbank",
  "437488": "by-bta",
  "437489": "by-bta",
  "437490": "by-belagroprombank",
  "438143": "by-alfa",
  "439000": "by-alfa",
  "440237": "by-alfa",
  "440511": "by-belarusbank",
  "440512": "by-belarusbank",
  "440513": "by-belarusbank",
  "442167": "by-alfa",
  "445451": "by-vtb",
  "445452": "by-vtb",
  "445453": "by-vtb",
  "445454": "by-vtb",
  "445987": "by-priorbank",
  "446142": "by-bta",
  "446143": "by-bta",
  "446390": "by-belveb",
  "446391": "by-belveb",
  "447514": "by-belveb",
  "447515": "by-belveb",
  "448789": "by-belarusbank",
  "452443": "by-belinvestbank",
  "457222": "by-alfa",
  "457434": "by-sberbank",
  "457857": "by-sberbank",
  "458279": "by-alfa",
  "458280": "by-alfa",
  "458281": "by-alfa",
  "458283": "by-bsb",
  "458284": "by-bsb",
  "458285": "by-priorbank",
  "458288": "by-belveb",
  "458291": "by-belinvestbank",
  "458410": "by-alfa",
  "458411": "by-alfa",
  "458443": "by-alfa",
  "458450": "by-alfa",
  "458520": "by-alfa",
  "458521": "by-alfa",
  "458522": "by-alfa",
  "458523": "by-alfa",
  "458786": "by-paritetbank",
  "459056": "by-paritetbank",
  "460099": "by-bsb",
  "460101": "by-bsb",
  "460104": "by-bsb",
  "460124": "by-bsb",
  "460126": "by-bsb",
  "464132": "by-belgazprombank",
  "464990": "by-mtbank",
  "466171": "by-belagroprombank",
  "467939": "by-delta",
  "467940": "by-delta",
  "467941": "by-delta",
  "470469": "by-belveb",
  "471326": "by-priorbank",
  "471346": "by-vtb",
  "471477": "by-belagroprombank",
  "472209": "by-belveb",
  "472249": "by-belinvestbank",
  "472752": "by-belarusbank",
  "472848": "by-belagroprombank",
  "472851": "by-delta",
  "472950": "by-priorbank",
  "475096": "by-belarusbank",
  "475787": "by-idea",
  "475788": "by-idea",
  "475789": "by-idea",
  "475791": "by-alfa",
  "477391": "by-belveb",
  "477714": "by-alfa",
  "477932": "by-alfa",
  "477960": "by-alfa",
  "477964": "by-alfa",
  "478752": "by-alfa",
  "479004": "by-alfa",
  "479087": "by-alfa",
  "479753": "by-belveb",
  "480623": "by-alfa",
  "480949": "by-priorbank",
  "482801": "by-belveb",
  "482802": "by-belveb",
  "482803": "by-belveb",
  "483451": "by-priorbank",
  "484743": "by-credexbank",
  "484744": "by-credexbank",
  "484745": "by-credexbank",
  "484746": "by-credexbank",
  "484879": "by-credexbank",
  "484880": "by-credexbank",
  "484881": "by-credexbank",
  "484894": "by-belarusbank",
  "485017": "by-belinvestbank",
  "486687": "by-alfa",
  "486724": "by-alfa",
  "486818": "by-belgazprombank",
  "491698": "by-priorbank",
  "499835": "by-belveb",
  "512558": "by-belarusbank",
  "513355": "by-bsb",
  "514055": "by-alfa",
  "514421": "by-bsb",
  "516052": "by-belveb",
  "517359": "by-sberbank",
  "517378": "by-belagroprombank",
  "518597": "by-belgazprombank",
  "518707": "by-belgazprombank",
  "520195": "by-belagroprombank",
  "520658": "by-belveb",
  "522208": "by-belagroprombank",
  "526770": "by-belveb",
  "527782": "by-mtbank",
  "527797": "by-belveb",
  "529922": "by-belgazprombank",
  "530422": "by-belgazprombank",
  "531237": "by-alfa",
  "532308": "by-belagroprombank",
  "535063": "by-sberbank",
  "535104": "by-mtbank",
  "536600": "by-priorbank",
  "537000": "by-belveb",
  "539214": "by-belveb",
  "539272": "by-bsb",
  "540234": "by-sberbank",
  "542645": "by-mtbank",
  "543044": "by-belarusbank",
  "543553": "by-sberbank",
  "543634": "by-belarusbank",
  "544206": "by-belveb",
  "544454": "by-sberbank",
  "544578": "by-belveb",
  "544598": "by-belarusbank",
  "544650": "by-belveb",
  "547087": "by-belarusbank",
  "547091": "by-belarusbank",
  "547232": "by-belagroprombank",
  "547504": "by-belarusbank",
  "547532": "by-belveb",
  "547691": "by-belinvestbank",
  "547747": "by-belveb",
  "548475": "by-belveb",
  "548952": "by-priorbank",
  "552979": "by-belarusbank",
  "553608": "by-belarusbank",
  "557075": "by-belarusbank",
  "557076": "by-belarusbank",
  "557749": "by-belinvestbank",
  "557884": "by-belinvestbank",
  "557885": "by-belinvestbank",
  "558334": "by-alfa",
  "558682": "by-sberbank",
  "559498": "by-sberbank",
  "627119": "by-alfa",
  "670523": "by-belagroprombank",
  "670691": "by-belagroprombank",
  "670845": "by-belveb",
  "671127": "by-belinvestbank",
  "671129": "by-belarusbank",
  "671131": "by-belveb",
  "671146": "by-sberbank",
  "671153": "by-belveb",
  "671154": "by-belarusbank",
  "671163": "by-belveb",
  "671165": "by-sberbank",
  "671175": "by-belveb",
  "671176": "by-belarusbank",
  "671177": "by-belarusbank",
  "676203": "by-priorbank",
  "676230": "by-alfa",
  "676339": "by-belarusbank",
  "676341": "by-belveb",
  "676579": "by-belarusbank",
  "676663": "by-belinvestbank",
  "676698": "by-belveb",
  "676821": "by-belgazprombank",
  "676850": "by-sberbank",
  "676997": "by-belveb",
  "677008": "by-mtbank",
  "677723": "by-belarusbank",
  "911200": "by-belarusbank",
  "911233": "by-belinvestbank"
}