{
  "360825": "in-hdfc",
  "360826": "in-hdfc",
  "360827": "in-hdfc",
  "360828": "in-hdfc",
  "360829": "in-hdfc",
  "360886": "in-hdfc",
  "360887": "in-hdfc",
  "360966": "in-hdfc",
  "361011": "in-hdfc",
  "367123": "in-hdfc",
  "368357": "in-hdfc",
  "369620": "in-hdfc",
  "374740": "in-icici",
  "374741": "in-icici",
  "374742": "in-icici",
  "376944": "in-icici",
  "377040": "in-icici",
  "377041": "in-icici",
  "377151": "in-ib",
  "400016": "in-sbi",
  "400017": "in-sbi",
  "400018": "in-sbi",
  "400019": "in-sbi",
  "400032": "in-sbi",
  "400033": "in-sbi",
  "400034": "in-sbi",
  "400035": "in-sbi",
  "400036": "in-sbi",
  "400037": "in-sbi",
  "400038": "in-sbi",
  "400040": "in-sbi",
  "400042": "in-sbi",
  "400043": "in-sbi",
  "400044": "in-sbi",
  "400045": "in-sbi",
  "400739": "in-axis",
  "400794": "in-canara",
  "400815": "in-idbi",
  "401151": "in-axis",
  "401152": "in-axis",
  "401593": "in-kotak-mahindra",
  "401698": "in-ubi",
  "401704": "in-icici",
  "401711": "in-icici",
  "401767": "in-icici",
  "401772": "in-icici",
  "401780": "in-icici",
  "401784": "in-icici",
  "401796": "in-icici",
  "401798": "in-icici",
  "401806": "in-icici",
  "401920": "in-icici",
  "402368": "in-icici",
  "402565": "in-icici",
  "402566": "in-icici",
  "402635": "in-icici",
  "402646": "in-icici",
  "402657": "in-icici",
  "402741": "in-ubi",
  "402742": "in-ubi",
  "402790": "in-canara",
  "402853": "in-icici",
  "402874": "in-standard-chartered",
  "402969": "in-ib",
  "402970": "in-ib",
  "402985": "in-baroda",
  "402986": "in-baroda",
  "403349": "in-standard-chartered",
  "403397": "in-standard-chartered",
  "403523": "in-ubi",
  "403575": "in-hdfc",
  "403839": "in-idbi",
  "404241": "in-axis",
  "404276": "in-hdfc",
  "404277": "in-hdfc",
  "405028": "in-hdfc",
  "405214": "in-kotak-mahindra",
  "405338": "in-ib",
  "405342": "in-ib",
  "405393": "in-kotak-mahindra",
  "405460": "in-standard-chartered",
  "405461": "in-standard-chartered",
  "405533": "in-icici",
  "405663": "in-axis",
  "405706": "in-standard-chartered",
  "405749": "in-standard-chartered",
  "405750": "in-standard-chartered",
  "405988": "in-hdfc",
  "405994": "in-icici",
  "405995": "in-axis",
  "405997": "in-axis",
  "406142": "in-standard-chartered",
  "406143": "in-standard-chartered",
  "406228": "in-axis",
  "406229": "in-axis",
  "406477": "in-sbi",
  "406583": "in-icici",
  "406597": "in-icici",
  "406784": "in-idbi",
  "406894": "in-icici",
  "406976": "in-ib",
  "407380": "in-standard-chartered",
  "407438": "in-axis",
  "407439": "in-axis",
  "407554": "in-standard-chartered",
  "407569": "in-standard-chartered",
  "407651": "in-icici",
  "407659": "in-icici",
  "407706": "in-axis",
  "407804": "in-standard-chartered",
  "407805": "in-standard-chartered",
  "407984": "in-icici",
  "408981": "in-hdfc",
  "408993": "in-axis",
  "408994": "in-axis",
  "408995": "in-icici",
  "409361": "in-sbi",
  "409380": "in-standard-chartered",
  "409381": "in-standard-chartered",
  "409386": "in-idbi",
  "409642": "in-icici",
  "409643": "in-icici",
  "410059": "in-icici",
  "410202": "in-icici",
  "410308": "in-standard-chartered",
  "410309": "in-standard-chartered",
  "411144": "in-standard-chartered",
  "411146": "in-axis",
  "411299": "in-standard-chartered",
  "411637": "in-baroda",
  "412513": "in-standard-chartered",
  "412585": "in-standard-chartered",
  "412587": "in-standard-chartered",
  "412903": "in-standard-chartered",
  "412904": "in-standard-chartered",
  "412905": "in-standard-chartered",
  "413245": "in-icici",
  "413289": "in-icici",
  "413531": "in-icici",
  "413823": "in-standard-chartered",
  "413861": "in-standard-chartered",
  "414366": "in-icici",
  "414367": "in-icici",
  "414611": "in-standard-chartered",
  "414687": "in-standard-chartered",
  "414689": "in-standard-chartered",
  "414752": "in-ib",
  "414767": "in-kotak-mahindra",
  "414772": "in-ib",
  "415527": "in-axis",
  "415528": "in-axis",
  "416021": "in-hdfc",
  "416065": "in-standard-chartered",
  "416066": "in-standard-chartered",
  "416317": "in-hdfc",
  "416452": "in-idbi",
  "416643": "in-kotak-mahindra",
  "416644": "in-kotak-mahindra",
  "416645": "in-kotak-mahindra",
  "416646": "in-kotak-mahindra",
  "417210": "in-standard-chartered",
  "417278": "in-standard-chartered",
  "417349": "in-axis",
  "417380": "in-axis",
  "417405": "in-axis",
  "417410": "in-hdfc",
  "417610": "in-standard-chartered",
  "417611": "in-standard-chartered",
  "417612": "in-standard-chartered",
  "417827": "in-standard-chartered",
  "417828": "in-standard-chartered",
  "417916": "in-axis",
  "417917": "in-axis",
  "417918": "in-axis",
  "417921": "in-canara",
  "418123": "in-icici",
  "418124": "in-icici",
  "418126": "in-axis",
  "418133": "in-icici",
  "418136": "in-hdfc",
  "418157": "in-icici",
  "418158": "in-icici",
  "418174": "in-axis",
  "418175": "in-axis",
  "418176": "in-axis",
  "418177": "in-axis",
  "418210": "in-axis",
  "418212": "in-axis",
  "418218": "in-hdfc",
  "418219": "in-hdfc",
  "418226": "in-axis",
  "418228": "in-axis",
  "418234": "in-hdfc",
  "418235": "in-hdfc",
  "418254": "in-hdfc",
  "418255": "in-hdfc",
  "418264": "in-hdfc",
  "418276": "in-icici",
  "418749": "in-standard-chartered",
  "418750": "in-standard-chartered",
  "419088": "in-standard-chartered",
  "419607": "in-standard-chartered",
  "419788": "in-punjab-national",
  "419789": "in-punjab-national",
  "419975": "in-icici",
  "419981": "in-ubi",
  "419982": "in-standard-chartered",
  "419983": "in-standard-chartered",
  "420049": "in-icici",
  "420084": "in-icici",
  "420088": "in-icici",
  "420090": "in-hdfc",
  "420125": "in-axis",
  "420131": "in-axis",
  "420132": "in-axis",
  "420133": "in-axis",
  "420134": "in-axis",
  "420362": "in-sbi",
  "420580": "in-icici",
  "420904": "in-icici",
  "421006": "in-axis",
  "421104": "in-standard-chartered",
  "421105": "in-standard-chartered",
  "421122": "in-standard-chartered",
  "421311": "in-hdfc",
  "421312": "in-standard-chartered",
  "421314": "in-hdfc",
  "421318": "in-hdfc",
  "421320": "in-hdfc",
  "421321": "in-hdfc",
  "421322": "in-hdfc",
  "421323": "in-icici",
  "421324": "in-ib",
  "421325": "in-axis",
  "421326": "in-axis",
  "421327": "in-axis",
  "421328": "in-hdfc",
  "421330": "in-hdfc",
  "421331": "in-hdfc",
  "421332": "in-hdfc",
  "421334": "in-hdfc",
  "421368": "in-ubi",
  "421380": "in-axis",
  "421392": "in-hdfc",
  "421395": "in-icici",
  "421419": "in-axis",
  "421424": "in-hdfc",
  "421426": "in-idbi",
  "421438": "in-icici",
  "421451": "in-standard-chartered",
  "421452": "in-standard-chartered",
  "421458": "in-canara",
  "421466": "in-axis",
  "421474": "in-standard-chartered",
  "421478": "in-icici",
  "421479": "in-icici",
  "421480": "in-icici",
  "421481": "in-standard-chartered",
  "421490": "in-idbi",
  "421491": "in-idbi",
  "421493": "in-kotak-mahindra",
  "421495": "in-icici",
  "421500": "in-standard-chartered",
  "421501": "in-standard-chartered",
  "421519": "in-axis",
  "421520": "in-axis",
  "421533": "in-standard-chartered",
  "421534": "in-standard-chartered",
  "421535": "in-standard-chartered",
  "421539": "in-axis",
  "421572": "in-axis",
  "421578": "in-hdfc",
  "421590": "in-icici",
  "421601": "in-sbi",
  "421602": "in-sbi",
  "421603": "in-sbi",
  "421604": "in-sbi",
  "421605": "in-sbi",
  "421606": "in-sbi",
  "421627": "in-icici",
  "421628": "in-icici",
  "421630": "in-icici",
  "421635": "in-icici",
  "421662": "in-idbi",
  "421674": "in-sbi",
  "421675": "in-icici",
  "421676": "in-icici",
  "421681": "in-ib",
  "421687": "in-sbi",
  "421688": "in-sbi",
  "422121": "in-standard-chartered",
  "422244": "in-standard-chartered",
  "422245": "in-standard-chartered",
  "422809": "in-standard-chartered",
  "423179": "in-standard-chartered",
  "423226": "in-icici",
  "423227": "in-icici",
  "423364": "in-baroda",
  "423975": "in-hdfc",
  "424977": "in-ubi",
  "425805": "in-ubi",
  "425806": "in-ubi",
  "426015": "in-icici",
  "426057": "in-idbi",
  "426357": "in-baroda",
  "426365": "in-idbi",
  "426376": "in-standard-chartered",
  "426377": "in-standard-chartered",
  "426378": "in-standard-chartered",
  "427124": "in-ib",
  "428090": "in-kotak-mahindra",
  "428091": "in-kotak-mahindra",
  "428092": "in-kotak-mahindra",
  "428093": "in-kotak-mahindra",
  "428094": "in-kotak-mahindra",
  "428095": "in-kotak-mahindra",
  "428096": "in-kotak-mahindra",
  "428097": "in-kotak-mahindra",
  "428098": "in-kotak-mahindra",
  "428099": "in-kotak-mahindra",
  "428276": "in-standard-chartered",
  "428277": "in-standard-chartered",
  "428306": "in-kotak-mahindra",
  "428348": "in-kotak-mahindra",
  "428376": "in-sbi",
  "428377": "in-sbi",
  "428382": "in-icici",
  "428383": "in-icici",
  "428421": "in-standard-chartered",
  "428675": "in-idbi",
  "428927": "in-baroda",
  "429079": "in-standard-chartered",
  "429344": "in-standard-chartered",
  "429345": "in-standard-chartered",
  "429390": "in-baroda",
  "429391": "in-kotak-mahindra",
  "429393": "in-kotak-mahindra",
  "429512": "in-standard-chartered",
  "430033": "in-ubi",
  "430049": "in-ubi",
  "430092": "in-standard-chartered",
  "430366": "in-icici",
  "430399": "in-standard-chartered",
  "430832": "in-axis",
  "430833": "in-axis",
  "430834": "in-axis",
  "431393": "in-baroda",
  "431418": "in-kotak-mahindra",
  "431761": "in-axis",
  "432090": "in-idbi",
  "432093": "in-idbi",
  "432094": "in-idbi",
  "432098": "in-idbi",
  "432099": "in-idbi",
  "432155": "in-standard-chartered",
  "432198": "in-axis",
  "433273": "in-hdfc",
  "433274": "in-hdfc",
  "433275": "in-hdfc",
  "433370": "in-standard-chartered",
  "433371": "in-standard-chartered",
  "433662": "in-icici",
  "433683": "in-standard-chartered",
  "434301": "in-icici",
  "434302": "in-icici",
  "434303": "in-icici",
  "434480": "in-standard-chartered",
  "434666": "in-hdfc",
  "434668": "in-kotak-mahindra",
  "434672": "in-axis",
  "434677": "in-hdfc",
  "434678": "in-hdfc",
  "434923": "in-standard-chartered",
  "434924": "in-standard-chartered",
  "434975": "in-axis",
  "434990": "in-axis",
  "435376": "in-hdfc",
  "435386": "in-hdfc",
  "435393": "in-hdfc",
  "435502": "in-hdfc",
  "435736": "in-axis",
  "436152": "in-hdfc",
  "436303": "in-hdfc",
  "436306": "in-hdfc",
  "436311": "in-sbi",
  "436316": "in-ubi",
  "436325": "in-axis",
  "436336": "in-axis",
  "436343": "in-standard-chartered",
  "436388": "in-kotak-mahindra",
  "436389": "in-kotak-mahindra",
  "436390": "in-kotak-mahindra",
  "436393": "in-ib",
  "436395": "in-ib",
  "436408": "in-kotak-mahindra",
  "436409": "in-kotak-mahindra",
  "436410": "in-kotak-mahindra",
  "436412": "in-kotak-mahindra",
  "436413": "in-kotak-mahindra",
  "436426": "in-kotak-mahindra",
  "436427": "in-kotak-mahindra",
  "436428": "in-kotak-mahindra",
  "436430": "in-kotak-mahindra",
  "436431": "in-kotak-mahindra",
  "436437": "in-ubi",
  "436462": "in-standard-chartered",
  "436518": "in-axis",
  "436520": "in-hdfc",
  "436534": "in-icici",
  "436537": "in-axis",
  "436538": "in-ubi",
  "436543": "in-icici",
  "436560": "in-axis",
  "436595": "in-standard-chartered",
  "436596": "in-standard-chartered",
  "437364": "in-ubi",
  "437365": "in-ubi",
  "437366": "in-ubi",
  "437546": "in-hdfc",
  "437547": "in-axis",
  "437551": "in-icici",
  "437579": "in-ib",
  "437751": "in-axis",
  "437754": "in-ubi",
  "437891": "in-idbi",
  "438110": "in-canara",
  "438503": "in-icici",
  "438624": "in-hdfc",
  "438808": "in-standard-chartered",
  "438985": "in-standard-chartered",
  "438986": "in-standard-chartered",
  "439076": "in-standard-chartered",
  "439126": "in-standard-chartered",
  "439154": "in-ubi",
  "439155": "in-ubi",
  "440899": "in-hdfc",
  "441283": "in-ib",
  "441284": "in-ib",
  "441285": "in-ib",
  "442378": "in-baroda",
  "442411": "in-yes",
  "442419": "in-standard-chartered",
  "442420": "in-standard-chartered",
  "442423": "in-sbi",
  "443814": "in-canara",
  "443816": "in-canara",
  "444341": "in-icici",
  "444447": "in-standard-chartered",
  "445041": "in-ubi",
  "445063": "in-axis",
  "445064": "in-axis",
  "445065": "in-axis",
  "445068": "in-axis",
  "445069": "in-axis",
  "445073": "in-axis",
  "445084": "in-icici",
  "445085": "in-ib",
  "445086": "in-standard-chartered",
  "446228": "in-standard-chartered",
  "447246": "in-standard-chartered",
  "447746": "in-icici",
  "447747": "in-icici",
  "447748": "in-icici",
  "447758": "in-icici",
  "448137": "in-standard-chartered",
  "450014": "in-axis",
  "450502": "in-axis",
  "450503": "in-axis",
  "450504": "in-axis",
  "450506": "in-axis",
  "450572": "in-standard-chartered",
  "450594": "in-standard-chartered",
  "450595": "in-standard-chartered",
  "450711": "in-icici",
  "450826": "in-standard-chartered",
  "450858": "in-canara",
  "450860": "in-standard-chartered",
  "450873": "in-standard-chartered",
  "450934": "in-standard-chartered",
  "450948": "in-standard-chartered",
  "451104": "in-hdfc",
  "451196": "in-standard-chartered",
  "451197": "in-standard-chartered",
  "451455": "in-yes",
  "451456": "in-axis",
  "451457": "in-axis",
  "451458": "in-axis",
  "451459": "in-axis",
  "451460": "in-axis",
  "451816": "in-standard-chartered",
  "451840": "in-canara",
  "452051": "in-standard-chartered",
  "452052": "in-standard-chartered",
  "452497": "in-standard-chartered",
  "454107": "in-standard-chartered",
  "454180": "in-standard-chartered",
  "454181": "in-standard-chartered",
  "454198": "in-standard-chartered",
  "454362": "in-canara",
  "454363": "in-canara",
  "455392": "in-ib",
  "455433": "in-standard-chartered",
  "455445": "in-standard-chartered",
  "455446": "in-icici",
  "455451": "in-icici",
  "455452": "in-icici",
  "455454": "in-sbi",
  "456398": "in-standard-chartered",
  "456458": "in-standard-chartered",
  "457036": "in-standard-chartered",
  "457204": "in-standard-chartered",
  "457205": "in-standard-chartered",
  "457262": "in-hdfc",
  "457274": "in-icici",
  "457379": "in-yes",
  "457392": "in-icici",
  "457481": "in-standard-chartered",
  "457484": "in-standard-chartered",
  "457528": "in-icici",
  "457552": "in-axis",
  "457553": "in-axis",
  "457580": "in-axis",
  "457581": "in-axis",
  "457582": "in-axis",
  "457583": "in-axis",
  "457584": "in-axis",
  "457585": "in-axis",
  "457586": "in-axis",
  "457587": "in-axis",
  "457588": "in-axis",
  "457589": "in-axis",
  "457590": "in-axis",
  "457597": "in-axis",
  "457611": "in-ubi",
  "457625": "in-icici",
  "457626": "in-icici",
  "457704": "in-hdfc",
  "457821": "in-standard-chartered",
  "457907": "in-standard-chartered",
  "458104": "in-idbi",
  "458105": "in-idbi",
  "458110": "in-idbi",
  "458112": "in-idbi",
  "458118": "in-idbi",
  "458134": "in-idbi",
  "458135": "in-idbi",
  "458136": "in-idbi",
  "458139": "in-idbi",
  "458140": "in-idbi",
  "458159": "in-idbi",
  "458231": "in-standard-chartered",
  "458451": "in-ubi",
  "458452": "in-ubi",
  "458519": "in-sbi",
  "458545": "in-standard-chartered",
  "458546": "in-standard-chartered",
  "458562": "in-standard-chartered",
  "458574": "in-standard-chartered",
  "458575": "in-standard-chartered",
  "458576": "in-ubi",
  "458599": "in-axis",
  "458777": "in-idbi",
  "458778": "in-idbi",
  "458829": "in-ubi",
  "459115": "in-sbi",
  "459150": "in-sbi",
  "459151": "in-sbi",
  "459152": "in-sbi",
  "459153": "in-sbi",
  "459154": "in-sbi",
  "459155": "in-sbi",
  "459156": "in-sbi",
  "459157": "in-sbi",
  "459158": "in-sbi",
  "459159": "in-sbi",
  "459160": "in-sbi",
  "459161": "in-sbi",
  "459162": "in-sbi",
  "459163": "in-sbi",
  "459164": "in-sbi",
  "459165": "in-sbi",
  "459166": "in-sbi",
  "459167": "in-sbi",
  "459168": "in-sbi",
  "459169": "in-sbi",
  "459170": "in-sbi",
  "459171": "in-sbi",
  "459172": "in-sbi",
  "459173": "in-sbi",
  "459174": "in-sbi",
  "459175": "in-sbi",
  "459176": "in-sbi",
  "459177": "in-sbi",
  "459178": "in-sbi",
  "459179": "in-sbi",
  "459180": "in-sbi",
  "459181": "in-sbi",
  "459182": "in-sbi",
  "459183": "in-sbi",
  "459184": "in-sbi",
  "459185": "in-sbi",
  "459186": "in-sbi",
  "459187": "in-sbi",
  "459188": "in-sbi",
  "459189": "in-sbi",
  "459190": "in-sbi",
  "459191": "in-sbi",
  "459192": "in-sbi",
  "459193": "in-sbi",
  "459194": "in-sbi",
  "459195": "in-sbi",
  "459196": "in-sbi",
  "459197": "in-sbi",
  "459198": "in-sbi",
  "459199": "in-sbi",
  "459200": "in-sbi",
  "459201": "in-sbi",
  "459202": "in-sbi",
  "459203": "in-sbi",
  "459204": "in-sbi",
  "459205": "in-sbi",
  "459243": "in-standard-chartered",
  "459244": "in-standard-chartered",
  "459245": "in-standard-chartered",
  "459557": "in-ubi",
  "459853": "in-yes",
  "460012": "in-standard-chartered",
  "460041": "in-standard-chartered",
  "460133": "in-canara",
  "460134": "in-canara",
  "460186": "in-standard-chartered",
  "460490": "in-axis",
  "460773": "in-ubi",
  "461095": "in-sbi",
  "461111": "in-hdfc",
  "461112": "in-hdfc",
  "461113": "in-hdfc",
  "461116": "in-axis",
  "461117": "in-axis",
  "461118": "in-axis",
  "461133": "in-icici",
  "461148": "in-baroda",
  "461358": "in-hdfc",
  "461665": "in-standard-chartered",
  "461666": "in-standard-chartered",
  "461667": "in-standard-chartered",
  "461680": "in-axis",
  "461743": "in-standard-chartered",
  "461749": "in-icici",
  "461765": "in-ubi",
  "461786": "in-hdfc",
  "461787": "in-hdfc",
  "461940": "in-canara",
  "461945": "in-sbi",
  "461991": "in-axis",
  "461992": "in-axis",
  "462264": "in-canara",
  "462269": "in-standard-chartered",
  "462270": "in-standard-chartered",
  "462271": "in-standard-chartered",
  "462272": "in-standard-chartered",
  "462273": "in-standard-chartered",
  "462409": "in-kotak-mahindra",
  "462477": "in-hdfc",
  "462490": "in-baroda",
  "462491": "in-baroda",
  "462753": "in-baroda",
  "462846": "in-ubi",
  "462847": "in-ubi",
  "462848": "in-ubi",
  "462852": "in-standard-chartered",
  "462858": "in-axis",
  "462859": "in-axis",
  "462860": "in-axis",
  "462861": "in-axis",
  "462862": "in-axis",
  "462863": "in-axis",
  "462864": "in-axis",
  "462865": "in-axis",
  "462866": "in-axis",
  "462886": "in-standard-chartered",
  "462904": "in-icici",
  "462952": "in-icici",
  "462963": "in-ubi",
  "462986": "in-icici",
  "462994": "in-punjab-national",
  "462996": "in-icici",
  "462999": "in-icici",
  "463665": "in-standard-chartered",
  "463728": "in-standard-chartered",
  "463733": "in-ubi",
  "463786": "in-sbi",
  "463787": "in-ib",
  "463906": "in-standard-chartered",
  "463907": "in-standard-chartered",
  "463917": "in-hdfc",
  "463918": "in-hdfc",
  "463919": "in-hdfc",
  "463921": "in-baroda",
  "464115": "in-hdfc",
  "464118": "in-axis",
  "464119": "in-axis",
  "464534": "in-hdfc",
  "464535": "in-hdfc",
  "464536": "in-hdfc",
  "464537": "in-hdfc",
  "464538": "in-hdfc",
  "464539": "in-hdfc",
  "464540": "in-hdfc",
  "464541": "in-hdfc",
  "464542": "in-hdfc",
  "464545": "in-hdfc",
  "464548": "in-hdfc",
  "464559": "in-sbi",
  "464578": "in-standard-chartered",
  "464741": "in-standard-chartered",
  "464958": "in-punjab-national",
  "464970": "in-icici",
  "464978": "in-punjab-national",
  "465230": "in-standard-chartered",
  "465231": "in-standard-chartered",
  "465818": "in-standard-chartered",
  "465961": "in-standard-chartered",
  "466059": "in-idbi",
  "466130": "in-hdfc",
  "466293": "in-standard-chartered",
  "466517": "in-ib",
  "466518": "in-ib",
  "466519": "in-ib",
  "466520": "in-ib",
  "466521": "in-ib",
  "466522": "in-ib",
  "466534": "in-sbi",
  "466535": "in-sbi",
  "466545": "in-axis",
  "466546": "in-axis",
  "466547": "in-axis",
  "466592": "in-ib",
  "466593": "in-ib",
  "466594": "in-ib",
  "466595": "in-idbi",
  "466597": "in-icici",
  "466704": "in-icici",
  "466705": "in-icici",
  "466706": "in-icici",
  "466730": "in-icici",
  "466731": "in-icici",
  "467029": "in-baroda",
  "467030": "in-baroda",
  "467031": "in-baroda",
  "467463": "in-standard-chartered",
  "467741": "in-hdfc",
  "467742": "in-hdfc",
  "467967": "in-standard-chartered",
  "467968": "in-standard-chartered",
  "467969": "in-punjab-national",
  "468507": "in-standard-chartered",
  "468545": "in-axis",
  "468560": "in-ubi",
  "468584": "in-baroda",
  "468778": "in-canara",
  "468779": "in-canara",
  "468799": "in-icici",
  "468805": "in-axis",
  "468822": "in-idbi",
  "468936": "in-ib",
  "468943": "in-baroda",
  "468949": "in-icici",
  "468957": "in-icici",
  "468958": "in-icici",
  "469130": "in-ubi",
  "469131": "in-ubi",
  "469164": "in-icici",
  "469190": "in-axis",
  "469191": "in-axis",
  "469192": "in-axis",
  "469196": "in-axis",
  "469197": "in-axis",
  "469198": "in-axis",
  "469375": "in-icici",
  "469386": "in-idbi",
  "469387": "in-idbi",
  "469388": "in-idbi",
  "469556": "in-standard-chartered",
  "469557": "in-standard-chartered",
  "469583": "in-standard-chartered",
  "469626": "in-standard-chartered",
  "469627": "in-standard-chartered",
  "469645": "in-kotak-mahindra",
  "469646": "in-kotak-mahindra",
  "470011": "in-axis",
  "470035": "in-ib",
  "470050": "in-ib",
  "470100": "in-ubi",
  "470347": "in-standard-chartered",
  "470456": "in-icici",
  "470557": "in-kotak-mahindra",
  "470573": "in-icici",
  "470589": "in-icici",
  "470613": "in-kotak-mahindra",
  "470614": "in-kotak-mahindra",
  "470661": "in-standard-chartered",
  "470691": "in-standard-chartered",
  "470692": "in-standard-chartered",
  "470900": "in-idbi",
  "470901": "in-idbi",
  "470902": "in-idbi",
  "470903": "in-idbi",
  "470904": "in-idbi",
  "470905": "in-idbi",
  "470906": "in-idbi",
  "470907": "in-idbi",
  "470915": "in-idbi",
  "470925": "in-standard-chartered",
  "470926": "in-standard-chartered",
  "470927": "in-standard-chartered",
  "470928": "in-standard-chartered",
  "470936": "in-canara",
  "470937": "in-canara",
  "470938": "in-canara",
  "470939": "in-canara",
  "471220": "in-ubi",
  "471267": "in-icici",
  "471268": "in-icici",
  "471451": "in-standard-chartered",
  "471860": "in-axis",
  "471861": "in-axis",
  "471863": "in-axis",
  "471864": "in-axis",
  "471865": "in-hdfc",
  "472147": "in-standard-chartered",
  "472149": "in-standard-chartered",
  "472254": "in-icici",
  "472255": "in-idbi",
  "472256": "in-idbi",
  "472257": "in-idbi",
  "472258": "in-idbi",
  "472259": "in-idbi",
  "472262": "in-canara",
  "472614": "in-ubi",
  "472638": "in-baroda",
  "472643": "in-hdfc",
  "472645": "in-icici",
  "472652": "in-kotak-mahindra",
  "472655": "in-axis",
  "472680": "in-icici",
  "472925": "in-standard-chartered",
  "473106": "in-icici",
  "473107": "in-icici",
  "473108": "in-icici",
  "473115": "in-icici",
  "473133": "in-icici",
  "473134": "in-icici",
  "473136": "in-icici",
  "473148": "in-icici",
  "473176": "in-icici",
  "473177": "in-icici",
  "473195": "in-icici",
  "473196": "in-icici",
  "474816": "in-sbi",
  "474846": "in-icici",
  "474847": "in-icici",
  "474856": "in-axis",
  "474864": "in-hdfc",
  "474865": "in-hdfc",
  "475739": "in-baroda",
  "476338": "in-standard-chartered",
  "476628": "in-axis",
  "476630": "in-hdfc",
  "476641": "in-hdfc",
  "476643": "in-axis",
  "476646": "in-hdfc",
  "476649": "in-axis",
  "476650": "in-axis",
  "476651": "in-icici",
  "476654": "in-icici",
  "476657": "in-hdfc",
  "476658": "in-hdfc",
  "477035": "in-canara",
  "477036": "in-canara",
  "477037": "in-canara",
  "477394": "in-icici",
  "477658": "in-icici",
  "477984": "in-standard-chartered",
  "478006": "in-kotak-mahindra",
  "478007": "in-icici",
  "478008": "in-ib",
  "478024": "in-hdfc",
  "478053": "in-axis",
  "478286": "in-axis",
  "478287": "in-axis",
  "478679": "in-sbi",
  "478893": "in-kotak-mahindra",
  "478910": "in-baroda",
  "478949": "in-ib",
  "479829": "in-hdfc",
  "479830": "in-hdfc",
  "479932": "in-icici",
  "479947": "in-hdfc",
  "479966": "in-icici",
  "479971": "in-sbi",
  "480259": "in-icici",
  "480320": "in-ubi",
  "480322": "in-ubi",
  "480695": "in-ubi",
  "480696": "in-ubi",
  "480697": "in-ubi",
  "480942": "in-standard-chartered",
  "481508": "in-hdfc",
  "483117": "in-kotak-mahindra",
  "483118": "in-kotak-mahindra",
  "483135": "in-axis",
  "483136": "in-axis",
  "483146": "in-sbi",
  "483546": "in-sbi",
  "483834": "in-icici",
  "483851": "in-icici",
  "483895": "in-canara",
  "484069": "in-kotak-mahindra",
  "484070": "in-kotak-mahindra",
  "484081": "in-standard-chartered",
  "484082": "in-standard-chartered",
  "484083": "in-standard-chartered",
  "484086": "in-hdfc",
  "484757": "in-standard-chartered",
  "484784": "in-sbi",
  "484798": "in-standard-chartered",
  "484826": "in-ubi",
  "484843": "in-standard-chartered",
  "484844": "in-standard-chartered",
  "485068": "in-idbi",
  "485069": "in-idbi",
  "485443": "in-axis",
  "485444": "in-axis",
  "485445": "in-axis",
  "485446": "in-hdfc",
  "485468": "in-baroda",
  "485498": "in-hdfc",
  "485499": "in-hdfc",
  "485905": "in-axis",
  "486034": "in-standard-chartered",
  "486035": "in-standard-chartered",
  "486036": "in-standard-chartered",
  "486149": "in-ubi",
  "486272": "in-canara",
  "486292": "in-axis",
  "486293": "in-canara",
  "486294": "in-standard-chartered",
  "486333": "in-baroda",
  "486409": "in-icici",
  "486410": "in-icici",
  "486418": "in-standard-chartered",
  "486419": "in-standard-chartered",
  "486536": "in-icici",
  "486575": "in-hdfc",
  "486586": "in-axis",
  "486602": "in-axis",
  "488904": "in-ubi",
  "488932": "in-canara",
  "488994": "in-hdfc",
  "489021": "in-ubi",
  "489083": "in-ubi",
  "489084": "in-ubi",
  "489376": "in-hdfc",
  "489377": "in-hdfc",
  "489500": "in-ubi",
  "489511": "in-idbi",
  "489519": "in-hdfc",
  "489604": "in-kotak-mahindra",
  "489664": "in-ib",
  "490015": "in-icici",
  "490016": "in-icici",
  "490017": "in-icici",
  "490222": "in-axis",
  "490223": "in-axis",
  "490235": "in-standard-chartered",
  "490246": "in-hdfc",
  "490247": "in-icici",
  "490254": "in-axis",
  "490269": "in-axis",
  "490280": "in-ubi",
  "490728": "in-standard-chartered",
  "490966": "in-standard-chartered",
  "490968": "in-standard-chartered",
  "491757": "in-baroda",
  "491817": "in-canara",
  "492104": "in-standard-chartered",
  "492105": "in-standard-chartered",
  "492124": "in-standard-chartered",
  "492294": "in-standard-chartered",
  "493496": "in-standard-chartered",
  "493497": "in-standard-chartered",
  "493498": "in-standard-chartered",
  "493499": "in-standard-chartered",
  "493724": "in-standard-chartered",
  "493749": "in-standard-chartered",
  "493750": "in-standard-chartered",
  "493826": "in-baroda",
  "494076": "in-standard-chartered",
  "494077": "in-standard-chartered",
  "498482": "in-standard-chartered",
  "498483": "in-standard-chartered",
  "498701": "in-baroda",
  "498726": "in-ib",
  "498759": "in-standard-chartered",
  "498792": "in-hdfc",
  "502165": "in-baroda",
  "504492": "in-hdfc",
  "508500": "in-ubi",
  "508506": "in-yes",
  "508507": "in-ubi",
  "508532": "in-canara",
  "508533": "in-axis",
  "508534": "in-icici",
  "508548": "in-sbi",
  "508568": "in-punjab-national",
  "508780": "in-baroda",
  "508806": "in-sbi",
  "508830": "in-ubi",
  "508833": "in-sbi",
  "508856": "in-sbi",
  "508861": "in-yes",
  "508925": "in-canara",
  "508944": "in-ubi",
  "510372": "in-sbi",
  "510421": "in-baroda",
  "510457": "in-standard-chartered",
  "510517": "in-axis",
  "510557": "in-idbi",
  "510820": "in-ubi",
  "511382": "in-icici",
  "511385": "in-icici",
  "511414": "in-icici",
  "511416": "in-icici",
  "511511": "in-hdfc",
  "511665": "in-hdfc",
  "511666": "in-hdfc",
  "511870": "in-axis",
  "511872": "in-axis",
  "511878": "in-sbi",
  "512088": "in-axis",
  "512121": "in-standard-chartered",
  "512126": "in-axis",
  "512212": "in-axis",
  "512260": "in-axis",
  "512319": "in-kotak-mahindra",
  "512384": "in-baroda",
  "512652": "in-punjab-national",
  "512760": "in-standard-chartered",
  "512815": "in-standard-chartered",
  "512932": "in-axis",
  "512944": "in-axis",
  "512963": "in-hdfc",
  "512967": "in-hdfc",
  "512968": "in-hdfc",
  "512971": "in-canara",
  "513344": "in-ubi",
  "513346": "in-axis",
  "513483": "in-sbi",
  "513490": "in-hdfc",
  "514002": "in-standard-chartered",
  "514063": "in-standard-chartered",
  "514068": "in-icici",
  "514084": "in-standard-chartered",
  "514560": "in-hdfc",
  "514765": "in-icici",
  "514831": "in-yes",
  "514833": "in-axis",
  "514834": "in-hdfc",
  "514837": "in-ubi",
  "514934": "in-standard-chartered",
  "515661": "in-canara",
  "515686": "in-canara",
  "516018": "in-standard-chartered",
  "516019": "in-standard-chartered",
  "516068": "in-ib",
  "516105": "in-icici",
  "516107": "in-icici",
  "516126": "in-yes",
  "516156": "in-yes",
  "516299": "in-canara",
  "516626": "in-standard-chartered",
  "516640": "in-icici",
  "517193": "in-kotak-mahindra",
  "517203": "in-ib",
  "517351": "in-canara",
  "517435": "in-icici",
  "517550": "in-yes",
  "517553": "in-punjab-national",
  "517574": "in-sbi",
  "517635": "in-hdfc",
  "517637": "in-icici",
  "517652": "in-hdfc",
  "517653": "in-icici",
  "517719": "in-icici",
  "517725": "in-hdfc",
  "517804": "in-idbi",
  "517848": "in-hdfc",
  "517890": "in-icici",
  "517899": "in-idbi",
  "518467": "in-sbi",
  "518686": "in-icici",
  "518719": "in-standard-chartered",
  "518817": "in-standard-chartered",
  "519253": "in-sbi",
  "519254": "in-sbi",
  "519255": "in-sbi",
  "519256": "in-sbi",
  "519518": "in-punjab-national",
  "519522": "in-icici",
  "519536": "in-canara",
  "519537": "in-icici",
  "519607": "in-sbi",
  "519617": "in-punjab-national",
  "519619": "in-sbi",
  "519620": "in-sbi",
  "519634": "in-standard-chartered",
  "519913": "in-sbi",
  "519980": "in-yes",
  "520038": "in-sbi",
  "520039": "in-sbi",
  "520041": "in-sbi",
  "520042": "in-sbi",
  "520044": "in-sbi",
  "520069": "in-standard-chartered",
  "520123": "in-standard-chartered",
  "520124": "in-standard-chartered",
  "520146": "in-standard-chartered",
  "520210": "in-ubi",
  "520375": "in-standard-chartered",
  "520606": "in-hdfc",
  "520897": "in-canara",
  "521074": "in-punjab-national",
  "521075": "in-ubi",
  "521086": "in-baroda",
  "521106": "in-sbi",
  "521107": "in-sbi",
  "521108": "in-sbi",
  "521109": "in-sbi",
  "521110": "in-sbi",
  "521111": "in-sbi",
  "521112": "in-sbi",
  "521113": "in-sbi",
  "521114": "in-sbi",
  "521115": "in-sbi",
  "521154": "in-sbi",
  "521163": "in-idbi",
  "521338": "in-standard-chartered",
  "521347": "in-standard-chartered",
  "521356": "in-standard-chartered",
  "521511": "in-hdfc",
  "521521": "in-axis",
  "521522": "in-icici",
  "521782": "in-sbi",
  "521953": "in-yes",
  "521978": "in-kotak-mahindra",
  "522023": "in-hdfc",
  "522024": "in-hdfc",
  "522306": "in-yes",
  "522309": "in-canara",
  "522310": "in-idbi",
  "522318": "in-icici",
  "522346": "in-axis",
  "522352": "in-axis",
  "522358": "in-yes",
  "522388": "in-punjab-national",
  "522669": "in-sbi",
  "522852": "in-hdfc",
  "523116": "in-sbi",
  "523429": "in-axis",
  "523614": "in-standard-chartered",
  "523672": "in-sbi",
  "523673": "in-icici",
  "523674": "in-hdfc",
  "523951": "in-icici",
  "523981": "in-standard-chartered",
  "523988": "in-standard-chartered",
  "523990": "in-standard-chartered",
  "524063": "in-standard-chartered",
  "524104": "in-standard-chartered",
  "524111": "in-hdfc",
  "524167": "in-yes",
  "524178": "in-axis",
  "524181": "in-hdfc",
  "524193": "in-icici",
  "524216": "in-hdfc",
  "524240": "in-axis",
  "524253": "in-kotak-mahindra",
  "524254": "in-hdfc",
  "524272": "in-sbi",
  "524290": "in-icici",
  "524329": "in-standard-chartered",
  "524360": "in-standard-chartered",
  "524368": "in-hdfc",
  "524376": "in-icici",
  "524446": "in-canara",
  "524451": "in-icici",
  "524458": "in-axis",
  "524469": "in-yes",
  "524480": "in-ib",
  "524482": "in-icici",
  "524508": "in-axis",
  "524512": "in-axis",
  "524530": "in-standard-chartered",
  "524598": "in-yes",
  "524610": "in-baroda",
  "524715": "in-canara",
  "524877": "in-hdfc",
  "524931": "in-hdfc",
  "525245": "in-canara",
  "525622": "in-ib",
  "525760": "in-hdfc",
  "525996": "in-icici",
  "526103": "in-kotak-mahindra",
  "526106": "in-axis",
  "526266": "in-hdfc",
  "526267": "in-hdfc",
  "526268": "in-hdfc",
  "526271": "in-hdfc",
  "526419": "in-hdfc",
  "526550": "in-yes",
  "526701": "in-axis",
  "526702": "in-yes",
  "526715": "in-hdfc",
  "526718": "in-axis",
  "526730": "in-axis",
  "526731": "in-axis",
  "526732": "in-axis",
  "526733": "in-axis",
  "526734": "in-axis",
  "526738": "in-standard-chartered",
  "526834": "in-yes",
  "526842": "in-standard-chartered",
  "526861": "in-ib",
  "526905": "in-canara",
  "527086": "in-axis",
  "527114": "in-axis",
  "527119": "in-axis",
  "527147": "in-axis",
  "527159": "in-canara",
  "527253": "in-baroda",
  "527479": "in-axis",
  "527536": "in-icici",
  "527625": "in-axis",
  "527672": "in-kotak-mahindra",
  "527692": "in-hdfc",
  "527898": "in-ib",
  "528095": "in-sbi",
  "528140": "in-idbi",
  "528571": "in-axis",
  "528654": "in-axis",
  "528677": "in-canara",
  "528678": "in-canara",
  "528756": "in-standard-chartered",
  "528849": "in-yes",
  "528882": "in-hdfc",
  "528887": "in-hdfc",
  "528945": "in-hdfc",
  "529131": "in-canara",
  "529185": "in-hdfc",
  "529186": "in-hdfc",
  "529303": "in-baroda",
  "529372": "in-icici",
  "529374": "in-icici",
  "529375": "in-icici",
  "529376": "in-icici",
  "529557": "in-idbi",
  "529608": "in-axis",
  "529615": "in-axis",
  "529616": "in-axis",
  "529617": "in-yes",
  "529618": "in-axis",
  "529811": "in-kotak-mahindra",
  "529812": "in-sbi",
  "529815": "in-kotak-mahindra",
  "529819": "in-canara",
  "529870": "in-canara",
  "529971": "in-icici",
  "529972": "in-icici",
  "529973": "in-icici",
  "530117": "in-yes",
  "530260": "in-axis",
  "530355": "in-standard-chartered",
  "530357": "in-axis",
  "530444": "in-yes",
  "530549": "in-yes",
  "530557": "in-yes",
  "530559": "in-yes",
  "530562": "in-axis",
  "530825": "in-axis",
  "530842": "in-hdfc",
  "531091": "in-sbi",
  "531096": "in-icici",
  "531593": "in-sbi",
  "531804": "in-icici",
  "531827": "in-icici",
  "531829": "in-hdfc",
  "531831": "in-hdfc",
  "531836": "in-hdfc",
  "531849": "in-yes",
  "532000": "in-baroda",
  "532047": "in-axis",
  "532118": "in-hdfc",
  "532127": "in-icici",
  "532135": "in-hdfc",
  "532490": "in-punjab-national",
  "532666": "in-icici",
  "532673": "in-standard-chartered",
  "532676": "in-hdfc",
  "532702": "in-axis",
  "532717": "in-standard-chartered",
  "532718": "in-icici",
  "532728": "in-standard-chartered",
  "532729": "in-icici",
  "532731": "in-axis",
  "532734": "in-axis",
  "532735": "in-standard-chartered",
  "532961": "in-hdfc",
  "532973": "in-hdfc",
  "532992": "in-axis",
  "533102": "in-axis",
  "533112": "in-icici",
  "533114": "in-yes",
  "533121": "in-yes",
  "533134": "in-kotak-mahindra",
  "533135": "in-kotak-mahindra",
  "533136": "in-hdfc",
  "533254": "in-sbi",
  "533265": "in-sbi",
  "533271": "in-icici",
  "533288": "in-axis",
  "533714": "in-yes",
  "533744": "in-hdfc",
  "533930": "in-punjab-national",
  "533931": "in-punjab-national",
  "533932": "in-punjab-national",
  "533983": "in-yes",
  "534044": "in-icici",
  "534131": "in-sbi",
  "534327": "in-sbi",
  "534330": "in-sbi",
  "534332": "in-sbi",
  "534334": "in-sbi",
  "534337": "in-sbi",
  "534340": "in-sbi",
  "534395": "in-ubi",
  "534424": "in-icici",
  "534444": "in-baroda",
  "534450": "in-icici",
  "534622": "in-canara",
  "534680": "in-axis",
  "534942": "in-axis",
  "534944": "in-hdfc",
  "534945": "in-sbi",
  "534948": "in-axis",
  "534952": "in-hdfc",
  "534954": "in-icici",
  "534961": "in-icici",
  "534966": "in-axis",
  "534968": "in-icici",
  "534973": "in-sbi",
  "534976": "in-yes",
  "534986": "in-hdfc",
  "534987": "in-axis",
  "534993": "in-icici",
  "534998": "in-icici",
  "535011": "in-axis",
  "535102": "in-canara",
  "535322": "in-ib",
  "535367": "in-sbi",
  "535369": "in-icici",
  "535385": "in-icici",
  "535395": "in-sbi",
  "535406": "in-axis",
  "535407": "in-sbi",
  "535408": "in-axis",
  "535415": "in-icici",
  "535417": "in-sbi",
  "535930": "in-sbi",
  "535931": "in-standard-chartered",
  "535934": "in-standard-chartered",
  "535960": "in-icici",
  "535985": "in-yes",
  "535995": "in-icici",
  "536012": "in-icici",
  "536016": "in-yes",
  "536018": "in-baroda",
  "536019": "in-ubi",
  "536132": "in-axis",
  "536303": "in-yes",
  "536311": "in-hdfc",
  "536593": "in-punjab-national",
  "536610": "in-axis",
  "536621": "in-axis",
  "536806": "in-icici",
  "537028": "in-axis",
  "537178": "in-standard-chartered",
  "537652": "in-ib",
  "537654": "in-icici",
  "537687": "in-icici",
  "537903": "in-axis",
  "537904": "in-axis",
  "537905": "in-axis",
  "537906": "in-axis",
  "537907": "in-axis",
  "537908": "in-axis",
  "537909": "in-axis",
  "537910": "in-axis",
  "537911": "in-axis",
  "537912": "in-axis",
  "537913": "in-axis",
  "537914": "in-axis",
  "537915": "in-axis",
  "538103": "in-yes",
  "538426": "in-sbi",
  "539109": "in-idbi",
  "539149": "in-axis",
  "539158": "in-axis",
  "539189": "in-icici",
  "539190": "in-icici",
  "539191": "in-icici",
  "539192": "in-axis",
  "539927": "in-standard-chartered",
  "539936": "in-ib",
  "539998": "in-icici",
  "540276": "in-ib",
  "540282": "in-icici",
  "540303": "in-baroda",
  "540460": "in-standard-chartered",
  "540461": "in-standard-chartered",
  "540479": "in-standard-chartered",
  "540480": "in-standard-chartered",
  "540529": "in-icici",
  "540536": "in-hdfc",
  "540544": "in-icici",
  "540560": "in-axis",
  "540711": "in-standard-chartered",
  "540725": "in-hdfc",
  "540738": "in-icici",
  "540763": "in-punjab-national",
  "541172": "in-hdfc",
  "541263": "in-icici",
  "541338": "in-ubi",
  "541340": "in-axis",
  "541374": "in-standard-chartered",
  "541400": "in-icici",
  "541531": "in-axis",
  "541674": "in-standard-chartered",
  "541688": "in-standard-chartered",
  "541777": "in-icici",
  "541859": "in-standard-chartered",
  "541919": "in-hdfc",
  "541973": "in-standard-chartered",
  "542225": "in-sbi",
  "542464": "in-icici",
  "542541": "in-icici",
  "542572": "in-icici",
  "542697": "in-ubi",
  "542705": "in-icici",
  "543080": "in-icici",
  "543105": "in-icici",
  "543186": "in-standard-chartered",
  "543252": "in-sbi",
  "543606": "in-sbi",
  "543705": "in-kotak-mahindra",
  "543711": "in-standard-chartered",
  "543751": "in-ib",
  "543765": "in-sbi",
  "543920": "in-yes",
  "544304": "in-standard-chartered",
  "544305": "in-standard-chartered",
  "544365": "in-axis",
  "544381": "in-axis",
  "544387": "in-axis",
  "544405": "in-sbi",
  "544438": "in-standard-chartered",
  "544455": "in-yes",
  "544574": "in-sbi",
  "544575": "in-sbi",
  "544585": "in-sbi",
  "544659": "in-standard-chartered",
  "544670": "in-sbi",
  "544729": "in-standard-chartered",
  "544751": "in-sbi",
  "544921": "in-sbi",
  "544970": "in-yes",
  "545080": "in-sbi",
  "545091": "in-standard-chartered",
  "545207": "in-icici",
  "545226": "in-hdfc",
  "545329": "in-hdfc",
  "545332": "in-sbi",
  "545354": "in-sbi",
  "545422": "in-canara",
  "545927": "in-punjab-national",
  "545935": "in-standard-chartered",
  "545936": "in-standard-chartered",
  "545964": "in-hdfc",
  "546094": "in-hdfc",
  "546522": "in-idbi",
  "546859": "in-standard-chartered",
  "547101": "in-idbi",
  "547344": "in-baroda",
  "547359": "in-standard-chartered",
  "547467": "in-icici",
  "547981": "in-kotak-mahindra",
  "548245": "in-baroda",
  "548352": "in-standard-chartered",
  "548353": "in-standard-chartered",
  "548568": "in-ib",
  "548592": "in-ib",
  "548597": "in-standard-chartered",
  "549124": "in-standard-chartered",
  "549132": "in-standard-chartered",
  "549140": "in-standard-chartered",
  "549172": "in-sbi",
  "549176": "in-kotak-mahindra",
  "549205": "in-yes",
  "549263": "in-sbi",
  "549267": "in-standard-chartered",
  "549325": "in-standard-chartered",
  "549335": "in-standard-chartered",
  "549533": "in-icici",
  "549635": "in-kotak-mahindra",
  "549637": "in-kotak-mahindra",
  "549642": "in-kotak-mahindra",
  "549652": "in-kotak-mahindra",
  "549663": "in-kotak-mahindra",
  "549749": "in-idbi",
  "549751": "in-axis",
  "549752": "in-punjab-national",
  "549753": "in-punjab-national",
  "549759": "in-canara",
  "549793": "in-axis",
  "549921": "in-yes",
  "549934": "in-standard-chartered",
  "550099": "in-axis",
  "550130": "in-standard-chartered",
  "550133": "in-axis",
  "550194": "in-axis",
  "550331": "in-axis",
  "550332": "in-axis",
  "550333": "in-axis",
  "550334": "in-axis",
  "550335": "in-axis",
  "550336": "in-axis",
  "550337": "in-axis",
  "550338": "in-axis",
  "550339": "in-axis",
  "550340": "in-axis",
  "550341": "in-axis",
  "550343": "in-axis",
  "550372": "in-hdfc",
  "550610": "in-axis",
  "550785": "in-yes",
  "552079": "in-standard-chartered",
  "552088": "in-hdfc",
  "552260": "in-hdfc",
  "552274": "in-hdfc",
  "552296": "in-standard-chartered",
  "552339": "in-standard-chartered",
  "552344": "in-hdfc",
  "552355": "in-standard-chartered",
  "552365": "in-hdfc",
  "552381": "in-standard-chartered",
  "552385": "in-hdfc",
  "552389": "in-hdfc",
  "552394": "in-hdfc",
  "552418": "in-icici",
  "553005": "in-hdfc",
  "553025": "in-icici",
  "553074": "in-standard-chartered",
  "553115": "in-hdfc",
  "553158": "in-icici",
  "553160": "in-standard-chartered",
  "553162": "in-hdfc",
  "553204": "in-yes",
  "553414": "in-icici",
  "553583": "in-hdfc",
  "554374": "in-standard-chartered",
  "554375": "in-standard-chartered",
  "554378": "in-standard-chartered",
  "554623": "in-standard-chartered",
  "555086": "in-axis",
  "555153": "in-hdfc",
  "555219": "in-axis",
  "555283": "in-axis",
  "555318": "in-ib",
  "555327": "in-ib",
  "555368": "in-icici",
  "555378": "in-axis",
  "555379": "in-axis",
  "555381": "in-axis",
  "555923": "in-sbi",
  "555925": "in-sbi",
  "555936": "in-idbi",
  "556042": "in-hdfc",
  "556620": "in-hdfc",
  "557269": "in-punjab-national",
  "557353": "in-sbi",
  "557371": "in-sbi",
  "557372": "in-sbi",
  "557373": "in-sbi",
  "557554": "in-punjab-national",
  "557582": "in-sbi",
  "557584": "in-ubi",
  "557585": "in-ubi",
  "557586": "in-sbi",
  "557629": "in-sbi",
  "557631": "in-sbi",
  "557632": "in-sbi",
  "557654": "in-axis",
  "557656": "in-axis",
  "557664": "in-ubi",
  "557665": "in-ubi",
  "557677": "in-sbi",
  "557682": "in-sbi",
  "557684": "in-ubi",
  "557688": "in-ubi",
  "557763": "in-yes",
  "558818": "in-hdfc",
  "558853": "in-standard-chartered",
  "558918": "in-yes",
  "558959": "in-standard-chartered",
  "558963": "in-standard-chartered",
  "558983": "in-hdfc",
  "559004": "in-ubi",
  "559145": "in-yes",
  "559146": "in-yes",
  "559300": "in-hdfc",
  "559340": "in-axis",
  "559341": "in-axis",
  "559342": "in-axis",
  "559344": "in-kotak-mahindra",
  "559404": "in-icici",
  "559405": "in-icici",
  "559423": "in-icici",
  "559431": "in-icici",
  "559462": "in-icici",
  "559469": "in-icici",
  "559490": "in-axis",
  "559491": "in-axis",
  "559492": "in-axis",
  "559493": "in-axis",
  "559526": "in-hdfc",
  "559530": "in-icici",
  "559540": "in-hdfc",
  "559558": "in-idbi",
  "559568": "in-canara",
  "559601": "in-sbi",
  "559602": "in-sbi",
  "559603": "in-sbi",
  "559604": "in-sbi",
  "559605": "in-sbi",
  "559606": "in-sbi",
  "559725": "in-icici",
  "559735": "in-icici",
  "559851": "in-yes",
  "559867": "in-yes",
  "559939": "in-icici",
  "559946": "in-icici",
  "559955": "in-yes",
  "559966": "in-icici",
  "559983": "in-icici",
  "606985": "in-baroda",
  "606986": "in-sbi",
  "606987": "in-sbi",
  "606988": "in-sbi",
  "606989": "in-sbi",
  "606990": "in-sbi",
  "606991": "in-sbi",
  "606992": "in-ubi",
  "606994": "in-baroda",
  "606999": "in-ubi",
  "607001": "in-ubi",
  "607005": "in-sbi",
  "607014": "in-sbi",
  "607017": "in-hdfc",
  "607027": "in-punjab-national",
  "607029": "in-baroda",
  "607030": "in-idbi",
  "607032": "in-sbi",
  "607045": "in-sbi",
  "607049": "in-ubi",
  "607072": "in-sbi",
  "607074": "in-sbi",
  "607086": "in-icici",
  "607093": "in-punjab-national",
  "607094": "in-sbi",
  "607095": "in-idbi",
  "607097": "in-sbi",
  "607098": "in-punjab-national",
  "607109": "in-hdfc",
  "607110": "in-ubi",
  "607112": "in-sbi",
  "607113": "in-sbi",
  "607116": "in-ubi",
  "607118": "in-axis",
  "607129": "in-ubi",
  "607152": "in-hdfc",
  "607153": "in-axis",
  "607161": "in-ubi",
  "607168": "in-ubi",
  "607169": "in-punjab-national",
  "607184": "in-ubi",
  "607189": "in-ib",
  "607193": "in-ubi",
  "607223": "in-yes",
  "607318": "in-hdfc",
  "607386": "in-canara",
  "607390": "in-canara",
  "607392": "in-canara",
  "607394": "in-standard-chartered",
  "607396": "in-canara",
  "607402": "in-canara",
  "607405": "in-canara",
  "607406": "in-icici",
  "607407": "in-axis",
  "607408": "in-icici",
  "607409": "in-idbi",
  "607411": "in-icici",
  "607412": "in-icici",
  "607414": "in-axis",
  "607415": "in-icici",
  "607416": "in-icici",
  "607417": "in-icici",
  "607418": "in-canara",
  "607419": "in-idbi",
  "607420": "in-kotak-mahindra",
  "607421": "in-kotak-mahindra",
  "607422": "in-canara",
  "607423": "in-icici",
  "607424": "in-idbi",
  "607425": "in-icici",
  "607426": "in-icici",
  "607427": "in-canara",
  "607428": "in-sbi",
  "607429": "in-sbi",
  "607430": "in-sbi",
  "607431": "in-sbi",
  "607432": "in-sbi",
  "607433": "in-sbi",
  "607434": "in-sbi",
  "607435": "in-sbi",
  "607436": "in-sbi",
  "607437": "in-axis",
  "607443": "in-kotak-mahindra",
  "607444": "in-kotak-mahindra",
  "607445": "in-axis",
  "607447": "in-canara",
  "607448": "in-axis",
  "607451": "in-ib",
  "607452": "in-icici",
  "607453": "in-icici",
  "607454": "in-canara",
  "607455": "in-sbi",
  "607456": "in-sbi",
  "607457": "in-sbi",
  "607459": "in-idbi",
  "607460": "in-yes",
  "607462": "in-icici",
  "607464": "in-canara",
  "607466": "in-icici",
  "607467": "in-axis",
  "607469": "in-kotak-mahindra",
  "607470": "in-icici",
  "607473": "in-icici",
  "607474": "in-icici",
  "607477": "in-yes",
  "607478": "in-icici",
  "607479": "in-icici",
  "607480": "in-idbi",
  "607526": "in-ubi",
  "607529": "in-axis",
  "607531": "in-punjab-national",
  "607532": "in-sbi",
  "607533": "in-sbi",
  "607534": "in-sbi",
  "607535": "in-sbi",
  "607536": "in-sbi",
  "607537": "in-sbi",
  "607538": "in-sbi",
  "607539": "in-sbi",
  "607540": "in-icici",
  "607574": "in-axis",
  "607576": "in-sbi",
  "607618": "in-axis",
  "607747": "in-axis",
  "607802": "in-hdfc",
  "607848": "in-baroda",
  "607849": "in-sbi",
  "607851": "in-punjab-national",
  "607853": "in-ubi",
  "607855": "in-sbi",
  "607856": "in-sbi",
  "607857": "in-axis",
  "607859": "in-punjab-national",
  "607880": "in-ubi",
  "607883": "in-punjab-national",
  "607900": "in-sbi",
  "607901": "in-sbi",
  "607902": "in-sbi",
  "607903": "in-sbi",
  "607904": "in-sbi",
  "607926": "in-hdfc",
  "607956": "in-kotak-mahindra",
  "608008": "in-idbi",
  "608025": "in-hdfc",
  "608026": "in-hdfc",
  "608027": "in-hdfc",
  "608042": "in-ubi",
  "608043": "in-ubi",
  "608044": "in-ubi",
  "608062": "in-icici",
  "608063": "in-icici",
  "608064": "in-icici",
  "608074": "in-axis",
  "608075": "in-axis",
  "608076": "in-icici",
  "608101": "in-axis",
  "608103": "in-sbi",
  "608105": "in-punjab-national",
  "608108": "in-axis",
  "608109": "in-canara",
  "608111": "in-ubi",
  "608119": "in-punjab-national",
  "608160": "in-sbi",
  "608161": "in-ubi",
  "608199": "in-icici",
  "608201": "in-canara",
  "608351": "in-hdfc",
  "608352": "in-icici",
  "621337": "in-standard-chartered",
  "622482": "in-standard-chartered",
  "622483": "in-standard-chartered",
  "622484": "in-standard-chartered",
  "622851": "in-baroda",
  "622852": "in-baroda",
  "652151": "in-baroda",
  "652153": "in-canara",
  "652154": "in-idbi",
  "652156": "in-hdfc",
  "652157": "in-axis",
  "652162": "in-ib",
  "652163": "in-ubi",
  "652166": "in-hdfc",
  "652169": "in-canara",
  "652170": "in-icici",
  "652177": "in-axis",
  "652180": "in-icici",
  "652189": "in-axis",
  "652190": "in-axis",
  "652201": "in-idbi",
  "652202": "in-ubi",
  "652210": "in-yes",
  "652211": "in-baroda",
  "652214": "in-punjab-national",
  "652231": "in-axis",
  "652236": "in-axis",
  "652239": "in-sbi",
  "652240": "in-sbi",
  "652241": "in-sbi",
  "652242": "in-sbi",
  "652243": "in-sbi",
  "652244": "in-sbi",
  "652245": "in-icici",
  "652400": "in-hdfc",
  "675912": "in-sbi",
  "940131": "in-icici",
  "940134": "in-icici",
  "970410": "in-standard-chartered"
}