{
  "de-deutsche": {
    "bankAlias": "de-deutsche",
    "bankName": "Deutsche Bank",
    "bankLocalName": "Deutsche Bank",
    "bankColor": "#1c62b7",
    "bankColors": [
      "#1c62b7",
      "#ffffff"
    ],
    "bankCountry": "de",
    "bankSite": "https://www.db.com/",
    "bankPhone": "8~10 49 69 91010039",
    "formBackgroundColor": "#1c62b7",
    "formBackgroundColors": [
      "#1c62b7",
      "#3b85de"
    ],
    "formBackgroundLightness": "light",
    "formTextColor": "#ffffff",
    "formLogoScheme": "inverted",
    "formBorderColor": "#050000"
  },
  "de-commerzbank": {
    "bankAlias": "de-commerzbank",
    "bankName": "Commerzbank",
    "bankLocalName": "Commerzbank",
    "bankColor": "#f6d24b",
    "bankColors": [
      "#f6d24b",
      "#000000"
    ],
    "bankCountry": "de",
    "bankSite": "https://www.commerzbank.de/",
    "bankPhone": "",
    "formBackgroundColor": "#f6d24b",
    "formBackgroundColors": [
      "#f6d24b",
      "#f6e5b0"
    ],
    "formBackgroundLightness": "light",
    "formTextColor": "#000000",
    "formLogoScheme": "inverted",
    "formBorderColor": "#000000"
  },
  "de-dz": {
    "bankAlias": "de-dz",
    "bankName": "DZ Bank",
    "bankLocalName": "DZ Bank",
    "bankColor": "#0072b9",
    "bankColors": [
      "#0072b9",
      "#f26d35"
    ],
    "bankCountry": "de",
    "bankSite": "https://www.dzbank.de/content/dzbank/en/home.html",
    "bankPhone": "",
    "formBackgroundColor": "#0072b9",
    "formBackgroundColors": [
      "#0072b9",
      "#f26d35"
    ],
    "formBackgroundLightness": "light",
    "formTextColor": "#ffffff",
    "formLogoScheme": "inverted",
    "formBorderColor": "#000000"
  },
  "de-lbbw": {
    "bankAlias": "de-lbbw",
    "bankName": "Landesbank Baden-Wurtternberg",
    "bankLocalName": "Landesbank Baden-Wurtternberg",
    "bankColor": "#123250",
    "bankColors": [
      "#123250",
      "#ffffff"
    ],
    "bankCountry": "de",
    "bankSite": "https://www.lbbw.de/",
    "bankPhone": "+49 711 127-0",
    "formBackgroundColor": "#123250",
    "formBackgroundColors": [
      "#123250",
      "#1e609d"
    ],
    "formBackgroundLightness": "light",
    "formTextColor": "#ffffff",
    "formLogoScheme": "inverted",
    "formBorderColor": "#123250"
  },
  "de-bl": {
    "bankAlias": "de-bl",
    "bankName": "Bayerische Landesbank ",
    "bankLocalName": "Bayerische Landesbank ",
    "bankColor": "#1d8fc9",
    "bankColors": [
      "#1d8fc9",
      "#062e68"
    ],
    "bankCountry": "de",
    "bankSite": "https://www.bayernlb.de/internet/de/blb/resp/index.jsp",
    "bankPhone": "+49 89 2171-01",
    "formBackgroundColor": "#1d8fc9",
    "formBackgroundColors": [
      "#1d8fc9",
      "#062e68"
    ],
    "formBackgroundLightness": "light",
    "formTextColor": "#ffffff",
    "formLogoScheme": "inverted",
    "formBorderColor": "#1d8fc9"
  },
  "de-hv": {
    "bankAlias": "de-hv",
    "bankName": "HypoVereinsbank",
    "bankLocalName": "HypoVereinsbank",
    "bankColor": "#e3000f",
    "bankColors": [
      "#e3000f",
      "#ffffff"
    ],
    "bankCountry": "de",
    "bankSite": "https://www.hypovereinsbank.de/hvb/privatkunden",
    "bankPhone": "",
    "formBackgroundColor": "#e3000f",
    "formBackgroundColors": [
      "#e3000f",
      "#ea757c"
    ],
    "formBackgroundLightness": "light",
    "formTextColor": "#ffffff",
    "formLogoScheme": "inverted",
    "formBorderColor": "#000000"
  },
  "de-nl": {
    "bankAlias": "de-nl",
    "bankName": "Norddeutsche Landesbank",
    "bankLocalName": "Norddeutsche Landesbank",
    "bankColor": "#0f1d44",
    "bankColors": [
      "#0f1d44",
      "#00969e"
    ],
    "bankCountry": "de",
    "bankSite": "https://www.nordlb.com/",
    "bankPhone": "",
    "formBackgroundColor": "#0f1d44",
    "formBackgroundColors": [
      "#0f1d44",
      "#00969e"
    ],
    "formBackgroundLightness": "light",
    "formTextColor": "#ffffff",
    "formLogoScheme": "inverted",
    "formBorderColor": "#0f1d44"
  },
  "de-helaba": {
    "bankAlias": "de-helaba",
    "bankName": "Landesbank Hessen-Thüringen",
    "bankLocalName": "Landesbank Hessen-Thüringen",
    "bankColor": "#e30613",
    "bankColors": [
      "#e30613",
      "#00456d"
    ],
    "bankCountry": "de",
    "bankSite": "https://www.helaba.com/",
    "bankPhone": "+49 69 / 91 32-01",
    "formBackgroundColor": "#e30613",
    "formBackgroundColors": [
      "#e30613",
      "#00456d"
    ],
    "formBackgroundLightness": "light",
    "formTextColor": "#ffffff",
    "formLogoScheme": "inverted",
    "formBorderColor": "#00456d"
  },
  "de-saar": {
    "bankAlias": "de-saar",
    "bankName": "Landesbank Saar",
    "bankLocalName": "Landesbank Saar",
    "bankColor": "#dddf00",
    "bankColors": [
      "#dddf00"
    ],
    "bankCountry": "de",
    "bankSite": "https://saarlb.de/",
    "bankPhone": "+49 681 383-01",
    "formBackgroundColor": "#dddf00",
    "formBackgroundColors": [
      "#dddf00",
      "#a5a664"
    ],
    "formBackgroundLightness": "light",
    "formTextColor": "#000000",
    "formLogoScheme": "inverted",
    "formBorderColor": "#000000"
  },
  "de-ag": {
    "bankAlias": "de-ag",
    "bankName": "Landesbank Berlin AG",
    "bankLocalName": "Landesbank Berlin AG",
    "bankColor": "#1c1c1c",
    "bankColors": [
      "#1c1c1c",
      "#ffffff"
    ],
    "bankCountry": "de",
    "bankSite": "https://www.lbb.de/landesbank/de/index.html",
    "bankPhone": "",
    "formBackgroundColor": "#1c1c1c",
    "formBackgroundColors": [
      "#1c1c1c",
      "#ffffff"
    ],
    "formBackgroundLightness": "light",
    "formTextColor": "#ffffff",
    "formLogoScheme": "inverted",
    "formBorderColor": "#1c1c1c"
  },
  "de-oldenburgischeag": {
    "bankAlias": "de-oldenburgischeag",
    "bankName": "Oldenburgische Landesbank AG",
    "bankLocalName": "Oldenburgische Landesbank AG",
    "bankColor": "#007858",
    "bankColors": [
      "#007858",
      "#ffffff"
    ],
    "bankCountry": "de",
    "bankSite": "https://www.olb.de/privatkunden",
    "bankPhone": "+49 441-221 2210",
    "formBackgroundColor": "#007858",
    "formBackgroundColors": [
      "#007858",
      "#0abf8f"
    ],
    "formBackgroundLightness": "light",
    "formTextColor": "#ffffff",
    "formLogoScheme": "inverted",
    "formBorderColor": "#000000"
  },
  "de-wirecard": {
    "bankAlias": "de-wirecard",
    "bankName": "Wirecard Bank",
    "bankLocalName": "Wirecard Bank",
    "bankColor": "#112032",
    "bankColors": [
      "#112032",
      "#ffffff"
    ],
    "bankCountry": "de",
    "bankSite": "https://www.wirecardbank.de/",
    "bankPhone": "+49 (0) 30 / 300 110 700",
    "formBackgroundColor": "#112032",
    "formBackgroundColors": [
      "#112032",
      "#2d5586"
    ],
    "formBackgroundLightness": "light",
    "formTextColor": "#ffffff",
    "formLogoScheme": "inverted",
    "formBorderColor": "#112032"
  }
}