{
  "400272": "de-commerzbank",
  "400697": "de-commerzbank",
  "401849": "de-commerzbank",
  "401850": "de-commerzbank",
  "402007": "de-hv",
  "402037": "de-oldenburgischeag",
  "402038": "de-oldenburgischeag",
  "402058": "de-dz",
  "403585": "de-hv",
  "404163": "de-saar",
  "404218": "de-saar",
  "404546": "de-deutsche",
  "404547": "de-deutsche",
  "404929": "de-dz",
  "405056": "de-dz",
  "406417": "de-dz",
  "412108": "de-commerzbank",
  "412435": "de-saar",
  "413069": "de-bl",
  "413585": "de-commerzbank",
  "413586": "de-commerzbank",
  "414273": "de-dz",
  "415258": "de-commerzbank",
  "415472": "de-dz",
  "415476": "de-commerzbank",
  "416090": "de-deutsche",
  "416091": "de-deutsche",
  "416092": "de-deutsche",
  "416093": "de-deutsche",
  "417721": "de-commerzbank",
  "418135": "de-deutsche",
  "419388": "de-bl",
  "419940": "de-bl",
  "420081": "de-deutsche",
  "421307": "de-ag",
  "421617": "de-deutsche",
  "421621": "de-deutsche",
  "421624": "de-wirecard",
  "421632": "de-deutsche",
  "421663": "de-ag",
  "421752": "de-deutsche",
  "422124": "de-commerzbank",
  "422173": "de-dz",
  "422174": "de-dz",
  "422219": "de-deutsche",
  "422884": "de-dz",
  "422885": "de-dz",
  "423272": "de-saar",
  "423886": "de-dz",
  "424200": "de-lbbw",
  "424201": "de-lbbw",
  "424910": "de-nl",
  "424911": "de-saar",
  "425709": "de-commerzbank",
  "425718": "de-bl",
  "425723": "de-bl",
  "426039": "de-dz",
  "427316": "de-lbbw",
  "427330": "de-dz",
  "427334": "de-dz",
  "427340": "de-dz",
  "427360": "de-dz",
  "427370": "de-nl",
  "427718": "de-deutsche",
  "427719": "de-ag",
  "427742": "de-commerzbank",
  "428242": "de-ag",
  "428243": "de-ag",
  "428244": "de-ag",
  "428258": "de-ag",
  "428259": "de-ag",
  "428279": "de-ag",
  "428972": "de-lbbw",
  "429550": "de-saar",
  "429703": "de-commerzbank",
  "429704": "de-commerzbank",
  "429705": "de-commerzbank",
  "429706": "de-commerzbank",
  "430279": "de-ag",
  "430514": "de-deutsche",
  "430571": "de-dz",
  "434411": "de-ag",
  "434414": "de-ag",
  "434415": "de-ag",
  "434420": "de-ag",
  "434436": "de-ag",
  "434450": "de-ag",
  "434451": "de-ag",
  "434453": "de-ag",
  "434454": "de-ag",
  "434455": "de-ag",
  "434472": "de-ag",
  "434473": "de-ag",
  "434477": "de-ag",
  "434496": "de-ag",
  "434499": "de-ag",
  "436329": "de-deutsche",
  "440620": "de-dz",
  "440768": "de-nl",
  "440774": "de-dz",
  "440787": "de-dz",
  "441258": "de-deutsche",
  "441259": "de-deutsche",
  "441260": "de-deutsche",
  "441261": "de-deutsche",
  "441262": "de-deutsche",
  "441263": "de-deutsche",
  "441264": "de-deutsche",
  "441287": "de-deutsche",
  "441288": "de-deutsche",
  "441293": "de-deutsche",
  "441298": "de-deutsche",
  "445197": "de-ag",
  "445198": "de-ag",
  "445199": "de-ag",
  "446135": "de-nl",
  "447574": "de-deutsche",
  "448356": "de-commerzbank",
  "448401": "de-deutsche",
  "448432": "de-commerzbank",
  "451853": "de-deutsche",
  "451854": "de-deutsche",
  "452573": "de-dz",
  "453243": "de-ag",
  "454469": "de-ag",
  "454470": "de-ag",
  "454618": "de-commerzbank",
  "454749": "de-ag",
  "455055": "de-commerzbank",
  "455395": "de-bl",
  "455554": "de-deutsche",
  "455578": "de-ag",
  "455579": "de-ag",
  "456361": "de-lbbw",
  "456362": "de-lbbw",
  "456381": "de-deutsche",
  "456382": "de-deutsche",
  "456383": "de-deutsche",
  "456832": "de-deutsche",
  "456838": "de-deutsche",
  "456844": "de-deutsche",
  "456845": "de-deutsche",
  "456874": "de-ag",
  "456876": "de-ag",
  "457006": "de-dz",
  "457007": "de-dz",
  "457008": "de-dz",
  "457010": "de-dz",
  "457011": "de-dz",
  "457012": "de-dz",
  "457013": "de-dz",
  "457014": "de-dz",
  "457015": "de-dz",
  "457017": "de-dz",
  "457018": "de-dz",
  "457037": "de-dz",
  "457038": "de-dz",
  "457060": "de-dz",
  "457061": "de-dz",
  "457062": "de-dz",
  "457064": "de-dz",
  "457094": "de-dz",
  "457095": "de-dz",
  "457096": "de-dz",
  "457097": "de-dz",
  "457098": "de-dz",
  "457099": "de-dz",
  "458612": "de-dz",
  "458613": "de-dz",
  "458620": "de-dz",
  "458621": "de-dz",
  "458622": "de-dz",
  "458623": "de-dz",
  "458624": "de-dz",
  "458625": "de-dz",
  "458626": "de-dz",
  "458630": "de-dz",
  "458632": "de-dz",
  "458650": "de-dz",
  "458651": "de-dz",
  "458652": "de-dz",
  "458653": "de-dz",
  "458654": "de-dz",
  "458655": "de-dz",
  "458656": "de-dz",
  "458660": "de-dz",
  "458661": "de-dz",
  "458662": "de-dz",
  "458663": "de-dz",
  "458664": "de-dz",
  "458665": "de-dz",
  "458666": "de-dz",
  "458670": "de-dz",
  "458671": "de-dz",
  "458672": "de-dz",
  "458673": "de-dz",
  "458674": "de-dz",
  "458675": "de-dz",
  "458676": "de-dz",
  "458677": "de-dz",
  "458678": "de-dz",
  "458679": "de-dz",
  "458680": "de-dz",
  "458681": "de-dz",
  "458685": "de-dz",
  "458686": "de-dz",
  "458910": "de-dz",
  "458920": "de-dz",
  "458921": "de-dz",
  "458940": "de-dz",
  "458950": "de-dz",
  "458951": "de-dz",
  "458952": "de-dz",
  "458960": "de-dz",
  "458961": "de-dz",
  "458970": "de-dz",
  "458971": "de-dz",
  "458972": "de-dz",
  "458973": "de-dz",
  "458974": "de-dz",
  "458975": "de-dz",
  "458976": "de-dz",
  "458977": "de-dz",
  "458978": "de-dz",
  "458979": "de-dz",
  "458980": "de-dz",
  "459085": "de-dz",
  "459524": "de-wirecard",
  "459525": "de-wirecard",
  "460315": "de-commerzbank",
  "462754": "de-dz",
  "464433": "de-dz",
  "466029": "de-commerzbank",
  "466255": "de-wirecard",
  "466630": "de-dz",
  "466631": "de-dz",
  "466632": "de-dz",
  "466640": "de-dz",
  "466641": "de-dz",
  "466642": "de-dz",
  "466643": "de-dz",
  "466650": "de-dz",
  "466651": "de-dz",
  "466652": "de-dz",
  "466653": "de-dz",
  "466654": "de-dz",
  "466655": "de-dz",
  "466920": "de-dz",
  "466921": "de-dz",
  "466940": "de-dz",
  "466950": "de-dz",
  "466951": "de-dz",
  "466990": "de-dz",
  "467023": "de-deutsche",
  "467495": "de-ag",
  "470454": "de-deutsche",
  "472644": "de-wirecard",
  "474345": "de-dz",
  "474585": "de-deutsche",
  "474586": "de-deutsche",
  "474587": "de-deutsche",
  "474588": "de-deutsche",
  "474589": "de-deutsche",
  "474590": "de-deutsche",
  "477100": "de-oldenburgischeag",
  "477569": "de-dz",
  "477574": "de-saar",
  "477912": "de-deutsche",
  "477913": "de-deutsche",
  "477980": "de-commerzbank",
  "477981": "de-commerzbank",
  "477982": "de-commerzbank",
  "479212": "de-deutsche",
  "479292": "de-commerzbank",
  "479707": "de-dz",
  "480250": "de-dz",
  "480468": "de-nl",
  "480469": "de-saar",
  "482400": "de-wirecard",
  "482401": "de-wirecard",
  "482409": "de-wirecard",
  "482410": "de-wirecard",
  "482411": "de-wirecard",
  "482412": "de-wirecard",
  "482414": "de-wirecard",
  "482419": "de-wirecard",
  "482420": "de-wirecard",
  "482422": "de-wirecard",
  "482423": "de-wirecard",
  "482424": "de-wirecard",
  "482426": "de-wirecard",
  "482427": "de-wirecard",
  "482430": "de-wirecard",
  "482437": "de-wirecard",
  "482438": "de-wirecard",
  "482439": "de-wirecard",
  "482440": "de-wirecard",
  "482441": "de-wirecard",
  "482445": "de-wirecard",
  "482446": "de-wirecard",
  "482459": "de-wirecard",
  "482460": "de-wirecard",
  "482461": "de-wirecard",
  "482464": "de-wirecard",
  "482472": "de-wirecard",
  "482473": "de-wirecard",
  "482485": "de-wirecard",
  "482486": "de-wirecard",
  "482487": "de-wirecard",
  "482488": "de-wirecard",
  "482493": "de-wirecard",
  "482494": "de-wirecard",
  "482497": "de-wirecard",
  "482510": "de-ag",
  "485450": "de-hv",
  "485700": "de-deutsche",
  "485701": "de-deutsche",
  "485702": "de-deutsche",
  "485772": "de-deutsche",
  "485774": "de-deutsche",
  "486432": "de-commerzbank",
  "486433": "de-commerzbank",
  "486455": "de-deutsche",
  "486456": "de-deutsche",
  "486486": "de-commerzbank",
  "486487": "de-commerzbank",
  "487080": "de-bl",
  "490255": "de-deutsche",
  "490730": "de-saar",
  "490742": "de-deutsche",
  "490762": "de-bl",
  "491075": "de-dz",
  "491201": "de-commerzbank",
  "491202": "de-commerzbank",
  "491224": "de-dz",
  "491225": "de-dz",
  "491226": "de-dz",
  "491782": "de-nl",
  "491808": "de-dz",
  "491820": "de-dz",
  "491821": "de-dz",
  "492093": "de-deutsche",
  "493441": "de-dz",
  "493470": "de-dz",
  "493476": "de-dz",
  "493778": "de-bl",
  "494142": "de-dz",
  "494601": "de-bl",
  "494602": "de-bl",
  "494604": "de-bl",
  "498747": "de-wirecard",
  "498808": "de-deutsche",
  "499858": "de-deutsche",
  "499897": "de-bl",
  "499898": "de-bl",
  "510129": "de-deutsche",
  "510130": "de-deutsche",
  "511668": "de-dz",
  "512625": "de-commerzbank",
  "512633": "de-wirecard",
  "512665": "de-deutsche",
  "513020": "de-dz",
  "513021": "de-dz",
  "513077": "de-wirecard",
  "513682": "de-dz",
  "513765": "de-wirecard",
  "514312": "de-commerzbank",
  "516007": "de-wirecard",
  "517171": "de-dz",
  "517337": "de-wirecard",
  "518109": "de-dz",
  "518777": "de-dz",
  "518783": "de-dz",
  "519344": "de-commerzbank",
  "519375": "de-deutsche",
  "519791": "de-wirecard",
  "520913": "de-commerzbank",
  "523224": "de-commerzbank",
  "523227": "de-deutsche",
  "523230": "de-deutsche",
  "523231": "de-deutsche",
  "523232": "de-deutsche",
  "523233": "de-deutsche",
  "523234": "de-deutsche",
  "523276": "de-deutsche",
  "524855": "de-dz",
  "525734": "de-dz",
  "526837": "de-dz",
  "527455": "de-wirecard",
  "527456": "de-wirecard",
  "527457": "de-wirecard",
  "527459": "de-wirecard",
  "528821": "de-wirecard",
  "529162": "de-dz",
  "529439": "de-wirecard",
  "529444": "de-wirecard",
  "529445": "de-wirecard",
  "529770": "de-deutsche",
  "530588": "de-dz",
  "531148": "de-wirecard",
  "532353": "de-hv",
  "533224": "de-dz",
  "533873": "de-commerzbank",
  "534511": "de-commerzbank",
  "535448": "de-wirecard",
  "535487": "de-deutsche",
  "535504": "de-deutsche",
  "535531": "de-commerzbank",
  "535532": "de-commerzbank",
  "535935": "de-wirecard",
  "535936": "de-wirecard",
  "535937": "de-wirecard",
  "535947": "de-wirecard",
  "537441": "de-wirecard",
  "537472": "de-wirecard",
  "537503": "de-dz",
  "538666": "de-dz",
  "539884": "de-hv",
  "539886": "de-hv",
  "539887": "de-hv",
  "542385": "de-wirecard",
  "542429": "de-dz",
  "542431": "de-dz",
  "542743": "de-dz",
  "544691": "de-dz",
  "545105": "de-deutsche",
  "545397": "de-dz",
  "545990": "de-deutsche",
  "545991": "de-deutsche",
  "546770": "de-dz",
  "547268": "de-deutsche",
  "547310": "de-deutsche",
  "547341": "de-deutsche",
  "547629": "de-hv",
  "548324": "de-hv",
  "548327": "de-commerzbank",
  "548339": "de-commerzbank",
  "548346": "de-hv",
  "548347": "de-hv",
  "548348": "de-hv",
  "548365": "de-hv",
  "548373": "de-hv",
  "548377": "de-hv",
  "548378": "de-hv",
  "548380": "de-hv",
  "548394": "de-hv",
  "548602": "de-dz",
  "548607": "de-dz",
  "548608": "de-dz",
  "548611": "de-dz",
  "548612": "de-dz",
  "548616": "de-dz",
  "548617": "de-dz",
  "548621": "de-dz",
  "548622": "de-dz",
  "548623": "de-dz",
  "548624": "de-dz",
  "548629": "de-dz",
  "548690": "de-dz",
  "548692": "de-dz",
  "548694": "de-dz",
  "548695": "de-dz",
  "548696": "de-dz",
  "548697": "de-dz",
  "548698": "de-dz",
  "548699": "de-dz",
  "548756": "de-hv",
  "549410": "de-dz",
  "549495": "de-helaba",
  "550487": "de-hv",
  "552738": "de-commerzbank",
  "552756": "de-commerzbank",
  "552757": "de-commerzbank",
  "552761": "de-dz",
  "552762": "de-dz",
  "554161": "de-helaba",
  "554255": "de-dz",
  "554256": "de-dz",
  "554257": "de-dz",
  "554258": "de-dz",
  "554736": "de-dz",
  "557011": "de-deutsche",
  "557094": "de-wirecard",
  "558336": "de-dz",
  "558519": "de-hv",
  "559657": "de-dz",
  "670503": "de-lbbw",
  "670540": "de-wirecard",
  "670577": "de-helaba",
  "670666": "de-wirecard",
  "670667": "de-wirecard",
  "670668": "de-wirecard",
  "670698": "de-wirecard",
  "670802": "de-wirecard",
  "672210": "de-deutsche",
  "672211": "de-deutsche",
  "672212": "de-deutsche",
  "672213": "de-deutsche",
  "672214": "de-deutsche",
  "672215": "de-deutsche",
  "672216": "de-deutsche",
  "672217": "de-deutsche",
  "672218": "de-deutsche",
  "672219": "de-deutsche",
  "672270": "de-deutsche",
  "672271": "de-deutsche",
  "672272": "de-deutsche",
  "672273": "de-deutsche",
  "672274": "de-deutsche",
  "672275": "de-deutsche",
  "672276": "de-deutsche",
  "672277": "de-deutsche",
  "672278": "de-deutsche",
  "672279": "de-deutsche",
  "820200": "de-hv"
}