{
  "br-bancoob": {
    "bankAlias": "br-bancoob",
    "bankName": "Banco Cooperativo Brasil",
    "bankLocalName": "Banco Cooperativo Brasil",
    "bankColor": "#75c044",
    "bankColors": [
      "#bfd730",
      "#00ae9d"
    ],
    "bankCountry": "br",
    "bankSite": "https://www.bancoob.com.br/",
    "bankPhone": "+55 11 5071-4720",
    "formBackgroundColor": "#75c044",
    "formBackgroundColors": [
      "#75c044",
      "#bfd730",
      "#00ae9d"
    ],
    "formBackgroundLightness": "dark",
    "formTextColor": "#ffffff",
    "formLogoScheme": "inverted",
    "formBorderColor": "#ffffff"
  },
  "br-bv": {
    "bankAlias": "br-bv",
    "bankName": "Banco Votorantim",
    "bankLocalName": "Banco Votorantim",
    "bankColor": "#4b70dc",
    "bankColors": [
      "#5ccbe1"
    ],
    "bankCountry": "br",
    "bankSite": "https://www.bv.com.br/",
    "bankPhone": "",
    "formBackgroundColor": "#4b70dc",
    "formBackgroundColors": [
      "#4b70dc",
      "#5ccbe1"
    ],
    "formBackgroundLightness": "dark",
    "formTextColor": "#ffffff",
    "formLogoScheme": "inverted",
    "formBorderColor": "#ffffff"
  },
  "br-banrisul": {
    "bankAlias": "br-banrisul",
    "bankName": "Banrisul",
    "bankLocalName": "Banrisul",
    "bankColor": "#0788fe",
    "bankColors": [
      "#a06ffe",
      "#00d9cb"
    ],
    "bankCountry": "br",
    "bankSite": "http://www.banrisul.com.br/",
    "bankPhone": "0800 541 8855",
    "formBackgroundColor": "#00d9cb",
    "formBackgroundColors": [
      "#00d9cb",
      "#a06ffe",
      "#0788fe"
    ],
    "formBackgroundLightness": "dark",
    "formTextColor": "#ffffff",
    "formLogoScheme": "inverted",
    "formBorderColor": "#ffffff"
  },
  "br-bancopan": {
    "bankAlias": "br-bancopan",
    "bankName": "Banco Pan",
    "bankLocalName": "Banco Pan",
    "bankColor": "#00c5ff",
    "bankColors": [
      "#414141"
    ],
    "bankCountry": "br",
    "bankSite": "https://www.bancopan.com.br/",
    "bankPhone": "0800 775 8686",
    "formBackgroundColor": "#00c5ff",
    "formBackgroundColors": [
      "#00c5ff",
      "#88daf3"
    ],
    "formBackgroundLightness": "dark",
    "formTextColor": "#302e2e",
    "formLogoScheme": "inverted",
    "formBorderColor": "#323131"
  },
  "br-safra": {
    "bankAlias": "br-safra",
    "bankName": "Safra",
    "bankLocalName": "Safra",
    "bankColor": "#00003c",
    "bankColors": [
      "#00003c"
    ],
    "bankCountry": "br",
    "bankSite": "http://safra.com.br",
    "bankPhone": "0800 770 1236",
    "formBackgroundColor": "#00003c",
    "formBackgroundColors": [
      "#00003c",
      "#5d8090"
    ],
    "formBackgroundLightness": "dark",
    "formTextColor": "#ffffff",
    "formLogoScheme": "inverted",
    "formBorderColor": "#ffffff"
  },
  "br-santander": {
    "bankAlias": "br-santander",
    "bankName": "Santander",
    "bankLocalName": "Santander",
    "bankColor": "#cc0000",
    "bankColors": [
      "#cc0000"
    ],
    "bankCountry": "br",
    "bankSite": "https://www.santander.com.br/",
    "bankPhone": "0800 702 3535",
    "formBackgroundColor": "#cc0000",
    "formBackgroundColors": [
      "#cc0000",
      "#f31616"
    ],
    "formBackgroundLightness": "dark",
    "formTextColor": "#ffffff",
    "formLogoScheme": "inverted",
    "formBorderColor": "#ffffff"
  },
  "br-caixa": {
    "bankAlias": "br-caixa",
    "bankName": "Caixa",
    "bankLocalName": "Caixa",
    "bankColor": "#0066a6",
    "bankColors": [
      "#f18700"
    ],
    "bankCountry": "br",
    "bankSite": "http://caixa.gov.br",
    "bankPhone": "0800 726 0207",
    "formBackgroundColor": "#cbe9f9",
    "formBackgroundColors": [
      "#aadbf9",
      "#ffffff"
    ],
    "formBackgroundLightness": "light",
    "formTextColor": "#052133",
    "formLogoScheme": "original",
    "formBorderColor": "#0a4b74"
  },
  "br-bradesco": {
    "bankAlias": "br-bradesco",
    "bankName": "Bradesco",
    "bankLocalName": "Bradesco",
    "bankColor": "#c50030",
    "bankColors": [
      "#bb1d82"
    ],
    "bankCountry": "br",
    "bankSite": "http://bradesco.com.br/",
    "bankPhone": "0800 704 8383",
    "formBackgroundColor": "#c50030",
    "formBackgroundColors": [
      "#c50030",
      "#bb1d6f"
    ],
    "formBackgroundLightness": "dark",
    "formTextColor": "#ffffff",
    "formLogoScheme": "inverted",
    "formBorderColor": "#ffffff"
  },
  "br-bb": {
    "bankAlias": "br-bb",
    "bankName": "Banco do Brasil",
    "bankLocalName": "Banco do Brasil",
    "bankColor": "#fcfc35",
    "bankColors": [
      "#525dff"
    ],
    "bankCountry": "br",
    "bankSite": "https://www.bb.com.br/",
    "bankPhone": "0800 729 0001",
    "formBackgroundColor": "#fefe94",
    "formBackgroundColors": [
      "#fcfc35",
      "#fafaa7"
    ],
    "formBackgroundLightness": "dark",
    "formTextColor": "#161e87",
    "formLogoScheme": "original",
    "formBorderColor": "#141d9f"
  },
  "br-itau": {
    "bankAlias": "br-itau",
    "bankName": "Itaú Unibanco",
    "bankLocalName": "Itaú Unibanco",
    "bankColor": "#ec7000",
    "bankColors": [
      "#1a5493",
      "#fff212"
    ],
    "bankCountry": "br",
    "bankSite": "https://www.itau.com/",
    "bankPhone": "0800 728 0728",
    "formBackgroundColor": "#fff212",
    "formBackgroundColors": [
      "#fff212",
      "#f3ea55"
    ],
    "formBackgroundLightness": "dark",
    "formTextColor": "#113965",
    "formLogoScheme": "original",
    "formBorderColor": "#0d325b"
  }
}