{
  "400302": "at-raiffeisen",
  "403285": "at-raiffeisen",
  "422093": "at-erste",
  "422210": "at-erste",
  "422211": "at-erste",
  "437100": "at-raiffeisen",
  "454825": "at-unicredit",
  "459087": "at-raiffeisen",
  "459089": "at-raiffeisen",
  "459423": "at-raiffeisen",
  "466555": "at-erste",
  "469696": "at-raiffeisen",
  "478076": "at-raiffeisen",
  "478077": "at-raiffeisen",
  "483797": "at-raiffeisen",
  "490473": "at-erste",
  "490474": "at-erste",
  "498511": "at-raiffeisen",
  "498512": "at-raiffeisen",
  "510492": "at-bawag",
  "513427": "at-erste",
  "516515": "at-bawag",
  "517325": "at-raiffeisen",
  "521512": "at-raiffeisen",
  "522390": "at-raiffeisen",
  "522757": "at-bawag",
  "523437": "at-bawag",
  "523553": "at-raiffeisen",
  "530586": "at-raiffeisen",
  "531610": "at-erste",
  "532542": "at-erste",
  "532544": "at-erste",
  "532546": "at-raiffeisen",
  "542980": "at-raiffeisen",
  "543315": "at-erste",
  "544271": "at-erste",
  "544990": "at-erste",
  "546995": "at-raiffeisen",
  "548400": "at-raiffeisen",
  "558377": "at-raiffeisen"
}