{
  "il-mercantile": {
    "bankAlias": "il-mercantile",
    "bankName": "Mercantile",
    "bankLocalName": "מרכנתיל",
    "bankColor": "#3a880f",
    "bankColors": [
      "#ddce3a"
    ],
    "bankCountry": "il",
    "bankSite": "https://www.fibi.co.il/",
    "bankPhone": "",
    "formBackgroundColor": "#3a880f",
    "formBackgroundColors": [
      "#3a880f",
      "#61db1e"
    ],
    "formBackgroundLightness": "dark",
    "formTextColor": "#ffffff",
    "formLogoScheme": "inverted",
    "formBorderColor": "#ffffff"
  },
  "il-fibi": {
    "bankAlias": "il-fibi",
    "bankName": "First International Bank of Israel",
    "bankLocalName": "הבנק הבינלאומי הראשון בישראל",
    "bankColor": "#ffc10e",
    "bankColors": [
      "#0f2d7b"
    ],
    "bankCountry": "il",
    "bankSite": "https://www.fibi.co.il/",
    "bankPhone": "03-5130031 *3009",
    "formBackgroundColor": "#0f2d7b",
    "formBackgroundColors": [
      "#0f2d7b",
      "#3e6ee3"
    ],
    "formBackgroundLightness": "dark",
    "formTextColor": "#ffffff",
    "formLogoScheme": "inverted",
    "formBorderColor": "#ffffff"
  },
  "il-discountbank": {
    "bankAlias": "il-discountbank",
    "bankName": "Israel Discount Bank",
    "bankLocalName": "בנק דיסקונט לישראל",
    "bankColor": "#3a880f",
    "bankColors": [
      "#3a880f"
    ],
    "bankCountry": "il",
    "bankSite": "https://www.discountbank.co.il/",
    "bankPhone": "",
    "formBackgroundColor": "#3a880f",
    "formBackgroundColors": [
      "#3a880f",
      "#56cc15"
    ],
    "formBackgroundLightness": "dark",
    "formTextColor": "#ffffff",
    "formLogoScheme": "inverted",
    "formBorderColor": "#ffffff"
  },
  "il-mizrahi-tefahot": {
    "bankAlias": "il-mizrahi-tefahot",
    "bankName": "Mizrahi Tefahot ",
    "bankLocalName": "מזרחי-טפחות",
    "bankColor": "#f5821f",
    "bankColors": [
      "#4d555a"
    ],
    "bankCountry": "il",
    "bankSite": "https://www.mizrahi-tefahot.co.il/",
    "bankPhone": "00 972 76-804-8860",
    "formBackgroundColor": "#f5821f",
    "formBackgroundColors": [
      "#f5821f",
      "#dd9941"
    ],
    "formBackgroundLightness": "dark",
    "formTextColor": "#ffffff",
    "formLogoScheme": "inverted",
    "formBorderColor": "#ffffff"
  },
  "il-bankhapoalim": {
    "bankAlias": "il-bankhapoalim",
    "bankName": "Bank Hapoalim",
    "bankLocalName": "Bank Hapoalim",
    "bankColor": "#ed1d24",
    "bankColors": [
      "#53585a"
    ],
    "bankCountry": "il",
    "bankSite": "https://www.bankhapoalim.com/",
    "bankPhone": "+972-3-653-2620",
    "formBackgroundColor": "#ed1d24",
    "formBackgroundColors": [
      "#ed1d24",
      "#d65156"
    ],
    "formBackgroundLightness": "dark",
    "formTextColor": "#ffffff",
    "formLogoScheme": "inverted",
    "formBorderColor": "#ffffff"
  },
  "il-leumi": {
    "bankAlias": "il-leumi",
    "bankName": "Leumi",
    "bankLocalName": "לאומי",
    "bankColor": "#0a4f9d",
    "bankColors": [
      "#27aae2"
    ],
    "bankCountry": "il",
    "bankSite": "https://www.leumi.co.il/",
    "bankPhone": "03-9545522 *5522",
    "formBackgroundColor": "#d8edf4",
    "formBackgroundColors": [
      "#d8edf4",
      "#f6f8fa"
    ],
    "formBackgroundLightness": "light",
    "formTextColor": "#08172e",
    "formLogoScheme": "original",
    "formBorderColor": "#0c3259"
  }
}