{
  "ca-bmo": {
    "bankAlias": "ca-bmo",
    "bankName": "Bank of Montreal",
    "bankLocalName": "Bank of Montreal",
    "bankColor": "#0075be",
    "bankColors": [
      "#0075be",
      "#ed1c24"
    ],
    "bankCountry": "ca",
    "bankSite": "https://www.bmo.com/",
    "bankPhone": "1-844-837-9228",
    "formBackgroundColor": "#0075be",
    "formBackgroundColors": [
      "#2badff",
      "#0075be"
    ],
    "formBackgroundLightness": "dark",
    "formTextColor": "#ffffff",
    "formLogoScheme": "inverted",
    "formBorderColor": "#000000"
  },
  "ca-scotiabank": {
    "bankAlias": "ca-scotiabank",
    "bankName": "Scotiabank",
    "bankLocalName": "Scotiabank",
    "bankColor": "#ed0722",
    "bankColors": [
      "#ed0722",
      "#ffffff"
    ],
    "bankCountry": "ca",
    "bankSite": "https://www.scotiabank.com/",
    "bankPhone": "1-800-645-0288",
    "formBackgroundColor": "#ed0722",
    "formBackgroundColors": [
      "#ed0722",
      "#fc4f4f"
    ],
    "formBackgroundLightness": "dark",
    "formTextColor": "#ffffff",
    "formLogoScheme": "inverted",
    "formBorderColor": "#000000"
  },
  "ca-td": {
    "bankAlias": "ca-td",
    "bankName": "Toronto-Dominion Bank\t",
    "bankLocalName": "Toronto-Dominion Bank\t",
    "bankColor": "#008a00",
    "bankColors": [
      "#008a00"
    ],
    "bankCountry": "ca",
    "bankSite": "https://www.td.com/",
    "bankPhone": "1-800-667-6299",
    "formBackgroundColor": "#008a00",
    "formBackgroundColors": [
      "#008a00",
      "#14bd14"
    ],
    "formBackgroundLightness": "dark",
    "formTextColor": "#ffffff",
    "formLogoScheme": "inverted",
    "formBorderColor": "#000000"
  },
  "ca-royal": {
    "bankAlias": "ca-royal",
    "bankName": "Royal Bank of Canada",
    "bankLocalName": "Royal Bank of Canada",
    "bankColor": "#006ac3",
    "bankColors": [
      "#006ac3",
      "#fedf01"
    ],
    "bankCountry": "ca",
    "bankSite": "https://www.rbc.com/",
    "bankPhone": "",
    "formBackgroundColor": "#006ac3",
    "formBackgroundColors": [
      "#006ac3",
      "#4990cc"
    ],
    "formBackgroundLightness": "dark",
    "formTextColor": "#ffffff",
    "formLogoScheme": "inverted",
    "formBorderColor": "#000000"
  },
  "ca-cibc": {
    "bankAlias": "ca-cibc",
    "bankName": "Canadian Imperial Bank of Commerce",
    "bankLocalName": "Canadian Imperial Bank of Commerce",
    "bankColor": "#af0b1c",
    "bankColors": [
      "#af0b1c",
      "#fdce01"
    ],
    "bankCountry": "ca",
    "bankSite": "https://www.cibc.com/",
    "bankPhone": "",
    "formBackgroundColor": "#af0b1c",
    "formBackgroundColors": [
      "#af0b1c",
      "#fdce01"
    ],
    "formBackgroundLightness": "dark",
    "formTextColor": "#ffffff",
    "formLogoScheme": "inverted",
    "formBorderColor": "#000000"
  },
  "ca-nbc": {
    "bankAlias": "ca-nbc",
    "bankName": "National Bank of Canada\t",
    "bankLocalName": "National Bank of Canada\t",
    "bankColor": "#e41c23",
    "bankColors": [
      "#e41c23"
    ],
    "bankCountry": "ca",
    "bankSite": "https://www.nbc.ca/",
    "bankPhone": "1‑888‑835‑6281",
    "formBackgroundColor": "#e41c23",
    "formBackgroundColors": [
      "#e41c23",
      "#e66a6e"
    ],
    "formBackgroundLightness": "dark",
    "formTextColor": "#ffffff",
    "formLogoScheme": "inverted",
    "formBorderColor": "#000000"
  },
  "ca-desjardins": {
    "bankAlias": "ca-desjardins",
    "bankName": "Desjardins",
    "bankLocalName": "Desjardins",
    "bankColor": "#00874e",
    "bankColors": [
      "#00874e"
    ],
    "bankCountry": "ca",
    "bankSite": "https://www.desjardins.com/",
    "bankPhone": "",
    "formBackgroundColor": "#00874e",
    "formBackgroundColors": [
      "#00874e",
      "#17bd79"
    ],
    "formBackgroundLightness": "dark",
    "formTextColor": "#ffffff",
    "formLogoScheme": "inverted",
    "formBorderColor": "#000000"
  },
  "ca-hsbc": {
    "bankAlias": "ca-hsbc",
    "bankName": "HSBC Bank Canada\t",
    "bankLocalName": "HSBC Bank Canada\t",
    "bankColor": "#db0011",
    "bankColors": [
      "#db0011",
      "#000000"
    ],
    "bankCountry": "ca",
    "bankSite": "https://www.hsbc.ca/",
    "bankPhone": "1-888-310-4722",
    "formBackgroundColor": "#db0011",
    "formBackgroundColors": [
      "#db0011",
      "#fd4d5b"
    ],
    "formBackgroundLightness": "dark",
    "formTextColor": "#ffffff",
    "formLogoScheme": "inverted",
    "formBorderColor": "#000000"
  }
}