{
  "375414": "au-commonwealth",
  "375415": "au-commonwealth",
  "375416": "au-commonwealth",
  "376020": "au-ae",
  "376021": "au-ae",
  "376022": "au-ae",
  "376023": "au-ae",
  "376024": "au-ae",
  "376025": "au-ae",
  "376026": "au-ae",
  "376027": "au-ae",
  "376028": "au-ae",
  "376029": "au-ae",
  "376051": "au-ae",
  "376052": "au-ae",
  "376053": "au-ae",
  "376054": "au-ae",
  "376055": "au-ae",
  "376056": "au-ae",
  "376057": "au-ae",
  "376058": "au-ae",
  "376059": "au-ae",
  "376077": "au-ae",
  "376078": "au-ae",
  "376079": "au-ae",
  "376090": "au-ae",
  "376091": "au-ae",
  "376092": "au-ae",
  "376093": "au-ae",
  "376094": "au-ae",
  "376095": "au-ae",
  "376096": "au-ae",
  "376097": "au-ae",
  "376098": "au-ae",
  "376099": "au-ae",
  "376864": "au-ae",
  "377704": "au-azn",
  "377707": "au-azn",
  "377708": "au-azn",
  "377709": "au-azn",
  "377714": "au-azn",
  "377719": "au-azn",
  "377724": "au-azn",
  "377725": "au-azn",
  "377726": "au-azn",
  "377727": "au-azn",
  "377728": "au-azn",
  "377729": "au-azn",
  "377734": "au-azn",
  "377744": "au-azn",
  "377756": "au-azn",
  "377759": "au-azn",
  "377760": "au-azn",
  "377761": "au-azn",
  "377762": "au-azn",
  "377763": "au-azn",
  "377764": "au-azn",
  "377765": "au-azn",
  "377766": "au-azn",
  "377767": "au-azn",
  "377768": "au-azn",
  "377769": "au-azn",
  "377773": "au-azn",
  "377774": "au-azn",
  "377775": "au-azn",
  "377776": "au-azn",
  "377840": "au-ae",
  "377841": "au-ae",
  "377849": "au-ae",
  "377850": "au-westpac",
  "377851": "au-westpac",
  "377852": "au-westpac",
  "377860": "au-citi",
  "377861": "au-ae",
  "377875": "au-nab",
  "377876": "au-nab",
  "377877": "au-nab",
  "377878": "au-nab",
  "377879": "au-nab",
  "377951": "au-ae",
  "377952": "au-ae",
  "377953": "au-ae",
  "377954": "au-ae",
  "377955": "au-ae",
  "377956": "au-ae",
  "377957": "au-ae",
  "377958": "au-ae",
  "377974": "au-ae",
  "377975": "au-ae",
  "377976": "au-ae",
  "377977": "au-ae",
  "379226": "au-commonwealth",
  "379227": "au-commonwealth",
  "379228": "au-commonwealth",
  "379229": "au-commonwealth",
  "379935": "au-azn",
  "379936": "au-westpac",
  "379950": "au-commonwealth",
  "379951": "au-commonwealth",
  "379952": "au-commonwealth",
  "379953": "au-commonwealth",
  "379954": "au-commonwealth",
  "379955": "au-commonwealth",
  "379956": "au-commonwealth",
  "400467": "au-westpac",
  "401739": "au-westpac",
  "401740": "au-nab",
  "401785": "au-nab",
  "401795": "au-nab",
  "402655": "au-hsbc",
  "403353": "au-westpac",
  "403354": "au-westpac",
  "403747": "au-commonwealth",
  "404721": "au-heritage",
  "404722": "au-heritage",
  "404723": "au-heritage",
  "405221": "au-commonwealth",
  "405497": "au-heritage",
  "405498": "au-heritage",
  "406338": "au-commonwealth",
  "406339": "au-commonwealth",
  "406340": "au-commonwealth",
  "406471": "au-heritage",
  "406472": "au-heritage",
  "406587": "au-commonwealth",
  "406589": "au-commonwealth",
  "407220": "au-azn",
  "407264": "au-heritage",
  "407282": "au-bendigo",
  "407299": "au-bendigo",
  "408856": "au-heritage",
  "409771": "au-heritage",
  "409772": "au-heritage",
  "409773": "au-heritage",
  "409774": "au-heritage",
  "410047": "au-commonwealth",
  "410048": "au-commonwealth",
  "410049": "au-commonwealth",
  "410050": "au-commonwealth",
  "410051": "au-commonwealth",
  "412926": "au-citi",
  "412978": "au-bendigo",
  "413542": "au-heritage",
  "414726": "au-citi",
  "418223": "au-bendigo",
  "419989": "au-westpac",
  "421198": "au-citi",
  "421529": "au-heritage",
  "421646": "au-heritage",
  "421699": "au-heritage",
  "421841": "au-westpac",
  "421846": "au-westpac",
  "421852": "au-westpac",
  "421859": "au-westpac",
  "424537": "au-hsbc",
  "424934": "au-heritage",
  "425135": "au-bendigo",
  "426529": "au-heritage",
  "426530": "au-heritage",
  "426534": "au-citi",
  "426556": "au-hsbc",
  "426557": "au-hsbc",
  "426558": "au-hsbc",
  "428202": "au-nab",
  "428203": "au-nab",
  "428204": "au-nab",
  "428205": "au-nab",
  "428206": "au-nab",
  "428314": "au-azn",
  "428315": "au-azn",
  "428316": "au-azn",
  "428317": "au-azn",
  "428318": "au-azn",
  "428665": "au-azn",
  "429317": "au-westpac",
  "429318": "au-westpac",
  "429348": "au-westpac",
  "429349": "au-westpac",
  "430330": "au-nab",
  "430482": "au-citi",
  "431239": "au-citi",
  "431240": "au-citi",
  "431491": "au-westpac",
  "431492": "au-westpac",
  "431493": "au-westpac",
  "431494": "au-westpac",
  "431495": "au-westpac",
  "431496": "au-westpac",
  "433687": "au-nab",
  "433696": "au-hsbc",
  "433770": "au-bendigo",
  "434400": "au-azn",
  "434401": "au-nab",
  "434404": "au-azn",
  "434412": "au-azn",
  "434413": "au-nab",
  "434416": "au-westpac",
  "434417": "au-azn",
  "434968": "au-queensland",
  "436332": "au-azn",
  "436355": "au-heritage",
  "436357": "au-heritage",
  "436358": "au-heritage",
  "436392": "au-azn",
  "436396": "au-azn",
  "436551": "au-heritage",
  "436559": "au-heritage",
  "436755": "au-nab",
  "437381": "au-hsbc",
  "437746": "au-heritage",
  "437747": "au-heritage",
  "437758": "au-nab",
  "437789": "au-commonwealth",
  "437963": "au-azn",
  "437966": "au-azn",
  "437967": "au-azn",
  "437970": "au-azn",
  "437971": "au-azn",
  "437972": "au-azn",
  "437973": "au-azn",
  "438234": "au-azn",
  "439239": "au-citi",
  "439240": "au-citi",
  "439241": "au-citi",
  "439242": "au-citi",
  "439755": "au-azn",
  "440493": "au-commonwealth",
  "442412": "au-citi",
  "442418": "au-heritage",
  "445088": "au-heritage",
  "449483": "au-commonwealth",
  "450512": "au-azn",
  "450539": "au-azn",
  "450540": "au-azn",
  "450541": "au-azn",
  "450542": "au-azn",
  "450586": "au-azn",
  "450605": "au-bendigo",
  "450912": "au-azn",
  "450913": "au-azn",
  "450927": "au-azn",
  "450949": "au-azn",
  "450986": "au-azn",
  "451177": "au-westpac",
  "451809": "au-nab",
  "451812": "au-nab",
  "451813": "au-nab",
  "451814": "au-nab",
  "451829": "au-commonwealth",
  "451856": "au-westpac",
  "453030": "au-nab",
  "453224": "au-commonwealth",
  "454605": "au-citi",
  "454868": "au-westpac",
  "454869": "au-westpac",
  "454870": "au-westpac",
  "454876": "au-westpac",
  "455438": "au-heritage",
  "455439": "au-heritage",
  "455440": "au-heritage",
  "455591": "au-westpac",
  "455701": "au-nab",
  "455702": "au-nab",
  "455703": "au-nab",
  "455704": "au-nab",
  "456003": "au-azn",
  "456004": "au-azn",
  "456007": "au-azn",
  "456019": "au-azn",
  "456020": "au-azn",
  "456021": "au-azn",
  "456022": "au-azn",
  "456023": "au-azn",
  "456024": "au-azn",
  "456025": "au-azn",
  "456030": "au-azn",
  "456053": "au-azn",
  "456056": "au-azn",
  "456075": "au-azn",
  "456084": "au-azn",
  "456099": "au-azn",
  "456403": "au-westpac",
  "456404": "au-commonwealth",
  "456409": "au-commonwealth",
  "456436": "au-bendigo",
  "456440": "au-commonwealth",
  "456442": "au-commonwealth",
  "456443": "au-bendigo",
  "456445": "au-azn",
  "456446": "au-commonwealth",
  "456448": "au-citi",
  "456453": "au-azn",
  "456454": "au-commonwealth",
  "456456": "au-bendigo",
  "456461": "au-azn",
  "456462": "au-azn",
  "456463": "au-azn",
  "456464": "au-azn",
  "456465": "au-azn",
  "456466": "au-azn",
  "456467": "au-azn",
  "456468": "au-azn",
  "456469": "au-azn",
  "456471": "au-westpac",
  "456472": "au-westpac",
  "456480": "au-azn",
  "456482": "au-commonwealth",
  "456487": "au-citi",
  "456489": "au-bendigo",
  "456497": "au-commonwealth",
  "456498": "au-bendigo",
  "456543": "au-bendigo",
  "456555": "au-azn",
  "457435": "au-westpac",
  "457543": "au-heritage",
  "457544": "au-heritage",
  "457545": "au-heritage",
  "457546": "au-heritage",
  "457547": "au-heritage",
  "458570": "au-azn",
  "458594": "au-hsbc",
  "458595": "au-hsbc",
  "458800": "au-westpac",
  "458814": "au-commonwealth",
  "458858": "au-queensland",
  "460198": "au-commonwealth",
  "461744": "au-bendigo",
  "461756": "au-azn",
  "461757": "au-westpac",
  "462201": "au-azn",
  "462204": "au-azn",
  "462205": "au-azn",
  "462207": "au-azn",
  "462208": "au-azn",
  "462213": "au-azn",
  "462216": "au-azn",
  "462217": "au-azn",
  "462218": "au-azn",
  "462219": "au-azn",
  "462221": "au-azn",
  "462227": "au-azn",
  "462230": "au-azn",
  "462231": "au-azn",
  "462232": "au-azn",
  "462239": "au-azn",
  "462248": "au-azn",
  "462249": "au-azn",
  "462250": "au-azn",
  "462251": "au-azn",
  "462253": "au-azn",
  "462254": "au-azn",
  "462260": "au-azn",
  "462266": "au-azn",
  "462289": "au-azn",
  "462290": "au-azn",
  "462291": "au-azn",
  "462292": "au-azn",
  "462293": "au-azn",
  "462294": "au-azn",
  "462295": "au-azn",
  "462296": "au-azn",
  "462297": "au-azn",
  "462298": "au-azn",
  "462299": "au-azn",
  "462871": "au-azn",
  "462872": "au-azn",
  "462873": "au-azn",
  "462874": "au-azn",
  "462875": "au-azn",
  "462876": "au-azn",
  "462878": "au-azn",
  "463171": "au-westpac",
  "463172": "au-westpac",
  "463173": "au-westpac",
  "463174": "au-westpac",
  "463175": "au-westpac",
  "463176": "au-westpac",
  "463177": "au-westpac",
  "463775": "au-heritage",
  "463777": "au-heritage",
  "463796": "au-citi",
  "463797": "au-citi",
  "463925": "au-nab",
  "463978": "au-queensland",
  "464034": "au-azn",
  "464035": "au-azn",
  "464037": "au-westpac",
  "464038": "au-westpac",
  "464080": "au-westpac",
  "464081": "au-westpac",
  "464082": "au-westpac",
  "464491": "au-azn",
  "464579": "au-azn",
  "464941": "au-azn",
  "466565": "au-commonwealth",
  "467847": "au-citi",
  "468230": "au-westpac",
  "468231": "au-westpac",
  "468524": "au-citi",
  "468525": "au-citi",
  "468747": "au-heritage",
  "468787": "au-azn",
  "468788": "au-azn",
  "468974": "au-heritage",
  "469350": "au-azn",
  "469351": "au-azn",
  "469352": "au-azn",
  "469527": "au-westpac",
  "469528": "au-westpac",
  "469529": "au-westpac",
  "470550": "au-azn",
  "470551": "au-azn",
  "470552": "au-azn",
  "470610": "au-azn",
  "470611": "au-azn",
  "470612": "au-azn",
  "471514": "au-azn",
  "471527": "au-nab",
  "471572": "au-westpac",
  "472236": "au-westpac",
  "472253": "au-heritage",
  "472302": "au-heritage",
  "472436": "au-citi",
  "472477": "au-citi",
  "472730": "au-westpac",
  "472741": "au-westpac",
  "474280": "au-heritage",
  "474838": "au-heritage",
  "474839": "au-heritage",
  "474855": "au-heritage",
  "476048": "au-azn",
  "476581": "au-hsbc",
  "476618": "au-westpac",
  "479806": "au-westpac",
  "480274": "au-azn",
  "481261": "au-westpac",
  "481267": "au-westpac",
  "481268": "au-westpac",
  "481269": "au-westpac",
  "481270": "au-westpac",
  "481271": "au-westpac",
  "481363": "au-citi",
  "482111": "au-commonwealth",
  "482112": "au-commonwealth",
  "482114": "au-commonwealth",
  "482115": "au-commonwealth",
  "482116": "au-commonwealth",
  "482118": "au-commonwealth",
  "482120": "au-commonwealth",
  "482121": "au-commonwealth",
  "483027": "au-citi",
  "483028": "au-azn",
  "483531": "au-azn",
  "484062": "au-azn",
  "485984": "au-citi",
  "486271": "au-heritage",
  "486277": "au-westpac",
  "486491": "au-citi",
  "486501": "au-citi",
  "488923": "au-westpac",
  "488949": "au-citi",
  "488950": "au-citi",
  "489028": "au-westpac",
  "489312": "au-hsbc",
  "489313": "au-hsbc",
  "490292": "au-nab",
  "494052": "au-commonwealth",
  "494053": "au-commonwealth",
  "494952": "au-commonwealth",
  "494953": "au-commonwealth",
  "496629": "au-nab",
  "501008": "au-westpac",
  "507729": "au-azn",
  "511958": "au-westpac",
  "512127": "au-commonwealth",
  "512172": "au-commonwealth",
  "512217": "au-commonwealth",
  "512218": "au-commonwealth",
  "512219": "au-commonwealth",
  "512220": "au-commonwealth",
  "513340": "au-azn",
  "514045": "au-azn",
  "514250": "au-commonwealth",
  "515295": "au-bendigo",
  "515471": "au-citi",
  "515527": "au-commonwealth",
  "516000": "au-westpac",
  "516127": "au-westpac",
  "516133": "au-westpac",
  "516144": "au-westpac",
  "516158": "au-westpac",
  "516163": "au-westpac",
  "516169": "au-westpac",
  "516171": "au-westpac",
  "516181": "au-westpac",
  "516186": "au-westpac",
  "516201": "au-westpac",
  "516202": "au-westpac",
  "516205": "au-westpac",
  "516209": "au-westpac",
  "516212": "au-westpac",
  "516218": "au-westpac",
  "516227": "au-westpac",
  "516228": "au-westpac",
  "516232": "au-westpac",
  "516241": "au-westpac",
  "516244": "au-westpac",
  "516246": "au-westpac",
  "516255": "au-westpac",
  "516265": "au-westpac",
  "516268": "au-westpac",
  "516271": "au-westpac",
  "516274": "au-westpac",
  "516276": "au-westpac",
  "516279": "au-westpac",
  "516285": "au-westpac",
  "516298": "au-westpac",
  "516300": "au-westpac",
  "516305": "au-westpac",
  "516310": "au-westpac",
  "516315": "au-westpac",
  "516319": "au-westpac",
  "516320": "au-westpac",
  "516321": "au-westpac",
  "516322": "au-westpac",
  "516323": "au-westpac",
  "516324": "au-westpac",
  "516325": "au-westpac",
  "516326": "au-westpac",
  "516328": "au-westpac",
  "516329": "au-westpac",
  "516330": "au-westpac",
  "516335": "au-westpac",
  "516337": "au-westpac",
  "516338": "au-westpac",
  "516339": "au-westpac",
  "516340": "au-westpac",
  "516345": "au-westpac",
  "516349": "au-westpac",
  "516350": "au-westpac",
  "516355": "au-westpac",
  "516359": "au-westpac",
  "516360": "au-westpac",
  "516361": "au-westpac",
  "516364": "au-westpac",
  "516365": "au-westpac",
  "516366": "au-westpac",
  "516369": "au-westpac",
  "516370": "au-westpac",
  "516375": "au-westpac",
  "516379": "au-westpac",
  "516380": "au-westpac",
  "516385": "au-westpac",
  "516389": "au-westpac",
  "516390": "au-westpac",
  "516391": "au-westpac",
  "516414": "au-westpac",
  "516436": "au-westpac",
  "516443": "au-westpac",
  "516468": "au-westpac",
  "516469": "au-westpac",
  "516476": "au-westpac",
  "516482": "au-westpac",
  "516484": "au-westpac",
  "516486": "au-westpac",
  "516490": "au-westpac",
  "516494": "au-westpac",
  "516498": "au-westpac",
  "516502": "au-westpac",
  "516506": "au-westpac",
  "516510": "au-westpac",
  "516514": "au-westpac",
  "516518": "au-westpac",
  "516519": "au-westpac",
  "516522": "au-westpac",
  "516526": "au-westpac",
  "516529": "au-westpac",
  "516530": "au-westpac",
  "516534": "au-westpac",
  "516538": "au-westpac",
  "516541": "au-westpac",
  "516544": "au-westpac",
  "516547": "au-westpac",
  "516550": "au-westpac",
  "516553": "au-westpac",
  "516556": "au-westpac",
  "516558": "au-westpac",
  "516560": "au-westpac",
  "516562": "au-westpac",
  "516563": "au-westpac",
  "516564": "au-westpac",
  "516584": "au-westpac",
  "516601": "au-westpac",
  "516609": "au-westpac",
  "516618": "au-westpac",
  "516621": "au-westpac",
  "516623": "au-westpac",
  "516628": "au-westpac",
  "516636": "au-westpac",
  "516653": "au-westpac",
  "516664": "au-westpac",
  "516667": "au-westpac",
  "516671": "au-westpac",
  "516677": "au-westpac",
  "516747": "au-westpac",
  "516764": "au-westpac",
  "516767": "au-westpac",
  "516770": "au-westpac",
  "516771": "au-westpac",
  "516772": "au-westpac",
  "516774": "au-westpac",
  "516775": "au-westpac",
  "516778": "au-westpac",
  "516779": "au-westpac",
  "516805": "au-westpac",
  "516806": "au-westpac",
  "516829": "au-westpac",
  "516839": "au-westpac",
  "516842": "au-westpac",
  "516876": "au-westpac",
  "516884": "au-westpac",
  "516900": "au-westpac",
  "516921": "au-westpac",
  "516952": "au-westpac",
  "516953": "au-westpac",
  "516992": "au-westpac",
  "516997": "au-commonwealth",
  "516999": "au-westpac",
  "517329": "au-commonwealth",
  "517369": "au-commonwealth",
  "517370": "au-commonwealth",
  "517377": "au-commonwealth",
  "517399": "au-commonwealth",
  "517437": "au-commonwealth",
  "517443": "au-commonwealth",
  "517692": "au-westpac",
  "517694": "au-westpac",
  "517747": "au-commonwealth",
  "517830": "au-nab",
  "517831": "au-nab",
  "517832": "au-nab",
  "517833": "au-nab",
  "517849": "au-azn",
  "517969": "au-citi",
  "517983": "au-citi",
  "518012": "au-westpac",
  "518182": "au-westpac",
  "518193": "au-azn",
  "518206": "au-westpac",
  "518246": "au-nab",
  "518247": "au-nab",
  "518248": "au-nab",
  "518249": "au-nab",
  "518250": "au-nab",
  "518638": "au-azn",
  "518732": "au-azn",
  "518840": "au-bendigo",
  "518868": "au-bendigo",
  "519244": "au-bendigo",
  "519247": "au-commonwealth",
  "519248": "au-citi",
  "519915": "au-commonwealth",
  "520776": "au-commonwealth",
  "520789": "au-commonwealth",
  "520790": "au-commonwealth",
  "520792": "au-commonwealth",
  "520793": "au-commonwealth",
  "520794": "au-commonwealth",
  "520795": "au-commonwealth",
  "520796": "au-commonwealth",
  "520798": "au-commonwealth",
  "521552": "au-citi",
  "521700": "au-commonwealth",
  "521719": "au-commonwealth",
  "521729": "au-commonwealth",
  "521742": "au-commonwealth",
  "521758": "au-commonwealth",
  "521773": "au-commonwealth",
  "521776": "au-commonwealth",
  "521780": "au-commonwealth",
  "521792": "au-commonwealth",
  "521796": "au-commonwealth",
  "521797": "au-commonwealth",
  "521798": "au-commonwealth",
  "521799": "au-commonwealth",
  "522700": "au-heritage",
  "522940": "au-commonwealth",
  "522961": "au-westpac",
  "522980": "au-commonwealth",
  "523101": "au-heritage",
  "523744": "au-citi",
  "523748": "au-commonwealth",
  "524039": "au-citi",
  "524066": "au-citi",
  "524309": "au-citi",
  "524763": "au-westpac",
  "524764": "au-westpac",
  "524765": "au-westpac",
  "524766": "au-westpac",
  "524767": "au-westpac",
  "524768": "au-westpac",
  "524769": "au-westpac",
  "524980": "au-azn",
  "524981": "au-azn",
  "524982": "au-azn",
  "524983": "au-azn",
  "524984": "au-azn",
  "524985": "au-azn",
  "525639": "au-azn",
  "526140": "au-citi",
  "526193": "au-hsbc",
  "526259": "au-commonwealth",
  "526553": "au-queensland",
  "526879": "au-citi",
  "526901": "au-citi",
  "527394": "au-commonwealth",
  "527494": "au-commonwealth",
  "528013": "au-commonwealth",
  "528913": "au-azn",
  "529087": "au-heritage",
  "529512": "au-azn",
  "529523": "au-azn",
  "529529": "au-commonwealth",
  "529537": "au-commonwealth",
  "529757": "au-citi",
  "531350": "au-nab",
  "531355": "au-nab",
  "531356": "au-nab",
  "531357": "au-nab",
  "531358": "au-nab",
  "531359": "au-nab",
  "531564": "au-commonwealth",
  "531683": "au-commonwealth",
  "531940": "au-bendigo",
  "532655": "au-commonwealth",
  "532737": "au-commonwealth",
  "532874": "au-hsbc",
  "532998": "au-commonwealth",
  "533264": "au-macquarie",
  "533270": "au-bendigo",
  "533828": "au-commonwealth",
  "533831": "au-commonwealth",
  "533838": "au-commonwealth",
  "534930": "au-citi",
  "534971": "au-citi",
  "535310": "au-commonwealth",
  "535311": "au-commonwealth",
  "535312": "au-commonwealth",
  "535316": "au-commonwealth",
  "535317": "au-commonwealth",
  "535318": "au-commonwealth",
  "535319": "au-commonwealth",
  "535340": "au-commonwealth",
  "535383": "au-citi",
  "535397": "au-bendigo",
  "537150": "au-commonwealth",
  "537196": "au-commonwealth",
  "538607": "au-heritage",
  "538634": "au-heritage",
  "538635": "au-heritage",
  "538636": "au-heritage",
  "538639": "au-nab",
  "538646": "au-heritage",
  "538647": "au-heritage",
  "538649": "au-heritage",
  "538651": "au-heritage",
  "540215": "au-azn",
  "540224": "au-westpac",
  "540482": "au-commonwealth",
  "540621": "au-citi",
  "540916": "au-bendigo",
  "542478": "au-commonwealth",
  "542602": "au-hsbc",
  "542613": "au-hsbc",
  "542672": "au-hsbc",
  "542696": "au-hsbc",
  "542741": "au-hsbc",
  "542754": "au-hsbc",
  "543048": "au-azn",
  "543049": "au-commonwealth",
  "543060": "au-citi",
  "543169": "au-macquarie",
  "543568": "au-commonwealth",
  "543604": "au-citi",
  "543793": "au-westpac",
  "544198": "au-bendigo",
  "544325": "au-azn",
  "544588": "au-bendigo",
  "545395": "au-commonwealth",
  "545686": "au-commonwealth",
  "545915": "au-westpac",
  "546014": "au-westpac",
  "546037": "au-westpac",
  "546480": "au-westpac",
  "546827": "au-azn",
  "546828": "au-azn",
  "547383": "au-commonwealth",
  "548002": "au-westpac",
  "548171": "au-commonwealth",
  "548846": "au-azn",
  "548847": "au-azn",
  "549550": "au-westpac",
  "550017": "au-azn",
  "550200": "au-citi",
  "550201": "au-citi",
  "550256": "au-commonwealth",
  "550282": "au-commonwealth",
  "551958": "au-westpac",
  "552033": "au-commonwealth",
  "552060": "au-citi",
  "552350": "au-commonwealth",
  "552351": "au-commonwealth",
  "552411": "au-commonwealth",
  "552416": "au-citi",
  "552446": "au-citi",
  "552638": "au-bendigo",
  "552927": "au-citi",
  "553019": "au-commonwealth",
  "553020": "au-bendigo",
  "553132": "au-azn",
  "553191": "au-citi",
  "553192": "au-citi",
  "553194": "au-citi",
  "553205": "au-commonwealth",
  "553206": "au-commonwealth",
  "553386": "au-citi",
  "554584": "au-hsbc",
  "555001": "au-nab",
  "555003": "au-westpac",
  "555005": "au-commonwealth",
  "555019": "au-citi",
  "555048": "au-commonwealth",
  "555356": "au-hsbc",
  "556334": "au-citi",
  "556336": "au-citi",
  "558320": "au-commonwealth",
  "558321": "au-commonwealth",
  "558388": "au-nab",
  "558601": "au-commonwealth",
  "558602": "au-commonwealth",
  "558701": "au-commonwealth",
  "558850": "au-commonwealth",
  "559738": "au-citi",
  "559739": "au-citi",
  "559740": "au-citi",
  "559741": "au-citi",
  "560192": "au-westpac",
  "560251": "au-nab",
  "560258": "au-queensland",
  "560299": "au-citi",
  "579894": "au-heritage",
  "579895": "au-heritage",
  "579934": "au-heritage",
  "579973": "au-bendigo",
  "579974": "au-bendigo",
  "600150": "au-heritage",
  "603841": "au-heritage",
  "606179": "au-commonwealth",
  "628000": "au-heritage",
  "633791": "au-commonwealth"
}